caregiver_id,day_of_week,start_time,end_time,is_available
1,Thu,09:00,18:00,True
1,Wed,09:00,13:00,True
1,Sun,13:00,18:00,True
1,Fri,08:00,12:00,True
1,Mon,08:00,21:00,True
1,Sat,14:00,21:00,True
2,Wed,09:00,13:00,True
2,Mon,14:00,21:00,True
2,Thu,08:00,12:00,True
2,Sat,13:00,18:00,True
2,Tue,09:00,13:00,True
2,Sun,08:00,12:00,True
3,Mon,09:00,13:00,True
3,Sun,09:00,13:00,True
3,Wed,09:00,18:00,True
4,Sat,09:00,13:00,True
4,Fri,08:00,21:00,True
4,Sun,09:00,13:00,True
5,Thu,08:00,21:00,True
5,Sun,14:00,21:00,True
5,Mon,13:00,18:00,True
6,Mon,08:00,21:00,True
6,Wed,09:00,13:00,True
6,Fri,08:00,21:00,True
6,Sat,14:00,21:00,True
7,Wed,14:00,21:00,True
7,Sun,09:00,18:00,True
7,Fri,14:00,21:00,True
8,Thu,13:00,18:00,True
8,Wed,09:00,18:00,True
8,Tue,13:00,18:00,True
8,Sun,08:00,12:00,True
8,Sat,08:00,21:00,True
8,Fri,14:00,21:00,True
9,Sat,08:00,12:00,True
9,Thu,08:00,21:00,True
9,Wed,13:00,18:00,True
9,Sun,09:00,18:00,True
10,Tue,08:00,21:00,True
10,Mon,13:00,18:00,True
10,Sun,13:00,18:00,True
11,Mon,09:00,18:00,True
11,Sun,14:00,21:00,True
11,Tue,09:00,18:00,True
11,Thu,08:00,12:00,True
12,Mon,09:00,18:00,True
12,Sat,09:00,18:00,True
12,Wed,13:00,18:00,True
12,Fri,13:00,18:00,True
12,Thu,09:00,13:00,True
12,Sun,08:00,21:00,True
13,Fri,09:00,13:00,True
13,Sun,09:00,18:00,True
13,Wed,08:00,12:00,True
13,Thu,08:00,12:00,True
13,Sat,13:00,18:00,True
14,Thu,09:00,18:00,True
14,Fri,09:00,13:00,True
14,Mon,13:00,18:00,True
14,Sat,09:00,13:00,True
15,Fri,09:00,18:00,True
15,Sat,09:00,18:00,True
15,Tue,09:00,13:00,True
16,Thu,13:00,18:00,True
16,Sat,08:00,21:00,True
16,Fri,13:00,18:00,True
17,Fri,13:00,18:00,True
17,Tue,14:00,21:00,True
17,Wed,09:00,13:00,True
17,Sun,13:00,18:00,True
17,Thu,09:00,18:00,True
18,Sun,09:00,13:00,True
18,Tue,09:00,13:00,True
18,Wed,14:00,21:00,True
18,Fri,09:00,18:00,True
19,Wed,13:00,18:00,True
19,Fri,08:00,21:00,True
19,Mon,13:00,18:00,True
19,Sat,14:00,21:00,True
19,Tue,13:00,18:00,True
19,Thu,08:00,12:00,True
20,Tue,13:00,18:00,True
20,Mon,13:00,18:00,True
20,Thu,09:00,18:00,True
21,Fri,08:00,21:00,True
21,Wed,13:00,18:00,True
21,Tue,09:00,18:00,True
21,Thu,13:00,18:00,True
21,Sat,09:00,18:00,True
22,Wed,09:00,18:00,True
22,Sat,14:00,21:00,True
22,Fri,09:00,13:00,True
22,Tue,09:00,18:00,True
22,Sun,08:00,21:00,True
22,Mon,08:00,21:00,True
23,Fri,09:00,18:00,True
23,Sun,09:00,13:00,True
23,Thu,09:00,18:00,True
23,Mon,13:00,18:00,True
23,Wed,08:00,21:00,True
23,Sat,14:00,21:00,True
24,Fri,08:00,21:00,True
24,Wed,09:00,13:00,True
24,Tue,08:00,21:00,True
24,Sat,08:00,21:00,True
24,Sun,14:00,21:00,True
25,Wed,13:00,18:00,True
25,Mon,14:00,21:00,True
25,Sun,08:00,21:00,True
25,Sat,13:00,18:00,True
26,Mon,08:00,21:00,True
26,Sun,14:00,21:00,True
26,Thu,08:00,12:00,True
26,Wed,08:00,21:00,True
27,Sun,09:00,13:00,True
27,Mon,09:00,18:00,True
27,Fri,08:00,21:00,True
28,Wed,08:00,12:00,True
28,Fri,13:00,18:00,True
28,Sat,13:00,18:00,True
29,Sat,09:00,18:00,True
29,Tue,08:00,21:00,True
29,Mon,09:00,13:00,True
29,Wed,09:00,13:00,True
29,Sun,09:00,18:00,True
30,Wed,08:00,21:00,True
30,Sun,13:00,18:00,True
30,Fri,08:00,21:00,True
30,Mon,09:00,13:00,True
30,Tue,08:00,12:00,True
31,Sat,09:00,18:00,True
31,Fri,08:00,21:00,True
31,Wed,09:00,13:00,True
31,Thu,09:00,13:00,True
31,Sun,08:00,21:00,True
31,Tue,09:00,18:00,True
32,Mon,09:00,18:00,True
32,Fri,14:00,21:00,True
32,Thu,14:00,21:00,True
32,Sun,09:00,18:00,True
32,Tue,08:00,12:00,True
32,Sat,09:00,18:00,True
33,Fri,14:00,21:00,True
33,Mon,08:00,12:00,True
33,Sat,13:00,18:00,True
34,Mon,09:00,13:00,True
34,Tue,08:00,21:00,True
34,Fri,09:00,13:00,True
34,Thu,08:00,12:00,True
34,Wed,08:00,12:00,True
35,Sat,09:00,18:00,True
35,Mon,08:00,12:00,True
35,Sun,09:00,13:00,True
35,Thu,09:00,13:00,True
36,Tue,09:00,18:00,True
36,Sat,08:00,21:00,True
36,Fri,13:00,18:00,True
36,Wed,09:00,13:00,True
36,Thu,13:00,18:00,True
37,Wed,09:00,18:00,True
37,Sat,13:00,18:00,True
37,Thu,08:00,21:00,True
38,Mon,14:00,21:00,True
38,Fri,09:00,13:00,True
38,Thu,13:00,18:00,True
38,Sat,09:00,13:00,True
38,Wed,13:00,18:00,True
38,Sun,08:00,21:00,True
39,Thu,08:00,12:00,True
39,Tue,09:00,13:00,True
39,Wed,09:00,13:00,True
39,Fri,08:00,21:00,True
40,Wed,08:00,12:00,True
40,Sun,08:00,21:00,True
40,Sat,14:00,21:00,True
40,Thu,13:00,18:00,True
40,Tue,09:00,13:00,True
41,Tue,09:00,18:00,True
41,Sun,09:00,13:00,True
41,Wed,14:00,21:00,True
41,Sat,09:00,18:00,True
41,Thu,08:00,21:00,True
42,Tue,09:00,13:00,True
42,Sat,09:00,18:00,True
42,Fri,08:00,21:00,True
42,Thu,08:00,12:00,True
43,Sat,09:00,13:00,True
43,Tue,09:00,18:00,True
43,Mon,14:00,21:00,True
44,Mon,08:00,12:00,True
44,Fri,09:00,18:00,True
44,Thu,09:00,13:00,True
44,Tue,09:00,13:00,True
44,Sun,09:00,13:00,True
45,Thu,09:00,18:00,True
45,Sun,14:00,21:00,True
45,Sat,08:00,12:00,True
46,Sun,13:00,18:00,True
46,Sat,08:00,12:00,True
46,Fri,08:00,12:00,True
46,Thu,08:00,21:00,True
47,Wed,09:00,13:00,True
47,Tue,09:00,18:00,True
47,Fri,14:00,21:00,True
48,Wed,09:00,18:00,True
48,Fri,14:00,21:00,True
48,Sat,13:00,18:00,True
49,Sun,09:00,13:00,True
49,Tue,14:00,21:00,True
49,Mon,08:00,21:00,True
49,Fri,08:00,21:00,True
49,Sat,09:00,13:00,True
50,Mon,09:00,18:00,True
50,Tue,09:00,18:00,True
50,Thu,09:00,18:00,True
50,Fri,14:00,21:00,True
51,Sat,09:00,18:00,True
51,Fri,09:00,18:00,True
51,Tue,09:00,13:00,True
52,Thu,08:00,21:00,True
52,Mon,08:00,21:00,True
52,Wed,14:00,21:00,True
52,Fri,09:00,18:00,True
52,Sat,09:00,18:00,True
53,Wed,09:00,13:00,True
53,Fri,14:00,21:00,True
53,Tue,13:00,18:00,True
53,Thu,13:00,18:00,True
53,Sat,08:00,21:00,True
54,Sat,14:00,21:00,True
54,Tue,08:00,21:00,True
54,Thu,14:00,21:00,True
54,Wed,09:00,13:00,True
54,Fri,08:00,21:00,True
54,Mon,13:00,18:00,True
55,Fri,08:00,12:00,True
55,Sun,09:00,13:00,True
55,Thu,08:00,21:00,True
55,Mon,08:00,21:00,True
55,Tue,13:00,18:00,True
55,Sat,09:00,13:00,True
56,Wed,14:00,21:00,True
56,Thu,08:00,12:00,True
56,Sat,13:00,18:00,True
56,Tue,14:00,21:00,True
56,Fri,08:00,12:00,True
56,Mon,08:00,12:00,True
57,Mon,08:00,12:00,True
57,Thu,08:00,21:00,True
57,Sat,08:00,12:00,True
57,Wed,08:00,12:00,True
57,Sun,13:00,18:00,True
57,Tue,08:00,21:00,True
58,Sat,08:00,12:00,True
58,Sun,08:00,21:00,True
58,Thu,09:00,18:00,True
58,Fri,09:00,13:00,True
59,Wed,08:00,12:00,True
59,Sun,13:00,18:00,True
59,Tue,08:00,21:00,True
59,Thu,14:00,21:00,True
60,Sat,08:00,12:00,True
60,Tue,09:00,13:00,True
60,Wed,13:00,18:00,True
61,Thu,14:00,21:00,True
61,Tue,13:00,18:00,True
61,Sun,09:00,13:00,True
61,Sat,09:00,13:00,True
61,Wed,13:00,18:00,True
61,Mon,14:00,21:00,True
62,Thu,08:00,12:00,True
62,Tue,13:00,18:00,True
62,Mon,09:00,13:00,True
62,Fri,09:00,18:00,True
62,Sun,13:00,18:00,True
62,Sat,09:00,13:00,True
63,Sun,08:00,12:00,True
63,Mon,14:00,21:00,True
63,Thu,08:00,12:00,True
63,Wed,09:00,13:00,True
63,Tue,09:00,13:00,True
64,Fri,14:00,21:00,True
64,Wed,08:00,12:00,True
64,Sun,13:00,18:00,True
64,Mon,08:00,21:00,True
64,Thu,09:00,13:00,True
65,Thu,08:00,21:00,True
65,Sun,13:00,18:00,True
65,Mon,14:00,21:00,True
65,Fri,14:00,21:00,True
65,Tue,13:00,18:00,True
65,Wed,09:00,18:00,True
66,Wed,14:00,21:00,True
66,Sun,13:00,18:00,True
66,Sat,08:00,21:00,True
66,Tue,08:00,12:00,True
66,Fri,08:00,12:00,True
67,Sat,08:00,12:00,True
67,Wed,08:00,21:00,True
67,Tue,13:00,18:00,True
67,Sun,13:00,18:00,True
68,Sat,09:00,13:00,True
68,Mon,14:00,21:00,True
68,Sun,08:00,12:00,True
69,Thu,13:00,18:00,True
69,Mon,13:00,18:00,True
69,Sat,13:00,18:00,True
69,Fri,09:00,13:00,True
70,Wed,09:00,13:00,True
70,Sat,08:00,12:00,True
70,Tue,08:00,12:00,True
70,Fri,09:00,13:00,True
70,Thu,08:00,12:00,True
70,Sun,09:00,18:00,True
71,Sun,09:00,13:00,True
71,Sat,09:00,18:00,True
71,Wed,09:00,18:00,True
72,Tue,09:00,18:00,True
72,Thu,08:00,21:00,True
72,Fri,09:00,13:00,True
72,Sat,14:00,21:00,True
72,Sun,08:00,12:00,True
73,Sat,13:00,18:00,True
73,Thu,08:00,12:00,True
73,Mon,09:00,18:00,True
73,Tue,09:00,13:00,True
73,Sun,09:00,13:00,True
73,Fri,09:00,18:00,True
74,Fri,08:00,12:00,True
74,Sun,08:00,12:00,True
74,Mon,08:00,21:00,True
74,Wed,09:00,13:00,True
74,Thu,08:00,21:00,True
74,Sat,08:00,12:00,True
75,Wed,14:00,21:00,True
75,Fri,14:00,21:00,True
75,Mon,09:00,18:00,True
75,Sun,13:00,18:00,True
75,Thu,08:00,12:00,True
75,Sat,14:00,21:00,True
76,Tue,09:00,13:00,True
76,Sun,14:00,21:00,True
76,Mon,08:00,21:00,True
76,Thu,13:00,18:00,True
76,Fri,13:00,18:00,True
76,Sat,08:00,12:00,True
77,Fri,13:00,18:00,True
77,Thu,09:00,13:00,True
77,Mon,13:00,18:00,True
78,Sat,08:00,21:00,True
78,Sun,14:00,21:00,True
78,Mon,08:00,21:00,True
78,Wed,08:00,21:00,True
78,Fri,13:00,18:00,True
79,Thu,09:00,13:00,True
79,Sat,08:00,21:00,True
79,Mon,14:00,21:00,True
79,Fri,08:00,12:00,True
79,Wed,09:00,18:00,True
80,Tue,08:00,12:00,True
80,Fri,09:00,13:00,True
80,Mon,14:00,21:00,True
80,Sun,14:00,21:00,True
81,Sun,09:00,13:00,True
81,Sat,13:00,18:00,True
81,Wed,09:00,13:00,True
81,Mon,08:00,12:00,True
82,Sun,08:00,12:00,True
82,Thu,09:00,13:00,True
82,Fri,08:00,12:00,True
82,Tue,08:00,12:00,True
82,Mon,08:00,12:00,True
82,Sat,09:00,13:00,True
83,Mon,14:00,21:00,True
83,Wed,08:00,12:00,True
83,Sun,09:00,13:00,True
83,Fri,09:00,18:00,True
84,Fri,09:00,13:00,True
84,Sun,08:00,21:00,True
84,Sat,13:00,18:00,True
85,Thu,14:00,21:00,True
85,Sat,09:00,18:00,True
85,Wed,14:00,21:00,True
86,Fri,09:00,13:00,True
86,Wed,08:00,21:00,True
86,Sun,09:00,13:00,True
86,Tue,13:00,18:00,True
86,Mon,09:00,18:00,True
86,Sat,08:00,21:00,True
87,Sat,09:00,18:00,True
87,Sun,09:00,18:00,True
87,Wed,09:00,13:00,True
88,Sun,13:00,18:00,True
88,Tue,08:00,12:00,True
88,Wed,08:00,12:00,True
88,Sat,09:00,13:00,True
89,Sat,09:00,13:00,True
89,Thu,08:00,21:00,True
89,Sun,09:00,18:00,True
89,Wed,08:00,21:00,True
90,Tue,09:00,18:00,True
90,Fri,09:00,13:00,True
90,Wed,08:00,21:00,True
91,Mon,13:00,18:00,True
91,Wed,13:00,18:00,True
91,Tue,08:00,12:00,True
91,Fri,08:00,21:00,True
91,Sat,08:00,12:00,True
91,Sun,08:00,12:00,True
92,Mon,13:00,18:00,True
92,Wed,09:00,13:00,True
92,Sat,14:00,21:00,True
92,Sun,09:00,13:00,True
92,Thu,08:00,21:00,True
93,Wed,14:00,21:00,True
93,Tue,08:00,21:00,True
93,Sat,09:00,18:00,True
94,Mon,08:00,12:00,True
94,Wed,09:00,13:00,True
94,Fri,09:00,13:00,True
94,Thu,08:00,21:00,True
94,Sun,13:00,18:00,True
94,Sat,08:00,12:00,True
95,Wed,14:00,21:00,True
95,Thu,08:00,12:00,True
95,Sun,13:00,18:00,True
95,Tue,14:00,21:00,True
96,Sun,14:00,21:00,True
96,Thu,09:00,18:00,True
96,Fri,08:00,21:00,True
97,Sun,09:00,13:00,True
97,Thu,09:00,13:00,True
97,Tue,09:00,13:00,True
98,Fri,08:00,12:00,True
98,Thu,08:00,21:00,True
98,Sun,09:00,18:00,True
98,Wed,09:00,18:00,True
98,Tue,09:00,18:00,True
98,Sat,14:00,21:00,True
99,Sun,13:00,18:00,True
99,Wed,14:00,21:00,True
99,Fri,13:00,18:00,True
100,Thu,08:00,12:00,True
100,Wed,08:00,21:00,True
100,Tue,14:00,21:00,True
101,Sat,14:00,21:00,True
101,Thu,09:00,13:00,True
101,Fri,14:00,21:00,True
101,Mon,08:00,21:00,True
101,Sun,14:00,21:00,True
102,Tue,08:00,12:00,True
102,Mon,13:00,18:00,True
102,Thu,08:00,21:00,True
103,Sun,13:00,18:00,True
103,Thu,09:00,13:00,True
103,Fri,13:00,18:00,True
103,Wed,08:00,21:00,True
104,Sat,08:00,21:00,True
104,Tue,14:00,21:00,True
104,Sun,09:00,18:00,True
104,Wed,08:00,12:00,True
105,Wed,09:00,18:00,True
105,Tue,08:00,12:00,True
105,Thu,08:00,12:00,True
105,Sun,09:00,18:00,True
105,Fri,08:00,21:00,True
105,Sat,13:00,18:00,True
106,Tue,09:00,18:00,True
106,Sun,14:00,21:00,True
106,Fri,08:00,21:00,True
106,Sat,13:00,18:00,True
106,Mon,08:00,21:00,True
107,Sat,09:00,18:00,True
107,Fri,13:00,18:00,True
107,Thu,09:00,13:00,True
107,Wed,08:00,21:00,True
108,Fri,08:00,12:00,True
108,Wed,08:00,21:00,True
108,Thu,09:00,18:00,True
108,Mon,09:00,18:00,True
108,Tue,09:00,18:00,True
109,Sun,13:00,18:00,True
109,Sat,08:00,21:00,True
109,Tue,09:00,13:00,True
109,Mon,13:00,18:00,True
109,Fri,08:00,21:00,True
110,Thu,08:00,21:00,True
110,Sun,13:00,18:00,True
110,Sat,08:00,12:00,True
110,Mon,13:00,18:00,True
110,Fri,09:00,18:00,True
110,Wed,09:00,13:00,True
111,Mon,14:00,21:00,True
111,Sun,08:00,21:00,True
111,Wed,09:00,18:00,True
111,Fri,09:00,18:00,True
112,Tue,08:00,21:00,True
112,Sat,08:00,12:00,True
112,Sun,09:00,18:00,True
112,Fri,09:00,18:00,True
113,Sat,08:00,21:00,True
113,Mon,08:00,12:00,True
113,Sun,14:00,21:00,True
114,Thu,13:00,18:00,True
114,Mon,08:00,12:00,True
114,Fri,08:00,12:00,True
114,Sat,14:00,21:00,True
115,Sat,08:00,12:00,True
115,Thu,08:00,12:00,True
115,Wed,08:00,21:00,True
115,Tue,08:00,12:00,True
116,Thu,08:00,12:00,True
116,Wed,08:00,12:00,True
116,Sat,09:00,13:00,True
116,Sun,08:00,12:00,True
117,Thu,13:00,18:00,True
117,Fri,09:00,13:00,True
117,Wed,08:00,12:00,True
117,Mon,14:00,21:00,True
117,Tue,14:00,21:00,True
118,Tue,09:00,13:00,True
118,Sat,08:00,12:00,True
118,Mon,14:00,21:00,True
119,Mon,08:00,12:00,True
119,Wed,08:00,21:00,True
119,Sat,08:00,21:00,True
120,Sun,08:00,12:00,True
120,Fri,08:00,21:00,True
120,Sat,09:00,13:00,True
120,Mon,09:00,18:00,True
121,Thu,08:00,12:00,True
121,Tue,14:00,21:00,True
121,Mon,14:00,21:00,True
121,Sun,13:00,18:00,True
121,Sat,08:00,12:00,True
121,Wed,14:00,21:00,True
122,Wed,09:00,18:00,True
122,Sun,09:00,18:00,True
122,Mon,09:00,18:00,True
122,Tue,14:00,21:00,True
122,Thu,08:00,21:00,True
122,Sat,08:00,21:00,True
123,Thu,13:00,18:00,True
123,Tue,09:00,18:00,True
123,Sun,09:00,13:00,True
123,Mon,09:00,13:00,True
124,Thu,09:00,18:00,True
124,Mon,14:00,21:00,True
124,Fri,09:00,18:00,True
124,Sat,14:00,21:00,True
125,Wed,14:00,21:00,True
125,Thu,09:00,13:00,True
125,Sun,09:00,13:00,True
125,Fri,14:00,21:00,True
126,Fri,13:00,18:00,True
126,Sun,09:00,18:00,True
126,Wed,14:00,21:00,True
126,Mon,09:00,18:00,True
127,Tue,08:00,12:00,True
127,Mon,13:00,18:00,True
127,Wed,14:00,21:00,True
127,Sun,08:00,12:00,True
127,Fri,09:00,18:00,True
128,Tue,08:00,21:00,True
128,Fri,08:00,21:00,True
128,Thu,08:00,21:00,True
128,Sun,13:00,18:00,True
128,Wed,09:00,18:00,True
129,Tue,13:00,18:00,True
129,Sun,14:00,21:00,True
129,Fri,08:00,21:00,True
129,Wed,09:00,13:00,True
129,Mon,08:00,12:00,True
130,Tue,14:00,21:00,True
130,Fri,09:00,18:00,True
130,Mon,09:00,18:00,True
130,Sun,14:00,21:00,True
131,Sat,09:00,13:00,True
131,Wed,08:00,21:00,True
131,Thu,09:00,18:00,True
132,Mon,08:00,12:00,True
132,Wed,09:00,13:00,True
132,Tue,09:00,18:00,True
132,Sat,09:00,18:00,True
132,Thu,08:00,12:00,True
132,Sun,08:00,21:00,True
133,Sat,09:00,13:00,True
133,Wed,13:00,18:00,True
133,Mon,09:00,18:00,True
133,Fri,08:00,12:00,True
133,Thu,09:00,18:00,True
133,Sun,09:00,13:00,True
134,Sun,08:00,12:00,True
134,Sat,08:00,21:00,True
134,Fri,08:00,12:00,True
135,Sat,08:00,21:00,True
135,Thu,09:00,13:00,True
135,Fri,13:00,18:00,True
135,Wed,08:00,21:00,True
136,Tue,08:00,21:00,True
136,Sat,09:00,18:00,True
136,Wed,09:00,13:00,True
136,Sun,09:00,13:00,True
136,Thu,09:00,13:00,True
137,Wed,08:00,21:00,True
137,Mon,09:00,18:00,True
137,Tue,14:00,21:00,True
138,Thu,09:00,18:00,True
138,Wed,09:00,18:00,True
138,Fri,13:00,18:00,True
138,Sat,13:00,18:00,True
138,Sun,14:00,21:00,True
138,Mon,09:00,13:00,True
139,Sun,08:00,21:00,True
139,Wed,09:00,18:00,True
139,Thu,08:00,12:00,True
139,Mon,13:00,18:00,True
139,Fri,09:00,13:00,True
140,Mon,08:00,21:00,True
140,Fri,09:00,13:00,True
140,Wed,13:00,18:00,True
140,Thu,14:00,21:00,True
141,Thu,08:00,21:00,True
141,Tue,08:00,21:00,True
141,Sat,14:00,21:00,True
141,Fri,13:00,18:00,True
142,Thu,08:00,12:00,True
142,Sun,08:00,21:00,True
142,Mon,09:00,18:00,True
142,Fri,08:00,21:00,True
142,Wed,13:00,18:00,True
142,Tue,08:00,21:00,True
143,Sun,08:00,12:00,True
143,Wed,09:00,18:00,True
143,Thu,09:00,13:00,True
143,Fri,14:00,21:00,True
143,Sat,09:00,13:00,True
144,Thu,08:00,21:00,True
144,Wed,14:00,21:00,True
144,Mon,14:00,21:00,True
144,Sun,09:00,13:00,True
145,Tue,09:00,18:00,True
145,Wed,14:00,21:00,True
145,Sun,09:00,18:00,True
146,Fri,09:00,13:00,True
146,Sat,08:00,21:00,True
146,Sun,08:00,21:00,True
146,Wed,13:00,18:00,True
147,Fri,09:00,18:00,True
147,Mon,09:00,18:00,True
147,Tue,08:00,12:00,True
147,Thu,09:00,18:00,True
148,Sun,09:00,18:00,True
148,Thu,08:00,21:00,True
148,Sat,08:00,21:00,True
148,Wed,09:00,18:00,True
149,Thu,08:00,21:00,True
149,Sat,13:00,18:00,True
149,Tue,14:00,21:00,True
150,Thu,09:00,13:00,True
150,Fri,13:00,18:00,True
150,Sat,09:00,18:00,True
150,Sun,09:00,18:00,True
151,Thu,09:00,13:00,True
151,Sat,09:00,18:00,True
151,Tue,14:00,21:00,True
151,Mon,13:00,18:00,True
152,Mon,09:00,18:00,True
152,Fri,08:00,21:00,True
152,Sun,09:00,18:00,True
152,Thu,13:00,18:00,True
152,Tue,08:00,21:00,True
153,Sat,08:00,21:00,True
153,Mon,08:00,12:00,True
153,Wed,09:00,13:00,True
153,Tue,08:00,12:00,True
154,Sat,13:00,18:00,True
154,Fri,09:00,13:00,True
154,Sun,09:00,18:00,True
154,Wed,09:00,13:00,True
154,Tue,14:00,21:00,True
155,Sat,13:00,18:00,True
155,Thu,14:00,21:00,True
155,Sun,08:00,21:00,True
155,Fri,14:00,21:00,True
155,Mon,09:00,18:00,True
156,Fri,13:00,18:00,True
156,Sun,08:00,12:00,True
156,Mon,14:00,21:00,True
156,Wed,08:00,21:00,True
156,Sat,08:00,21:00,True
157,Sat,09:00,13:00,True
157,Tue,09:00,13:00,True
157,Sun,09:00,13:00,True
157,Fri,09:00,18:00,True
157,Thu,13:00,18:00,True
157,Mon,09:00,13:00,True
158,Tue,08:00,12:00,True
158,Fri,09:00,18:00,True
158,Wed,14:00,21:00,True
158,Thu,14:00,21:00,True
158,Mon,09:00,18:00,True
158,Sat,08:00,12:00,True
159,Thu,13:00,18:00,True
159,Fri,09:00,18:00,True
159,Mon,13:00,18:00,True
159,Wed,09:00,13:00,True
160,Wed,08:00,12:00,True
160,Thu,08:00,21:00,True
160,Tue,13:00,18:00,True
160,Fri,09:00,13:00,True
160,Sun,09:00,18:00,True
160,Mon,14:00,21:00,True
161,Wed,08:00,21:00,True
161,Sun,09:00,13:00,True
161,Fri,08:00,12:00,True
161,Mon,09:00,13:00,True
161,Tue,13:00,18:00,True
161,Thu,14:00,21:00,True
162,Thu,08:00,21:00,True
162,Mon,09:00,18:00,True
162,Wed,09:00,13:00,True
163,Sat,08:00,12:00,True
163,Wed,08:00,12:00,True
163,Thu,09:00,13:00,True
163,Fri,13:00,18:00,True
164,Tue,08:00,21:00,True
164,Sun,13:00,18:00,True
164,Mon,08:00,21:00,True
164,Sat,08:00,21:00,True
164,Wed,08:00,21:00,True
164,Fri,08:00,12:00,True
165,Wed,08:00,12:00,True
165,Fri,08:00,21:00,True
165,Tue,14:00,21:00,True
166,Sun,09:00,18:00,True
166,Fri,09:00,18:00,True
166,Wed,14:00,21:00,True
166,Thu,08:00,21:00,True
166,Mon,08:00,21:00,True
166,Sat,08:00,21:00,True
167,Mon,13:00,18:00,True
167,Sun,14:00,21:00,True
167,Fri,09:00,18:00,True
167,Tue,08:00,12:00,True
167,Thu,08:00,21:00,True
168,Thu,13:00,18:00,True
168,Tue,08:00,12:00,True
168,Sat,14:00,21:00,True
168,Sun,08:00,21:00,True
168,Fri,09:00,13:00,True
168,Mon,09:00,18:00,True
169,Sat,08:00,12:00,True
169,Fri,09:00,13:00,True
169,Thu,08:00,12:00,True
169,Tue,09:00,18:00,True
169,Sun,08:00,12:00,True
170,Wed,13:00,18:00,True
170,Thu,14:00,21:00,True
170,Sun,08:00,21:00,True
170,Sat,08:00,12:00,True
171,Tue,08:00,12:00,True
171,Wed,08:00,21:00,True
171,Thu,09:00,13:00,True
171,Mon,14:00,21:00,True
172,Thu,08:00,21:00,True
172,Sat,09:00,18:00,True
172,Wed,09:00,18:00,True
172,Fri,08:00,12:00,True
172,Mon,13:00,18:00,True
172,Sun,14:00,21:00,True
173,Mon,08:00,21:00,True
173,Fri,09:00,18:00,True
173,Thu,09:00,13:00,True
174,Wed,08:00,21:00,True
174,Sat,09:00,18:00,True
174,Tue,08:00,12:00,True
175,Wed,09:00,18:00,True
175,Mon,13:00,18:00,True
175,Thu,09:00,18:00,True
175,Fri,08:00,21:00,True
176,Fri,09:00,18:00,True
176,Wed,14:00,21:00,True
176,Thu,08:00,21:00,True
176,Mon,09:00,13:00,True
176,Sat,08:00,12:00,True
177,Mon,09:00,13:00,True
177,Sun,09:00,13:00,True
177,Fri,08:00,12:00,True
177,Sat,09:00,13:00,True
177,Thu,08:00,12:00,True
178,Tue,08:00,12:00,True
178,Sat,14:00,21:00,True
178,Thu,08:00,21:00,True
179,Sat,08:00,12:00,True
179,Mon,09:00,13:00,True
179,Wed,09:00,18:00,True
180,Sat,08:00,21:00,True
180,Mon,08:00,21:00,True
180,Fri,14:00,21:00,True
180,Wed,08:00,12:00,True
180,Thu,09:00,13:00,True
180,Tue,09:00,13:00,True
181,Fri,09:00,18:00,True
181,Tue,08:00,21:00,True
181,Sun,13:00,18:00,True
181,Sat,13:00,18:00,True
181,Thu,14:00,21:00,True
182,Fri,08:00,12:00,True
182,Sun,14:00,21:00,True
182,Sat,13:00,18:00,True
182,Tue,09:00,13:00,True
182,Mon,09:00,13:00,True
183,Sat,09:00,13:00,True
183,Wed,14:00,21:00,True
183,Thu,08:00,21:00,True
184,Sat,08:00,12:00,True
184,Sun,13:00,18:00,True
184,Thu,09:00,18:00,True
185,Thu,09:00,13:00,True
185,Wed,13:00,18:00,True
185,Sun,08:00,12:00,True
185,Tue,14:00,21:00,True
186,Thu,09:00,13:00,True
186,Sat,08:00,12:00,True
186,Fri,13:00,18:00,True
186,Tue,14:00,21:00,True
186,Wed,13:00,18:00,True
186,Mon,08:00,21:00,True
187,Fri,08:00,12:00,True
187,Thu,09:00,13:00,True
187,Sun,09:00,13:00,True
187,Tue,08:00,21:00,True
187,Sat,13:00,18:00,True
188,Thu,08:00,21:00,True
188,Sun,09:00,18:00,True
188,Mon,09:00,13:00,True
188,Wed,09:00,13:00,True
188,Fri,09:00,18:00,True
189,Sun,08:00,12:00,True
189,Sat,14:00,21:00,True
189,Fri,08:00,21:00,True
189,Wed,08:00,12:00,True
190,Thu,09:00,13:00,True
190,Fri,09:00,18:00,True
190,Sat,14:00,21:00,True
190,Mon,09:00,18:00,True
190,Sun,08:00,21:00,True
191,Sun,09:00,18:00,True
191,Mon,13:00,18:00,True
191,Wed,09:00,13:00,True
191,Thu,09:00,13:00,True
191,Sat,13:00,18:00,True
192,Sat,09:00,13:00,True
192,Tue,13:00,18:00,True
192,Fri,08:00,21:00,True
192,Sun,08:00,21:00,True
193,Thu,08:00,21:00,True
193,Sun,08:00,21:00,True
193,Wed,13:00,18:00,True
193,Sat,09:00,13:00,True
193,Fri,09:00,13:00,True
194,Tue,08:00,12:00,True
194,Sat,08:00,21:00,True
194,Mon,14:00,21:00,True
194,Wed,09:00,13:00,True
195,Thu,09:00,13:00,True
195,Tue,14:00,21:00,True
195,Sat,09:00,18:00,True
195,Fri,14:00,21:00,True
195,Mon,08:00,21:00,True
196,Thu,09:00,13:00,True
196,Sun,09:00,18:00,True
196,Mon,09:00,18:00,True
197,Thu,08:00,21:00,True
197,Wed,09:00,18:00,True
197,Fri,09:00,13:00,True
197,Mon,14:00,21:00,True
198,Thu,09:00,18:00,True
198,Wed,08:00,21:00,True
198,Sun,09:00,13:00,True
198,Mon,14:00,21:00,True
198,Fri,08:00,12:00,True
198,Tue,13:00,18:00,True
199,Thu,09:00,13:00,True
199,Fri,13:00,18:00,True
199,Sun,09:00,18:00,True
199,Mon,08:00,21:00,True
200,Mon,09:00,18:00,True
200,Tue,13:00,18:00,True
200,Sat,08:00,12:00,True
200,Sun,14:00,21:00,True
201,Tue,09:00,18:00,True
201,Fri,08:00,21:00,True
201,Wed,09:00,18:00,True
202,Mon,09:00,13:00,True
202,Sun,08:00,21:00,True
202,Sat,13:00,18:00,True
202,Thu,09:00,18:00,True
202,Fri,08:00,21:00,True
203,Wed,08:00,12:00,True
203,Thu,08:00,21:00,True
203,Tue,13:00,18:00,True
204,Fri,09:00,18:00,True
204,Wed,08:00,21:00,True
204,Sat,08:00,21:00,True
204,Sun,14:00,21:00,True
204,Mon,14:00,21:00,True
204,Tue,09:00,13:00,True
205,Wed,08:00,21:00,True
205,Sun,09:00,13:00,True
205,Fri,08:00,12:00,True
206,Wed,09:00,13:00,True
206,Thu,13:00,18:00,True
206,Fri,13:00,18:00,True
206,Mon,08:00,21:00,True
206,Sat,14:00,21:00,True
207,Fri,09:00,18:00,True
207,Sat,08:00,21:00,True
207,Wed,13:00,18:00,True
207,Mon,13:00,18:00,True
207,Thu,08:00,12:00,True
208,Wed,09:00,18:00,True
208,Thu,13:00,18:00,True
208,Sun,09:00,13:00,True
208,Tue,08:00,12:00,True
209,Thu,09:00,13:00,True
209,Sat,08:00,12:00,True
209,Fri,09:00,18:00,True
209,Wed,08:00,21:00,True
209,Tue,09:00,13:00,True
210,Mon,08:00,21:00,True
210,Sun,09:00,13:00,True
210,Fri,13:00,18:00,True
210,Wed,09:00,13:00,True
210,Sat,09:00,13:00,True
210,Tue,13:00,18:00,True
211,Wed,08:00,12:00,True
211,Tue,13:00,18:00,True
211,Sun,09:00,18:00,True
211,Sat,13:00,18:00,True
211,Mon,09:00,18:00,True
212,Wed,09:00,18:00,True
212,Sun,09:00,13:00,True
212,Tue,08:00,12:00,True
212,Mon,08:00,21:00,True
212,Fri,14:00,21:00,True
213,Sun,08:00,12:00,True
213,Wed,14:00,21:00,True
213,Thu,08:00,12:00,True
213,Fri,13:00,18:00,True
213,Mon,14:00,21:00,True
214,Fri,09:00,18:00,True
214,Thu,09:00,13:00,True
214,Sat,09:00,18:00,True
214,Sun,09:00,13:00,True
214,Mon,14:00,21:00,True
215,Mon,14:00,21:00,True
215,Fri,09:00,13:00,True
215,Sat,13:00,18:00,True
215,Thu,14:00,21:00,True
215,Tue,08:00,12:00,True
215,Sun,09:00,18:00,True
216,Sat,14:00,21:00,True
216,Tue,09:00,18:00,True
216,Thu,09:00,18:00,True
216,Wed,14:00,21:00,True
217,Sun,09:00,18:00,True
217,Wed,08:00,12:00,True
217,Mon,08:00,12:00,True
217,Sat,08:00,21:00,True
218,Thu,14:00,21:00,True
218,Sun,09:00,13:00,True
218,Sat,09:00,13:00,True
218,Tue,09:00,18:00,True
218,Wed,14:00,21:00,True
218,Mon,13:00,18:00,True
219,Tue,09:00,18:00,True
219,Mon,09:00,13:00,True
219,Sun,14:00,21:00,True
219,Thu,09:00,18:00,True
219,Fri,14:00,21:00,True
219,Wed,09:00,18:00,True
220,Mon,13:00,18:00,True
220,Sun,08:00,12:00,True
220,Fri,09:00,18:00,True
220,Thu,14:00,21:00,True
220,Wed,08:00,21:00,True
221,Fri,14:00,21:00,True
221,Mon,09:00,18:00,True
221,Wed,14:00,21:00,True
221,Sat,09:00,18:00,True
221,Tue,08:00,21:00,True
222,Sat,09:00,13:00,True
222,Thu,09:00,18:00,True
222,Fri,08:00,12:00,True
223,Fri,08:00,21:00,True
223,Tue,09:00,13:00,True
223,Sun,08:00,21:00,True
224,Sun,08:00,21:00,True
224,Thu,08:00,21:00,True
224,Sat,09:00,13:00,True
224,Tue,09:00,13:00,True
224,Wed,09:00,18:00,True
224,Fri,08:00,21:00,True
225,Sat,09:00,18:00,True
225,Sun,14:00,21:00,True
225,Thu,08:00,12:00,True
225,Fri,13:00,18:00,True
225,Tue,14:00,21:00,True
225,Mon,14:00,21:00,True
226,Sun,08:00,21:00,True
226,Mon,08:00,21:00,True
226,Wed,09:00,13:00,True
226,Thu,08:00,21:00,True
226,Tue,08:00,21:00,True
227,Mon,08:00,21:00,True
227,Fri,13:00,18:00,True
227,Sun,13:00,18:00,True
227,Thu,09:00,13:00,True
227,Tue,08:00,12:00,True
227,Sat,08:00,12:00,True
228,Sat,13:00,18:00,True
228,Sun,13:00,18:00,True
228,Fri,14:00,21:00,True
228,Tue,08:00,21:00,True
228,Mon,08:00,12:00,True
228,Wed,08:00,21:00,True
229,Mon,08:00,12:00,True
229,Wed,14:00,21:00,True
229,Sat,09:00,13:00,True
229,Tue,09:00,18:00,True
229,Thu,14:00,21:00,True
230,Mon,09:00,18:00,True
230,Sun,08:00,21:00,True
230,Sat,13:00,18:00,True
231,Thu,08:00,21:00,True
231,Sun,14:00,21:00,True
231,Mon,08:00,12:00,True
231,Tue,09:00,18:00,True
231,Fri,09:00,18:00,True
231,Sat,13:00,18:00,True
232,Fri,13:00,18:00,True
232,Mon,08:00,21:00,True
232,Thu,14:00,21:00,True
232,Tue,08:00,12:00,True
233,Thu,08:00,12:00,True
233,Mon,08:00,12:00,True
233,Fri,13:00,18:00,True
233,Wed,08:00,12:00,True
233,Tue,13:00,18:00,True
233,Sun,08:00,21:00,True
234,Sat,08:00,12:00,True
234,Mon,09:00,13:00,True
234,Thu,08:00,21:00,True
234,Sun,08:00,12:00,True
234,Fri,13:00,18:00,True
234,Wed,08:00,12:00,True
235,Wed,08:00,12:00,True
235,Mon,09:00,18:00,True
235,Fri,09:00,13:00,True
235,Tue,13:00,18:00,True
235,Thu,08:00,12:00,True
235,Sat,08:00,12:00,True
236,Mon,09:00,13:00,True
236,Sat,08:00,12:00,True
236,Fri,14:00,21:00,True
236,Thu,08:00,12:00,True
237,Tue,08:00,21:00,True
237,Sun,14:00,21:00,True
237,Fri,09:00,18:00,True
237,Mon,08:00,12:00,True
237,Wed,08:00,21:00,True
237,Thu,13:00,18:00,True
238,Mon,14:00,21:00,True
238,Tue,14:00,21:00,True
238,Sun,09:00,13:00,True
238,Sat,09:00,13:00,True
238,Wed,08:00,21:00,True
239,Sat,09:00,13:00,True
239,Mon,09:00,13:00,True
239,Fri,08:00,12:00,True
240,Mon,14:00,21:00,True
240,Tue,09:00,13:00,True
240,Thu,08:00,12:00,True
240,Sat,14:00,21:00,True
241,Sat,09:00,13:00,True
241,Tue,08:00,12:00,True
241,Wed,08:00,21:00,True
241,Fri,09:00,18:00,True
241,Mon,08:00,12:00,True
241,Sun,13:00,18:00,True
242,Mon,09:00,13:00,True
242,Thu,09:00,18:00,True
242,Fri,14:00,21:00,True
242,Sat,14:00,21:00,True
243,Mon,14:00,21:00,True
243,Sun,08:00,21:00,True
243,Thu,08:00,12:00,True
243,Sat,14:00,21:00,True
243,Tue,14:00,21:00,True
243,Wed,09:00,13:00,True
244,Sat,14:00,21:00,True
244,Wed,14:00,21:00,True
244,Tue,09:00,13:00,True
244,Thu,08:00,21:00,True
244,Sun,14:00,21:00,True
244,Mon,09:00,13:00,True
245,Fri,09:00,18:00,True
245,Wed,08:00,21:00,True
245,Mon,13:00,18:00,True
246,Wed,08:00,21:00,True
246,Tue,14:00,21:00,True
246,Fri,08:00,21:00,True
246,Mon,09:00,18:00,True
247,Sat,08:00,21:00,True
247,Fri,08:00,21:00,True
247,Sun,08:00,12:00,True
247,Wed,09:00,13:00,True
247,Tue,14:00,21:00,True
247,Thu,08:00,12:00,True
248,Thu,13:00,18:00,True
248,Sat,14:00,21:00,True
248,Fri,14:00,21:00,True
248,Tue,08:00,21:00,True
248,Sun,08:00,21:00,True
249,Thu,13:00,18:00,True
249,Fri,09:00,18:00,True
249,Sat,09:00,13:00,True
249,Sun,13:00,18:00,True
249,Tue,09:00,13:00,True
250,Sat,09:00,13:00,True
250,Fri,08:00,21:00,True
250,Wed,08:00,21:00,True
250,Tue,08:00,21:00,True
251,Tue,13:00,18:00,True
251,Sun,13:00,18:00,True
251,Fri,09:00,13:00,True
251,Mon,13:00,18:00,True
251,Wed,14:00,21:00,True
252,Tue,08:00,21:00,True
252,Mon,13:00,18:00,True
252,Fri,14:00,21:00,True
252,Wed,13:00,18:00,True
252,Thu,09:00,18:00,True
253,Wed,09:00,18:00,True
253,Mon,09:00,18:00,True
253,Sun,09:00,13:00,True
253,Sat,13:00,18:00,True
253,Fri,09:00,13:00,True
253,Thu,08:00,12:00,True
254,Thu,13:00,18:00,True
254,Tue,08:00,12:00,True
254,Sun,13:00,18:00,True
254,Wed,13:00,18:00,True
254,Sat,13:00,18:00,True
255,Tue,08:00,12:00,True
255,Wed,09:00,18:00,True
255,Thu,14:00,21:00,True
255,Sat,08:00,12:00,True
256,Fri,09:00,13:00,True
256,Sat,13:00,18:00,True
256,Thu,13:00,18:00,True
256,Tue,08:00,21:00,True
256,Mon,08:00,21:00,True
256,Wed,14:00,21:00,True
257,Fri,08:00,21:00,True
257,Thu,08:00,21:00,True
257,Sun,14:00,21:00,True
257,Sat,08:00,21:00,True
257,Tue,08:00,12:00,True
258,Thu,13:00,18:00,True
258,Sat,09:00,18:00,True
258,Wed,08:00,21:00,True
258,Mon,08:00,12:00,True
258,Tue,09:00,18:00,True
259,Sat,09:00,18:00,True
259,Sun,13:00,18:00,True
259,Wed,09:00,13:00,True
259,Mon,08:00,12:00,True
259,Fri,09:00,13:00,True
260,Thu,13:00,18:00,True
260,Mon,13:00,18:00,True
260,Sat,08:00,21:00,True
260,Tue,13:00,18:00,True
260,Fri,09:00,13:00,True
260,Sun,14:00,21:00,True
261,Thu,08:00,12:00,True
261,Sat,08:00,12:00,True
261,Mon,14:00,21:00,True
262,Tue,08:00,12:00,True
262,Sat,09:00,13:00,True
262,Wed,08:00,21:00,True
262,Mon,13:00,18:00,True
263,Sat,09:00,18:00,True
263,Tue,08:00,12:00,True
263,Wed,08:00,21:00,True
263,Sun,08:00,12:00,True
264,Fri,13:00,18:00,True
264,Tue,08:00,12:00,True
264,Thu,14:00,21:00,True
264,Mon,08:00,12:00,True
265,Tue,08:00,12:00,True
265,Fri,14:00,21:00,True
265,Thu,08:00,21:00,True
265,Wed,13:00,18:00,True
265,Sun,09:00,13:00,True
265,Mon,08:00,12:00,True
266,Tue,09:00,13:00,True
266,Wed,14:00,21:00,True
266,Sun,08:00,21:00,True
266,Thu,14:00,21:00,True
266,Mon,13:00,18:00,True
267,Sat,08:00,21:00,True
267,Tue,08:00,12:00,True
267,Mon,08:00,12:00,True
267,Fri,14:00,21:00,True
268,Tue,09:00,18:00,True
268,Wed,13:00,18:00,True
268,Thu,09:00,18:00,True
268,Fri,09:00,18:00,True
268,Sat,08:00,12:00,True
268,Sun,08:00,12:00,True
269,Tue,08:00,21:00,True
269,Wed,09:00,18:00,True
269,Thu,08:00,21:00,True
269,Fri,09:00,18:00,True
269,Mon,09:00,18:00,True
269,Sun,14:00,21:00,True
270,Fri,13:00,18:00,True
270,Mon,13:00,18:00,True
270,Tue,08:00,21:00,True
271,Sat,08:00,12:00,True
271,Mon,13:00,18:00,True
271,Wed,09:00,13:00,True
272,Sun,08:00,21:00,True
272,Thu,08:00,21:00,True
272,Mon,09:00,13:00,True
273,Wed,09:00,18:00,True
273,Mon,08:00,21:00,True
273,Sun,08:00,12:00,True
273,Thu,08:00,21:00,True
273,Sat,09:00,18:00,True
274,Sat,13:00,18:00,True
274,Fri,09:00,18:00,True
274,Wed,09:00,18:00,True
274,Tue,14:00,21:00,True
274,Thu,08:00,21:00,True
274,Sun,09:00,18:00,True
275,Fri,14:00,21:00,True
275,Tue,09:00,13:00,True
275,Wed,09:00,13:00,True
276,Mon,09:00,13:00,True
276,Tue,13:00,18:00,True
276,Sat,14:00,21:00,True
276,Sun,14:00,21:00,True
277,Sun,08:00,12:00,True
277,Mon,14:00,21:00,True
277,Sat,13:00,18:00,True
277,Fri,08:00,21:00,True
277,Tue,08:00,21:00,True
277,Wed,08:00,12:00,True
278,Sun,09:00,18:00,True
278,Wed,08:00,21:00,True
278,Sat,14:00,21:00,True
279,Fri,14:00,21:00,True
279,Wed,08:00,21:00,True
279,Mon,09:00,13:00,True
279,Sat,13:00,18:00,True
279,Thu,09:00,13:00,True
279,Tue,13:00,18:00,True
280,Wed,08:00,21:00,True
280,Fri,08:00,21:00,True
280,Thu,13:00,18:00,True
280,Sun,08:00,21:00,True
281,Sun,08:00,12:00,True
281,Sat,14:00,21:00,True
281,Thu,14:00,21:00,True
281,Mon,08:00,21:00,True
281,Tue,14:00,21:00,True
282,Sat,08:00,21:00,True
282,Sun,14:00,21:00,True
282,Tue,08:00,21:00,True
283,Sun,13:00,18:00,True
283,Wed,09:00,13:00,True
283,Thu,08:00,21:00,True
283,Fri,09:00,18:00,True
283,Sat,13:00,18:00,True
283,Mon,13:00,18:00,True
284,Thu,08:00,21:00,True
284,Tue,09:00,13:00,True
284,Wed,08:00,12:00,True
285,Sun,14:00,21:00,True
285,Wed,09:00,13:00,True
285,Sat,14:00,21:00,True
285,Thu,09:00,13:00,True
286,Mon,13:00,18:00,True
286,Thu,08:00,21:00,True
286,Tue,14:00,21:00,True
287,Wed,14:00,21:00,True
287,Fri,13:00,18:00,True
287,Sat,14:00,21:00,True
288,Tue,08:00,12:00,True
288,Mon,13:00,18:00,True
288,Wed,08:00,12:00,True
288,Thu,09:00,13:00,True
288,Sat,14:00,21:00,True
288,Sun,13:00,18:00,True
289,Tue,09:00,13:00,True
289,Sun,09:00,13:00,True
289,Mon,08:00,12:00,True
290,Thu,09:00,13:00,True
290,Mon,13:00,18:00,True
290,Tue,09:00,13:00,True
290,Sat,09:00,13:00,True
290,Fri,08:00,21:00,True
290,Sun,09:00,18:00,True
291,Sat,14:00,21:00,True
291,Mon,13:00,18:00,True
291,Wed,09:00,18:00,True
291,Sun,08:00,12:00,True
291,Tue,13:00,18:00,True
291,Thu,09:00,13:00,True
292,Sat,08:00,12:00,True
292,Sun,08:00,21:00,True
292,Fri,13:00,18:00,True
292,Tue,13:00,18:00,True
292,Mon,08:00,12:00,True
293,Wed,14:00,21:00,True
293,Sat,08:00,21:00,True
293,Tue,13:00,18:00,True
293,Mon,08:00,21:00,True
293,Fri,09:00,18:00,True
293,Sun,09:00,13:00,True
294,Fri,13:00,18:00,True
294,Sun,09:00,18:00,True
294,Thu,09:00,13:00,True
294,Mon,14:00,21:00,True
294,Tue,08:00,21:00,True
295,Thu,09:00,13:00,True
295,Sun,09:00,13:00,True
295,Mon,08:00,21:00,True
295,Sat,13:00,18:00,True
295,Tue,09:00,13:00,True
296,Thu,13:00,18:00,True
296,Sat,13:00,18:00,True
296,Fri,13:00,18:00,True
297,Sun,09:00,13:00,True
297,Sat,09:00,13:00,True
297,Thu,08:00,12:00,True
297,Wed,08:00,21:00,True
297,Tue,09:00,18:00,True
297,Mon,13:00,18:00,True
298,Wed,13:00,18:00,True
298,Fri,08:00,12:00,True
298,Sat,09:00,13:00,True
298,Sun,09:00,13:00,True
298,Thu,08:00,12:00,True
298,Tue,09:00,13:00,True
299,Thu,09:00,13:00,True
299,Sun,09:00,13:00,True
299,Mon,08:00,21:00,True
299,Fri,08:00,21:00,True
300,Mon,08:00,21:00,True
300,Sun,09:00,18:00,True
300,Thu,09:00,18:00,True
300,Fri,08:00,21:00,True
300,Tue,09:00,18:00,True
301,Thu,08:00,12:00,True
301,Mon,09:00,13:00,True
301,Sun,13:00,18:00,True
301,Wed,08:00,21:00,True
301,Tue,09:00,13:00,True
301,Fri,14:00,21:00,True
302,Wed,08:00,21:00,True
302,Sat,08:00,21:00,True
302,Thu,08:00,21:00,True
302,Fri,13:00,18:00,True
303,Thu,08:00,12:00,True
303,Wed,13:00,18:00,True
303,Tue,13:00,18:00,True
303,Fri,13:00,18:00,True
303,Sat,08:00,21:00,True
303,Mon,09:00,13:00,True
304,Wed,08:00,21:00,True
304,Sun,09:00,18:00,True
304,Mon,09:00,18:00,True
304,Sat,08:00,21:00,True
304,Fri,08:00,12:00,True
305,Fri,08:00,21:00,True
305,Mon,08:00,12:00,True
305,Tue,09:00,13:00,True
306,Sun,14:00,21:00,True
306,Tue,08:00,12:00,True
306,Mon,09:00,13:00,True
306,Sat,14:00,21:00,True
306,Thu,13:00,18:00,True
307,Thu,09:00,13:00,True
307,Sun,08:00,12:00,True
307,Sat,08:00,21:00,True
307,Wed,09:00,18:00,True
307,Mon,08:00,12:00,True
307,Tue,08:00,12:00,True
308,Thu,08:00,21:00,True
308,Sun,13:00,18:00,True
308,Fri,13:00,18:00,True
308,Wed,08:00,12:00,True
308,Sat,13:00,18:00,True
309,Wed,14:00,21:00,True
309,Mon,08:00,21:00,True
309,Sat,08:00,21:00,True
309,Sun,08:00,21:00,True
310,Mon,13:00,18:00,True
310,Fri,09:00,13:00,True
310,Sat,13:00,18:00,True
311,Wed,08:00,21:00,True
311,Fri,09:00,18:00,True
311,Mon,09:00,18:00,True
311,Thu,08:00,21:00,True
311,Tue,08:00,21:00,True
311,Sat,08:00,21:00,True
312,Thu,08:00,12:00,True
312,Mon,08:00,12:00,True
312,Tue,08:00,12:00,True
312,Sun,14:00,21:00,True
312,Fri,09:00,13:00,True
313,Sat,14:00,21:00,True
313,Thu,08:00,21:00,True
313,Sun,14:00,21:00,True
313,Tue,09:00,13:00,True
313,Mon,08:00,21:00,True
313,Wed,09:00,18:00,True
314,Mon,13:00,18:00,True
314,Wed,13:00,18:00,True
314,Sat,14:00,21:00,True
314,Fri,08:00,12:00,True
315,Fri,08:00,12:00,True
315,Wed,14:00,21:00,True
315,Mon,14:00,21:00,True
316,Tue,14:00,21:00,True
316,Sat,09:00,13:00,True
316,Wed,14:00,21:00,True
316,Mon,13:00,18:00,True
316,Fri,09:00,18:00,True
316,Sun,08:00,12:00,True
317,Fri,09:00,13:00,True
317,Mon,09:00,13:00,True
317,Sat,08:00,21:00,True
317,Tue,09:00,18:00,True
317,Sun,14:00,21:00,True
317,Thu,08:00,12:00,True
318,Mon,09:00,13:00,True
318,Sun,09:00,13:00,True
318,Sat,13:00,18:00,True
318,Tue,08:00,12:00,True
318,Thu,09:00,13:00,True
319,Wed,13:00,18:00,True
319,Tue,13:00,18:00,True
319,Thu,14:00,21:00,True
320,Mon,08:00,12:00,True
320,Wed,14:00,21:00,True
320,Sun,08:00,12:00,True
320,Sat,14:00,21:00,True
320,Tue,08:00,21:00,True
320,Thu,09:00,13:00,True
321,Sun,09:00,13:00,True
321,Sat,09:00,13:00,True
321,Fri,13:00,18:00,True
322,Sun,09:00,13:00,True
322,Sat,09:00,18:00,True
322,Thu,09:00,18:00,True
322,Wed,13:00,18:00,True
322,Fri,08:00,12:00,True
323,Sun,08:00,21:00,True
323,Sat,13:00,18:00,True
323,Thu,13:00,18:00,True
323,Wed,09:00,13:00,True
323,Mon,14:00,21:00,True
324,Fri,08:00,21:00,True
324,Mon,08:00,12:00,True
324,Sat,13:00,18:00,True
324,Sun,14:00,21:00,True
324,Wed,09:00,18:00,True
324,Tue,13:00,18:00,True
325,Mon,09:00,13:00,True
325,Fri,14:00,21:00,True
325,Wed,13:00,18:00,True
325,Tue,08:00,12:00,True
326,Sat,08:00,12:00,True
326,Sun,09:00,18:00,True
326,Fri,09:00,13:00,True
326,Tue,08:00,21:00,True
327,Sun,08:00,21:00,True
327,Sat,09:00,18:00,True
327,Mon,14:00,21:00,True
327,Wed,08:00,12:00,True
328,Mon,13:00,18:00,True
328,Wed,08:00,12:00,True
328,Thu,14:00,21:00,True
328,Fri,09:00,13:00,True
329,Thu,09:00,18:00,True
329,Sun,08:00,21:00,True
329,Mon,13:00,18:00,True
330,Sat,08:00,12:00,True
330,Thu,08:00,12:00,True
330,Fri,08:00,12:00,True
331,Fri,08:00,21:00,True
331,Sat,08:00,12:00,True
331,Thu,09:00,18:00,True
331,Mon,08:00,12:00,True
331,Sun,13:00,18:00,True
332,Fri,14:00,21:00,True
332,Sun,09:00,18:00,True
332,Mon,13:00,18:00,True
332,Wed,09:00,18:00,True
332,Thu,09:00,13:00,True
332,Sat,08:00,12:00,True
333,Thu,09:00,13:00,True
333,Sat,08:00,12:00,True
333,Fri,08:00,12:00,True
333,Sun,09:00,13:00,True
333,Mon,13:00,18:00,True
333,Wed,09:00,18:00,True
334,Tue,08:00,12:00,True
334,Fri,14:00,21:00,True
334,Sat,13:00,18:00,True
335,Sun,13:00,18:00,True
335,Fri,14:00,21:00,True
335,Sat,13:00,18:00,True
335,Wed,09:00,13:00,True
335,Thu,08:00,12:00,True
336,Tue,08:00,12:00,True
336,Thu,13:00,18:00,True
336,Sun,08:00,12:00,True
336,Mon,09:00,18:00,True
336,Fri,08:00,12:00,True
336,Sat,09:00,13:00,True
337,Sun,08:00,12:00,True
337,Fri,09:00,13:00,True
337,Tue,13:00,18:00,True
337,Sat,08:00,12:00,True
337,Mon,08:00,12:00,True
338,Mon,09:00,13:00,True
338,Tue,09:00,13:00,True
338,Sat,09:00,18:00,True
339,Wed,09:00,13:00,True
339,Tue,09:00,18:00,True
339,Mon,09:00,18:00,True
339,Sun,14:00,21:00,True
340,Tue,14:00,21:00,True
340,Wed,13:00,18:00,True
340,Sat,09:00,18:00,True
340,Thu,14:00,21:00,True
340,Fri,08:00,21:00,True
340,Sun,09:00,18:00,True
341,Tue,14:00,21:00,True
341,Mon,09:00,18:00,True
341,Wed,13:00,18:00,True
342,Thu,13:00,18:00,True
342,Mon,08:00,21:00,True
342,Tue,08:00,12:00,True
342,Sun,13:00,18:00,True
342,Sat,08:00,12:00,True
343,Wed,09:00,18:00,True
343,Sun,09:00,13:00,True
343,Sat,08:00,21:00,True
343,Tue,08:00,21:00,True
343,Fri,09:00,18:00,True
344,Tue,09:00,13:00,True
344,Sat,09:00,18:00,True
344,Sun,09:00,18:00,True
344,Thu,09:00,18:00,True
345,Thu,13:00,18:00,True
345,Sun,09:00,13:00,True
345,Fri,09:00,18:00,True
345,Mon,09:00,13:00,True
346,Tue,09:00,18:00,True
346,Sun,08:00,21:00,True
346,Wed,09:00,18:00,True
347,Mon,08:00,21:00,True
347,Tue,09:00,18:00,True
347,Sun,14:00,21:00,True
347,Sat,08:00,12:00,True
347,Fri,09:00,13:00,True
348,Wed,08:00,12:00,True
348,Thu,09:00,13:00,True
348,Sat,09:00,18:00,True
348,Tue,14:00,21:00,True
349,Fri,09:00,18:00,True
349,Sun,08:00,21:00,True
349,Wed,08:00,21:00,True
349,Tue,14:00,21:00,True
350,Sat,08:00,21:00,True
350,Mon,14:00,21:00,True
350,Wed,13:00,18:00,True
351,Sat,08:00,21:00,True
351,Mon,08:00,12:00,True
351,Tue,08:00,21:00,True
351,Fri,08:00,21:00,True
351,Thu,08:00,21:00,True
351,Wed,09:00,13:00,True
352,Mon,09:00,13:00,True
352,Sun,14:00,21:00,True
352,Thu,08:00,12:00,True
352,Fri,08:00,12:00,True
352,Tue,13:00,18:00,True
352,Wed,08:00,12:00,True
353,Sun,08:00,12:00,True
353,Tue,09:00,13:00,True
353,Sat,13:00,18:00,True
353,Mon,08:00,12:00,True
353,Wed,09:00,18:00,True
354,Sat,14:00,21:00,True
354,Mon,08:00,12:00,True
354,Fri,09:00,18:00,True
354,Sun,08:00,12:00,True
354,Tue,08:00,12:00,True
354,Wed,14:00,21:00,True
355,Sun,08:00,21:00,True
355,Sat,09:00,13:00,True
355,Tue,08:00,12:00,True
356,Mon,14:00,21:00,True
356,Thu,09:00,13:00,True
356,Wed,14:00,21:00,True
356,Sun,09:00,13:00,True
357,Sat,08:00,21:00,True
357,Sun,14:00,21:00,True
357,Tue,08:00,12:00,True
357,Wed,13:00,18:00,True
357,Mon,08:00,12:00,True
357,Fri,09:00,18:00,True
358,Tue,13:00,18:00,True
358,Wed,09:00,13:00,True
358,Thu,09:00,13:00,True
359,Tue,13:00,18:00,True
359,Sat,09:00,13:00,True
359,Wed,09:00,13:00,True
360,Mon,09:00,13:00,True
360,Sat,08:00,12:00,True
360,Tue,09:00,13:00,True
360,Fri,09:00,18:00,True
361,Wed,14:00,21:00,True
361,Fri,08:00,12:00,True
361,Thu,13:00,18:00,True
361,Tue,14:00,21:00,True
361,Sat,14:00,21:00,True
362,Sun,08:00,12:00,True
362,Thu,13:00,18:00,True
362,Sat,09:00,18:00,True
363,Tue,09:00,18:00,True
363,Sun,08:00,21:00,True
363,Mon,08:00,21:00,True
363,Fri,13:00,18:00,True
364,Sun,09:00,18:00,True
364,Thu,08:00,21:00,True
364,Wed,14:00,21:00,True
364,Fri,08:00,21:00,True
365,Fri,09:00,18:00,True
365,Thu,09:00,18:00,True
365,Tue,08:00,21:00,True
365,Wed,09:00,13:00,True
365,Mon,08:00,12:00,True
366,Sat,13:00,18:00,True
366,Wed,08:00,21:00,True
366,Fri,14:00,21:00,True
366,Thu,08:00,21:00,True
366,Sun,08:00,12:00,True
367,Mon,09:00,18:00,True
367,Sat,14:00,21:00,True
367,Thu,08:00,21:00,True
368,Fri,09:00,13:00,True
368,Tue,13:00,18:00,True
368,Sat,14:00,21:00,True
368,Sun,14:00,21:00,True
368,Mon,08:00,21:00,True
368,Wed,09:00,18:00,True
369,Mon,08:00,12:00,True
369,Sun,08:00,21:00,True
369,Wed,09:00,18:00,True
370,Sun,08:00,21:00,True
370,Wed,13:00,18:00,True
370,Fri,13:00,18:00,True
370,Thu,09:00,13:00,True
370,Tue,13:00,18:00,True
370,Sat,08:00,21:00,True
371,Sun,08:00,21:00,True
371,Fri,09:00,13:00,True
371,Wed,13:00,18:00,True
372,Wed,08:00,21:00,True
372,Thu,08:00,21:00,True
372,Sat,08:00,12:00,True
373,Thu,09:00,13:00,True
373,Mon,14:00,21:00,True
373,Wed,08:00,12:00,True
373,Sun,14:00,21:00,True
374,Sat,09:00,13:00,True
374,Mon,09:00,18:00,True
374,Tue,09:00,18:00,True
374,Thu,08:00,12:00,True
374,Sun,08:00,21:00,True
374,Fri,13:00,18:00,True
375,Tue,08:00,12:00,True
375,Wed,09:00,18:00,True
375,Thu,09:00,18:00,True
375,Mon,09:00,13:00,True
375,Sun,14:00,21:00,True
376,Wed,09:00,13:00,True
376,Tue,09:00,18:00,True
376,Sun,13:00,18:00,True
376,Sat,09:00,13:00,True
376,Thu,08:00,21:00,True
376,Fri,08:00,21:00,True
377,Sat,08:00,21:00,True
377,Thu,09:00,13:00,True
377,Mon,08:00,21:00,True
377,Wed,09:00,13:00,True
377,Fri,08:00,21:00,True
378,Wed,13:00,18:00,True
378,Thu,08:00,21:00,True
378,Sat,09:00,13:00,True
378,Mon,08:00,21:00,True
378,Sun,09:00,18:00,True
378,Tue,14:00,21:00,True
379,Wed,08:00,21:00,True
379,Tue,08:00,21:00,True
379,Sat,08:00,12:00,True
379,Fri,13:00,18:00,True
379,Sun,08:00,21:00,True
379,Mon,09:00,18:00,True
380,Fri,09:00,18:00,True
380,Sat,14:00,21:00,True
380,Wed,09:00,13:00,True
381,Sun,13:00,18:00,True
381,Sat,08:00,21:00,True
381,Mon,08:00,21:00,True
381,Thu,14:00,21:00,True
381,Wed,13:00,18:00,True
381,Tue,08:00,12:00,True
382,Thu,08:00,12:00,True
382,Sat,13:00,18:00,True
382,Sun,08:00,12:00,True
382,Wed,08:00,21:00,True
382,Fri,09:00,18:00,True
382,Mon,09:00,13:00,True
383,Sun,09:00,18:00,True
383,Fri,14:00,21:00,True
383,Tue,13:00,18:00,True
383,Mon,08:00,12:00,True
384,Sat,08:00,21:00,True
384,Mon,09:00,18:00,True
384,Tue,14:00,21:00,True
384,Wed,09:00,13:00,True
384,Sun,09:00,18:00,True
384,Fri,14:00,21:00,True
385,Fri,08:00,21:00,True
385,Wed,09:00,18:00,True
385,Sat,14:00,21:00,True
385,Tue,08:00,12:00,True
386,Mon,08:00,21:00,True
386,Sat,13:00,18:00,True
386,Wed,09:00,18:00,True
386,Tue,08:00,21:00,True
387,Wed,13:00,18:00,True
387,Sat,13:00,18:00,True
387,Mon,13:00,18:00,True
388,Fri,13:00,18:00,True
388,Wed,09:00,18:00,True
388,Sun,13:00,18:00,True
389,Wed,08:00,21:00,True
389,Mon,09:00,13:00,True
389,Fri,09:00,13:00,True
389,Tue,14:00,21:00,True
390,Wed,14:00,21:00,True
390,Sat,13:00,18:00,True
390,Mon,08:00,12:00,True
390,Sun,08:00,21:00,True
391,Thu,08:00,21:00,True
391,Sat,09:00,13:00,True
391,Fri,14:00,21:00,True
392,Sat,09:00,18:00,True
392,Sun,14:00,21:00,True
392,Fri,09:00,13:00,True
392,Mon,08:00,21:00,True
393,Wed,09:00,18:00,True
393,Sat,08:00,12:00,True
393,Tue,13:00,18:00,True
394,Thu,08:00,12:00,True
394,Fri,13:00,18:00,True
394,Sun,08:00,12:00,True
395,Mon,08:00,12:00,True
395,Sun,09:00,18:00,True
395,Thu,09:00,18:00,True
395,Fri,09:00,13:00,True
395,Sat,14:00,21:00,True
396,Wed,08:00,12:00,True
396,Sun,14:00,21:00,True
396,Sat,08:00,21:00,True
396,Thu,14:00,21:00,True
396,Mon,09:00,13:00,True
396,Tue,09:00,13:00,True
397,Mon,13:00,18:00,True
397,Tue,08:00,12:00,True
397,Sat,14:00,21:00,True
397,Thu,14:00,21:00,True
397,Wed,09:00,18:00,True
398,Sat,09:00,18:00,True
398,Wed,08:00,21:00,True
398,Thu,08:00,12:00,True
399,Sun,14:00,21:00,True
399,Mon,09:00,13:00,True
399,Wed,14:00,21:00,True
399,Tue,08:00,21:00,True
399,Fri,08:00,12:00,True
400,Mon,14:00,21:00,True
400,Fri,09:00,18:00,True
400,Tue,13:00,18:00,True
400,Sun,08:00,21:00,True
400,Thu,08:00,21:00,True
400,Sat,09:00,13:00,True
401,Tue,08:00,12:00,True
401,Mon,08:00,21:00,True
401,Sat,08:00,21:00,True
402,Sat,13:00,18:00,True
402,Fri,13:00,18:00,True
402,Tue,08:00,21:00,True
403,Fri,09:00,13:00,True
403,Sat,08:00,21:00,True
403,Tue,14:00,21:00,True
404,Tue,09:00,18:00,True
404,Thu,13:00,18:00,True
404,Fri,13:00,18:00,True
404,Wed,14:00,21:00,True
405,Thu,09:00,18:00,True
405,Sat,14:00,21:00,True
405,Fri,09:00,18:00,True
405,Mon,14:00,21:00,True
405,Sun,14:00,21:00,True
405,Tue,09:00,18:00,True
406,Wed,08:00,12:00,True
406,Tue,09:00,13:00,True
406,Sun,09:00,13:00,True
406,Fri,08:00,12:00,True
406,Thu,09:00,18:00,True
407,Fri,08:00,21:00,True
407,Mon,09:00,18:00,True
407,Sat,13:00,18:00,True
407,Wed,13:00,18:00,True
408,Wed,08:00,21:00,True
408,Mon,08:00,21:00,True
408,Fri,08:00,21:00,True
408,Sat,14:00,21:00,True
409,Tue,14:00,21:00,True
409,Thu,09:00,13:00,True
409,Mon,09:00,13:00,True
409,Sat,09:00,13:00,True
409,Fri,09:00,18:00,True
410,Thu,08:00,21:00,True
410,Sat,09:00,18:00,True
410,Sun,09:00,13:00,True
410,Mon,08:00,21:00,True
411,Wed,08:00,12:00,True
411,Tue,08:00,12:00,True
411,Fri,08:00,12:00,True
412,Mon,09:00,18:00,True
412,Sun,13:00,18:00,True
412,Sat,08:00,12:00,True
413,Thu,09:00,13:00,True
413,Tue,08:00,12:00,True
413,Mon,13:00,18:00,True
414,Tue,13:00,18:00,True
414,Sat,14:00,21:00,True
414,Wed,08:00,21:00,True
414,Fri,13:00,18:00,True
414,Sun,13:00,18:00,True
414,Mon,08:00,21:00,True
415,Sat,08:00,21:00,True
415,Thu,13:00,18:00,True
415,Mon,09:00,13:00,True
415,Fri,08:00,12:00,True
415,Wed,13:00,18:00,True
415,Tue,09:00,13:00,True
416,Thu,14:00,21:00,True
416,Fri,08:00,12:00,True
416,Sun,09:00,18:00,True
416,Sat,08:00,21:00,True
416,Wed,14:00,21:00,True
416,Mon,09:00,18:00,True
417,Wed,09:00,18:00,True
417,Tue,14:00,21:00,True
417,Sun,09:00,13:00,True
417,Thu,09:00,13:00,True
417,Mon,09:00,13:00,True
418,Sat,08:00,12:00,True
418,Mon,14:00,21:00,True
418,Fri,09:00,18:00,True
419,Thu,14:00,21:00,True
419,Sat,14:00,21:00,True
419,Tue,08:00,21:00,True
419,Wed,13:00,18:00,True
420,Thu,09:00,18:00,True
420,Sun,08:00,21:00,True
420,Sat,13:00,18:00,True
421,Tue,14:00,21:00,True
421,Sat,13:00,18:00,True
421,Fri,08:00,21:00,True
421,Mon,08:00,21:00,True
421,Wed,14:00,21:00,True
421,Sun,14:00,21:00,True
422,Wed,08:00,12:00,True
422,Tue,09:00,13:00,True
422,Fri,09:00,18:00,True
422,Mon,08:00,12:00,True
423,Mon,13:00,18:00,True
423,Sun,13:00,18:00,True
423,Wed,14:00,21:00,True
423,Sat,09:00,18:00,True
423,Tue,09:00,13:00,True
423,Thu,13:00,18:00,True
424,Wed,08:00,21:00,True
424,Tue,14:00,21:00,True
424,Sat,08:00,12:00,True
425,Wed,08:00,12:00,True
425,Sun,08:00,21:00,True
425,Sat,08:00,21:00,True
425,Thu,14:00,21:00,True
426,Thu,13:00,18:00,True
426,Mon,09:00,13:00,True
426,Sun,13:00,18:00,True
427,Fri,13:00,18:00,True
427,Thu,13:00,18:00,True
427,Mon,14:00,21:00,True
428,Sat,08:00,12:00,True
428,Tue,09:00,13:00,True
428,Fri,08:00,12:00,True
429,Mon,14:00,21:00,True
429,Tue,14:00,21:00,True
429,Sun,09:00,13:00,True
430,Sat,09:00,18:00,True
430,Tue,14:00,21:00,True
430,Wed,08:00,12:00,True
430,Mon,13:00,18:00,True
431,Wed,08:00,12:00,True
431,Sat,13:00,18:00,True
431,Tue,14:00,21:00,True
431,Mon,08:00,12:00,True
431,Thu,13:00,18:00,True
432,Sat,08:00,12:00,True
432,Thu,09:00,18:00,True
432,Wed,09:00,18:00,True
432,Sun,09:00,13:00,True
433,Fri,08:00,21:00,True
433,Sat,14:00,21:00,True
433,Mon,08:00,21:00,True
433,Thu,09:00,18:00,True
433,Sun,08:00,12:00,True
434,Tue,13:00,18:00,True
434,Sun,08:00,12:00,True
434,Fri,13:00,18:00,True
434,Mon,13:00,18:00,True
434,Sat,09:00,18:00,True
435,Tue,14:00,21:00,True
435,Fri,14:00,21:00,True
435,Sat,13:00,18:00,True
435,Sun,08:00,21:00,True
435,Wed,08:00,21:00,True
436,Thu,09:00,18:00,True
436,Sat,08:00,12:00,True
436,Fri,08:00,21:00,True
437,Mon,08:00,12:00,True
437,Wed,13:00,18:00,True
437,Thu,09:00,13:00,True
437,Fri,09:00,18:00,True
437,Sat,13:00,18:00,True
437,Tue,13:00,18:00,True
438,Wed,09:00,18:00,True
438,Tue,14:00,21:00,True
438,Fri,09:00,13:00,True
438,Thu,09:00,18:00,True
438,Mon,08:00,21:00,True
439,Sat,08:00,12:00,True
439,Tue,08:00,21:00,True
439,Fri,09:00,18:00,True
440,Sat,08:00,12:00,True
440,Fri,09:00,18:00,True
440,Tue,08:00,21:00,True
441,Fri,08:00,21:00,True
441,Tue,08:00,12:00,True
441,Thu,13:00,18:00,True
441,Wed,08:00,12:00,True
442,Mon,09:00,13:00,True
442,Sun,14:00,21:00,True
442,Thu,08:00,12:00,True
442,Wed,14:00,21:00,True
443,Mon,13:00,18:00,True
443,Tue,13:00,18:00,True
443,Fri,14:00,21:00,True
443,Sun,09:00,18:00,True
443,Thu,09:00,18:00,True
444,Mon,09:00,13:00,True
444,Tue,08:00,12:00,True
444,Sun,08:00,21:00,True
444,Wed,08:00,21:00,True
444,Fri,09:00,13:00,True
445,Sat,08:00,12:00,True
445,Sun,09:00,18:00,True
445,Wed,09:00,18:00,True
445,Thu,13:00,18:00,True
446,Thu,14:00,21:00,True
446,Tue,09:00,13:00,True
446,Fri,08:00,12:00,True
446,Wed,09:00,18:00,True
446,Sat,13:00,18:00,True
446,Mon,09:00,18:00,True
447,Tue,09:00,13:00,True
447,Mon,13:00,18:00,True
447,Sun,08:00,12:00,True
447,Wed,08:00,12:00,True
447,Fri,13:00,18:00,True
448,Sat,14:00,21:00,True
448,Fri,13:00,18:00,True
448,Mon,13:00,18:00,True
448,Thu,09:00,13:00,True
448,Wed,09:00,13:00,True
449,Wed,08:00,12:00,True
449,Mon,14:00,21:00,True
449,Fri,13:00,18:00,True
450,Wed,13:00,18:00,True
450,Sun,14:00,21:00,True
450,Thu,09:00,18:00,True
450,Mon,08:00,12:00,True
450,Sat,14:00,21:00,True
451,Tue,09:00,18:00,True
451,Mon,08:00,12:00,True
451,Sun,08:00,21:00,True
451,Wed,08:00,12:00,True
452,Tue,09:00,13:00,True
452,Fri,13:00,18:00,True
452,Thu,09:00,13:00,True
452,Mon,09:00,18:00,True
453,Tue,13:00,18:00,True
453,Mon,09:00,18:00,True
453,Wed,09:00,13:00,True
453,Fri,08:00,21:00,True
453,Thu,08:00,21:00,True
453,Sat,08:00,21:00,True
454,Wed,09:00,18:00,True
454,Tue,09:00,18:00,True
454,Fri,13:00,18:00,True
455,Wed,08:00,21:00,True
455,Thu,13:00,18:00,True
455,Tue,09:00,18:00,True
456,Mon,09:00,13:00,True
456,Fri,09:00,13:00,True
456,Sun,14:00,21:00,True
456,Wed,09:00,18:00,True
456,Tue,14:00,21:00,True
457,Fri,09:00,18:00,True
457,Wed,14:00,21:00,True
457,Sun,08:00,12:00,True
457,Thu,08:00,21:00,True
458,Thu,14:00,21:00,True
458,Sun,09:00,13:00,True
458,Mon,09:00,13:00,True
458,Tue,09:00,13:00,True
458,Wed,13:00,18:00,True
458,Sat,08:00,21:00,True
459,Sun,08:00,21:00,True
459,Sat,08:00,12:00,True
459,Tue,09:00,13:00,True
459,Fri,09:00,13:00,True
459,Thu,13:00,18:00,True
460,Sun,09:00,18:00,True
460,Tue,08:00,21:00,True
460,Thu,13:00,18:00,True
460,Mon,09:00,13:00,True
460,Fri,09:00,18:00,True
460,Wed,09:00,18:00,True
461,Wed,08:00,21:00,True
461,Sun,13:00,18:00,True
461,Thu,09:00,18:00,True
461,Mon,08:00,21:00,True
461,Tue,09:00,18:00,True
461,Sat,14:00,21:00,True
462,Tue,08:00,21:00,True
462,Sat,08:00,12:00,True
462,Mon,13:00,18:00,True
462,Sun,08:00,21:00,True
462,Thu,08:00,21:00,True
463,Thu,13:00,18:00,True
463,Sun,13:00,18:00,True
463,Fri,08:00,12:00,True
464,Mon,09:00,18:00,True
464,Thu,08:00,12:00,True
464,Sun,08:00,12:00,True
464,Tue,14:00,21:00,True
464,Sat,13:00,18:00,True
465,Sat,08:00,21:00,True
465,Wed,09:00,13:00,True
465,Tue,14:00,21:00,True
466,Thu,09:00,13:00,True
466,Mon,09:00,18:00,True
466,Wed,14:00,21:00,True
466,Fri,08:00,21:00,True
466,Sun,13:00,18:00,True
466,Tue,09:00,18:00,True
467,Fri,14:00,21:00,True
467,Sat,08:00,12:00,True
467,Thu,09:00,13:00,True
467,Tue,09:00,18:00,True
467,Sun,14:00,21:00,True
468,Fri,09:00,13:00,True
468,Wed,09:00,18:00,True
468,Tue,09:00,18:00,True
468,Sat,09:00,18:00,True
469,Fri,13:00,18:00,True
469,Mon,08:00,12:00,True
469,Wed,08:00,12:00,True
469,Thu,08:00,21:00,True
469,Sun,09:00,18:00,True
470,Sat,08:00,21:00,True
470,Wed,09:00,13:00,True
470,Mon,08:00,12:00,True
470,Thu,08:00,12:00,True
470,Sun,08:00,12:00,True
471,Mon,09:00,13:00,True
471,Sun,09:00,18:00,True
471,Wed,13:00,18:00,True
471,Thu,09:00,18:00,True
471,Tue,08:00,21:00,True
471,Sat,14:00,21:00,True
472,Fri,08:00,21:00,True
472,Thu,13:00,18:00,True
472,Wed,14:00,21:00,True
473,Sat,14:00,21:00,True
473,Sun,08:00,12:00,True
473,Fri,13:00,18:00,True
474,Tue,13:00,18:00,True
474,Sat,08:00,21:00,True
474,Sun,08:00,21:00,True
475,Tue,09:00,18:00,True
475,Sat,14:00,21:00,True
475,Wed,08:00,12:00,True
475,Fri,08:00,12:00,True
475,Thu,08:00,12:00,True
476,Tue,14:00,21:00,True
476,Sat,08:00,12:00,True
476,Thu,08:00,12:00,True
477,Wed,09:00,13:00,True
477,Mon,08:00,21:00,True
477,Thu,09:00,18:00,True
477,Fri,09:00,18:00,True
478,Mon,14:00,21:00,True
478,Tue,09:00,18:00,True
478,Sun,09:00,18:00,True
478,Wed,08:00,12:00,True
479,Thu,08:00,12:00,True
479,Sun,09:00,18:00,True
479,Sat,08:00,12:00,True
480,Fri,09:00,18:00,True
480,Sun,09:00,18:00,True
480,Tue,09:00,18:00,True
481,Wed,09:00,18:00,True
481,Tue,08:00,21:00,True
481,Sun,13:00,18:00,True
481,Mon,08:00,21:00,True
481,Thu,08:00,12:00,True
481,Fri,09:00,13:00,True
482,Mon,09:00,13:00,True
482,Thu,08:00,21:00,True
482,Fri,13:00,18:00,True
483,Fri,14:00,21:00,True
483,Thu,14:00,21:00,True
483,Mon,08:00,21:00,True
484,Thu,09:00,18:00,True
484,Mon,08:00,12:00,True
484,Tue,09:00,13:00,True
484,Fri,14:00,21:00,True
484,Sat,08:00,21:00,True
485,Wed,09:00,18:00,True
485,Fri,14:00,21:00,True
485,Tue,14:00,21:00,True
485,Sun,08:00,21:00,True
485,Mon,08:00,12:00,True
486,Sun,08:00,21:00,True
486,Sat,09:00,18:00,True
486,Tue,09:00,18:00,True
486,Wed,08:00,12:00,True
486,Fri,08:00,12:00,True
487,Mon,09:00,13:00,True
487,Wed,08:00,21:00,True
487,Tue,14:00,21:00,True
487,Sun,08:00,21:00,True
488,Mon,09:00,13:00,True
488,Thu,14:00,21:00,True
488,Sat,09:00,13:00,True
488,Fri,08:00,21:00,True
488,Sun,14:00,21:00,True
488,Wed,09:00,18:00,True
489,Sun,08:00,21:00,True
489,Sat,08:00,21:00,True
489,Mon,13:00,18:00,True
489,Fri,09:00,18:00,True
489,Wed,14:00,21:00,True
489,Tue,14:00,21:00,True
490,Mon,08:00,21:00,True
490,Fri,09:00,18:00,True
490,Wed,08:00,12:00,True
490,Sat,08:00,12:00,True
490,Tue,13:00,18:00,True
490,Thu,09:00,18:00,True
491,Thu,08:00,12:00,True
491,Sat,09:00,18:00,True
491,Fri,08:00,12:00,True
491,Tue,13:00,18:00,True
491,Sun,09:00,18:00,True
492,Mon,08:00,21:00,True
492,Sat,09:00,18:00,True
492,Sun,14:00,21:00,True
492,Tue,09:00,18:00,True
493,Wed,08:00,12:00,True
493,Mon,09:00,18:00,True
493,Sat,08:00,12:00,True
493,Thu,09:00,13:00,True
494,Sat,09:00,13:00,True
494,Wed,13:00,18:00,True
494,Thu,08:00,12:00,True
494,Sun,13:00,18:00,True
494,Fri,09:00,13:00,True
494,Mon,09:00,18:00,True
495,Sat,14:00,21:00,True
495,Sun,08:00,21:00,True
495,Tue,08:00,12:00,True
496,Wed,13:00,18:00,True
496,Tue,09:00,13:00,True
496,Fri,13:00,18:00,True
496,Sun,09:00,13:00,True
496,Mon,14:00,21:00,True
497,Thu,09:00,18:00,True
497,Sun,09:00,13:00,True
497,Tue,14:00,21:00,True
497,Fri,08:00,21:00,True
498,Sat,08:00,12:00,True
498,Tue,14:00,21:00,True
498,Sun,13:00,18:00,True
498,Thu,09:00,18:00,True
498,Mon,08:00,21:00,True
498,Wed,14:00,21:00,True
499,Thu,08:00,21:00,True
499,Wed,13:00,18:00,True
499,Tue,08:00,12:00,True
499,Sun,13:00,18:00,True
499,Sat,13:00,18:00,True
499,Mon,09:00,18:00,True
500,Sat,09:00,13:00,True
500,Fri,08:00,12:00,True
500,Sun,09:00,18:00,True
500,Mon,09:00,18:00,True
501,Thu,13:00,18:00,True
501,Wed,14:00,21:00,True
501,Mon,13:00,18:00,True
501,Sun,09:00,13:00,True
501,Tue,09:00,13:00,True
502,Wed,09:00,13:00,True
502,Sun,08:00,21:00,True
502,Fri,13:00,18:00,True
502,Mon,09:00,13:00,True
503,Wed,09:00,18:00,True
503,Tue,14:00,21:00,True
503,Sun,08:00,21:00,True
504,Sun,09:00,13:00,True
504,Mon,09:00,18:00,True
504,Tue,13:00,18:00,True
504,Sat,13:00,18:00,True
504,Fri,14:00,21:00,True
505,Tue,14:00,21:00,True
505,Sun,09:00,13:00,True
505,Fri,08:00,21:00,True
506,Thu,09:00,18:00,True
506,Mon,09:00,18:00,True
506,Sun,09:00,13:00,True
507,Sun,08:00,21:00,True
507,Tue,14:00,21:00,True
507,Wed,09:00,18:00,True
507,Thu,13:00,18:00,True
507,Sat,09:00,18:00,True
508,Wed,08:00,21:00,True
508,Sat,09:00,13:00,True
508,Thu,14:00,21:00,True
509,Thu,13:00,18:00,True
509,Sun,08:00,12:00,True
509,Sat,13:00,18:00,True
509,Fri,14:00,21:00,True
509,Tue,08:00,21:00,True
510,Tue,08:00,12:00,True
510,Fri,14:00,21:00,True
510,Sat,08:00,12:00,True
510,Mon,08:00,21:00,True
510,Wed,13:00,18:00,True
511,Thu,08:00,12:00,True
511,Tue,08:00,12:00,True
511,Fri,09:00,18:00,True
511,Sat,08:00,12:00,True
511,Mon,09:00,18:00,True
512,Sat,08:00,21:00,True
512,Mon,13:00,18:00,True
512,Thu,08:00,12:00,True
512,Fri,08:00,12:00,True
512,Sun,08:00,12:00,True
513,Sun,13:00,18:00,True
513,Wed,14:00,21:00,True
513,Thu,09:00,13:00,True
513,Mon,08:00,12:00,True
513,Tue,13:00,18:00,True
514,Mon,14:00,21:00,True
514,Thu,09:00,13:00,True
514,Sat,09:00,18:00,True
514,Wed,08:00,12:00,True
514,Fri,14:00,21:00,True
514,Sun,09:00,13:00,True
515,Tue,08:00,12:00,True
515,Thu,09:00,13:00,True
515,Fri,14:00,21:00,True
515,Sun,09:00,18:00,True
516,Wed,09:00,18:00,True
516,Sat,14:00,21:00,True
516,Tue,09:00,18:00,True
517,Tue,14:00,21:00,True
517,Thu,14:00,21:00,True
517,Mon,09:00,13:00,True
517,Fri,08:00,21:00,True
518,Tue,09:00,18:00,True
518,Wed,08:00,21:00,True
518,Fri,13:00,18:00,True
518,Sun,09:00,18:00,True
519,Mon,09:00,18:00,True
519,Sun,14:00,21:00,True
519,Wed,13:00,18:00,True
519,Tue,08:00,12:00,True
519,Sat,08:00,12:00,True
519,Fri,09:00,18:00,True
520,Fri,09:00,18:00,True
520,Thu,09:00,13:00,True
520,Wed,08:00,12:00,True
520,Tue,08:00,21:00,True
520,Mon,09:00,13:00,True
521,Sun,09:00,13:00,True
521,Sat,08:00,12:00,True
521,Fri,09:00,13:00,True
521,Thu,09:00,13:00,True
521,Mon,08:00,12:00,True
522,Tue,14:00,21:00,True
522,Fri,14:00,21:00,True
522,Thu,08:00,21:00,True
523,Sun,14:00,21:00,True
523,Thu,08:00,21:00,True
523,Fri,13:00,18:00,True
523,Sat,08:00,21:00,True
524,Wed,09:00,18:00,True
524,Tue,09:00,13:00,True
524,Mon,08:00,12:00,True
524,Sat,09:00,18:00,True
524,Thu,13:00,18:00,True
524,Sun,13:00,18:00,True
525,Sat,14:00,21:00,True
525,Mon,09:00,18:00,True
525,Fri,08:00,21:00,True
525,Sun,14:00,21:00,True
525,Wed,14:00,21:00,True
526,Mon,09:00,18:00,True
526,Fri,08:00,21:00,True
526,Wed,08:00,12:00,True
526,Tue,13:00,18:00,True
526,Sat,08:00,21:00,True
527,Mon,09:00,18:00,True
527,Tue,09:00,13:00,True
527,Thu,08:00,21:00,True
527,Sun,09:00,18:00,True
527,Sat,14:00,21:00,True
528,Tue,09:00,13:00,True
528,Sat,13:00,18:00,True
528,Mon,09:00,18:00,True
529,Sun,08:00,12:00,True
529,Sat,14:00,21:00,True
529,Tue,08:00,21:00,True
529,Fri,13:00,18:00,True
529,Thu,09:00,13:00,True
530,Wed,08:00,21:00,True
530,Sat,09:00,13:00,True
530,Fri,08:00,12:00,True
530,Thu,09:00,18:00,True
530,Sun,14:00,21:00,True
531,Fri,09:00,13:00,True
531,Tue,14:00,21:00,True
531,Wed,13:00,18:00,True
532,Sat,09:00,13:00,True
532,Wed,14:00,21:00,True
532,Mon,14:00,21:00,True
533,Thu,14:00,21:00,True
533,Tue,08:00,21:00,True
533,Wed,14:00,21:00,True
533,Fri,13:00,18:00,True
533,Sun,08:00,12:00,True
533,Sat,09:00,13:00,True
534,Tue,08:00,12:00,True
534,Sat,13:00,18:00,True
534,Wed,09:00,13:00,True
534,Mon,13:00,18:00,True
535,Sun,08:00,21:00,True
535,Tue,09:00,13:00,True
535,Thu,09:00,13:00,True
535,Mon,08:00,21:00,True
536,Sun,13:00,18:00,True
536,Thu,09:00,13:00,True
536,Tue,14:00,21:00,True
536,Mon,13:00,18:00,True
536,Fri,13:00,18:00,True
536,Sat,08:00,21:00,True
537,Sat,14:00,21:00,True
537,Tue,09:00,13:00,True
537,Sun,08:00,12:00,True
538,Wed,09:00,13:00,True
538,Thu,14:00,21:00,True
538,Tue,08:00,21:00,True
539,Wed,08:00,21:00,True
539,Tue,14:00,21:00,True
539,Fri,08:00,12:00,True
539,Thu,14:00,21:00,True
540,Sat,14:00,21:00,True
540,Wed,09:00,18:00,True
540,Fri,14:00,21:00,True
540,Sun,08:00,21:00,True
540,Mon,08:00,12:00,True
540,Thu,09:00,13:00,True
541,Sun,13:00,18:00,True
541,Thu,08:00,12:00,True
541,Sat,09:00,18:00,True
542,Sat,08:00,21:00,True
542,Mon,08:00,12:00,True
542,Fri,09:00,18:00,True
542,Sun,08:00,21:00,True
542,Tue,14:00,21:00,True
543,Mon,08:00,12:00,True
543,Wed,09:00,13:00,True
543,Sat,09:00,18:00,True
544,Sat,08:00,12:00,True
544,Wed,09:00,13:00,True
544,Mon,09:00,18:00,True
544,Thu,13:00,18:00,True
545,Fri,08:00,21:00,True
545,Thu,13:00,18:00,True
545,Tue,13:00,18:00,True
546,Mon,09:00,18:00,True
546,Fri,14:00,21:00,True
546,Wed,08:00,21:00,True
546,Thu,09:00,18:00,True
547,Sat,08:00,12:00,True
547,Thu,08:00,21:00,True
547,Wed,09:00,18:00,True
547,Sun,08:00,12:00,True
548,Fri,09:00,18:00,True
548,Thu,08:00,21:00,True
548,Sat,14:00,21:00,True
548,Mon,09:00,13:00,True
548,Tue,14:00,21:00,True
549,Wed,09:00,18:00,True
549,Sun,09:00,18:00,True
549,Mon,14:00,21:00,True
549,Sat,09:00,13:00,True
549,Thu,14:00,21:00,True
550,Thu,14:00,21:00,True
550,Fri,14:00,21:00,True
550,Sun,09:00,13:00,True
551,Fri,13:00,18:00,True
551,Sat,08:00,12:00,True
551,Thu,08:00,21:00,True
551,Mon,09:00,18:00,True
552,Fri,08:00,21:00,True
552,Thu,09:00,18:00,True
552,Sat,14:00,21:00,True
552,Tue,09:00,13:00,True
553,Sun,13:00,18:00,True
553,Fri,08:00,21:00,True
553,Thu,09:00,18:00,True
553,Sat,08:00,12:00,True
553,Mon,08:00,21:00,True
553,Tue,09:00,18:00,True
554,Thu,08:00,21:00,True
554,Mon,09:00,13:00,True
554,Sat,13:00,18:00,True
554,Tue,14:00,21:00,True
554,Sun,08:00,21:00,True
554,Fri,13:00,18:00,True
555,Wed,08:00,21:00,True
555,Sun,13:00,18:00,True
555,Thu,09:00,18:00,True
555,Sat,13:00,18:00,True
555,Tue,09:00,18:00,True
556,Wed,08:00,21:00,True
556,Sat,14:00,21:00,True
556,Tue,08:00,21:00,True
556,Sun,13:00,18:00,True
556,Fri,09:00,13:00,True
557,Fri,08:00,21:00,True
557,Mon,09:00,18:00,True
557,Wed,08:00,21:00,True
557,Sun,09:00,18:00,True
558,Sun,14:00,21:00,True
558,Fri,14:00,21:00,True
558,Thu,08:00,12:00,True
558,Tue,08:00,21:00,True
559,Fri,13:00,18:00,True
559,Sat,08:00,21:00,True
559,Mon,08:00,12:00,True
559,Tue,14:00,21:00,True
559,Wed,08:00,21:00,True
559,Sun,08:00,12:00,True
560,Sun,08:00,21:00,True
560,Sat,08:00,21:00,True
560,Tue,14:00,21:00,True
560,Fri,09:00,13:00,True
560,Mon,08:00,12:00,True
561,Mon,09:00,13:00,True
561,Fri,14:00,21:00,True
561,Sun,08:00,12:00,True
561,Wed,14:00,21:00,True
561,Thu,08:00,12:00,True
561,Sat,14:00,21:00,True
562,Fri,08:00,12:00,True
562,Sat,13:00,18:00,True
562,Sun,14:00,21:00,True
562,Thu,09:00,18:00,True
563,Wed,14:00,21:00,True
563,Sat,08:00,12:00,True
563,Fri,09:00,13:00,True
563,Sun,14:00,21:00,True
563,Thu,08:00,12:00,True
564,Tue,13:00,18:00,True
564,Mon,09:00,18:00,True
564,Sun,13:00,18:00,True
564,Fri,13:00,18:00,True
565,Fri,09:00,18:00,True
565,Sat,14:00,21:00,True
565,Tue,08:00,21:00,True
565,Wed,09:00,18:00,True
566,Mon,14:00,21:00,True
566,Thu,13:00,18:00,True
566,Sun,08:00,12:00,True
566,Sat,08:00,21:00,True
566,Tue,09:00,13:00,True
566,Fri,09:00,13:00,True
567,Mon,08:00,21:00,True
567,Sun,14:00,21:00,True
567,Tue,08:00,21:00,True
567,Fri,09:00,18:00,True
567,Thu,14:00,21:00,True
568,Fri,14:00,21:00,True
568,Wed,09:00,13:00,True
568,Thu,08:00,21:00,True
568,Sat,08:00,12:00,True
568,Mon,13:00,18:00,True
569,Tue,08:00,21:00,True
569,Wed,08:00,12:00,True
569,Fri,09:00,13:00,True
569,Sat,08:00,12:00,True
569,Thu,08:00,21:00,True
569,Sun,08:00,21:00,True
570,Fri,08:00,21:00,True
570,Sat,14:00,21:00,True
570,Mon,14:00,21:00,True
570,Tue,14:00,21:00,True
570,Sun,14:00,21:00,True
571,Sat,08:00,12:00,True
571,Mon,09:00,18:00,True
571,Sun,09:00,13:00,True
571,Fri,09:00,18:00,True
571,Wed,08:00,12:00,True
572,Fri,08:00,12:00,True
572,Sat,09:00,18:00,True
572,Thu,14:00,21:00,True
572,Mon,08:00,12:00,True
572,Tue,08:00,12:00,True
572,Wed,09:00,13:00,True
573,Tue,09:00,13:00,True
573,Sun,08:00,12:00,True
573,Sat,08:00,12:00,True
573,Wed,09:00,18:00,True
574,Thu,13:00,18:00,True
574,Wed,08:00,12:00,True
574,Tue,09:00,13:00,True
574,Fri,14:00,21:00,True
575,Fri,09:00,13:00,True
575,Sun,09:00,13:00,True
575,Sat,08:00,12:00,True
575,Mon,14:00,21:00,True
576,Mon,13:00,18:00,True
576,Sun,13:00,18:00,True
576,Thu,13:00,18:00,True
576,Fri,08:00,12:00,True
576,Tue,14:00,21:00,True
576,Sat,08:00,21:00,True
577,Tue,09:00,13:00,True
577,Fri,08:00,21:00,True
577,Sun,14:00,21:00,True
578,Wed,14:00,21:00,True
578,Mon,09:00,13:00,True
578,Tue,13:00,18:00,True
578,Sat,14:00,21:00,True
579,Sun,08:00,12:00,True
579,Fri,13:00,18:00,True
579,Sat,09:00,13:00,True
579,Tue,08:00,12:00,True
579,Mon,14:00,21:00,True
579,Wed,08:00,12:00,True
580,Wed,09:00,18:00,True
580,Sat,08:00,21:00,True
580,Fri,08:00,21:00,True
580,Sun,08:00,12:00,True
581,Sat,13:00,18:00,True
581,Mon,09:00,18:00,True
581,Thu,08:00,12:00,True
582,Thu,14:00,21:00,True
582,Wed,08:00,21:00,True
582,Tue,08:00,12:00,True
582,Mon,09:00,13:00,True
582,Sat,09:00,13:00,True
583,Tue,08:00,12:00,True
583,Thu,08:00,21:00,True
583,Fri,13:00,18:00,True
583,Wed,08:00,21:00,True
583,Sat,09:00,18:00,True
583,Sun,13:00,18:00,True
584,Fri,09:00,13:00,True
584,Tue,14:00,21:00,True
584,Mon,08:00,12:00,True
585,Sun,08:00,12:00,True
585,Fri,09:00,13:00,True
585,Tue,08:00,21:00,True
585,Sat,08:00,21:00,True
585,Wed,13:00,18:00,True
585,Mon,09:00,18:00,True
586,Sun,09:00,13:00,True
586,Sat,13:00,18:00,True
586,Tue,08:00,12:00,True
586,Thu,14:00,21:00,True
587,Sat,09:00,18:00,True
587,Fri,09:00,18:00,True
587,Wed,08:00,12:00,True
587,Tue,08:00,12:00,True
587,Sun,14:00,21:00,True
588,Fri,13:00,18:00,True
588,Tue,09:00,13:00,True
588,Sat,14:00,21:00,True
588,Wed,08:00,12:00,True
588,Mon,08:00,21:00,True
588,Thu,08:00,21:00,True
589,Sat,09:00,18:00,True
589,Thu,08:00,21:00,True
589,Wed,09:00,18:00,True
589,Mon,14:00,21:00,True
590,Sun,09:00,13:00,True
590,Wed,08:00,21:00,True
590,Tue,14:00,21:00,True
590,Mon,08:00,21:00,True
590,Thu,14:00,21:00,True
590,Fri,14:00,21:00,True
591,Mon,09:00,18:00,True
591,Sun,14:00,21:00,True
591,Sat,09:00,13:00,True
591,Thu,09:00,18:00,True
591,Fri,14:00,21:00,True
592,Mon,09:00,18:00,True
592,Tue,08:00,21:00,True
592,Wed,08:00,21:00,True
593,Tue,08:00,12:00,True
593,Fri,08:00,21:00,True
593,Sun,13:00,18:00,True
594,Wed,13:00,18:00,True
594,Tue,14:00,21:00,True
594,Sun,08:00,21:00,True
594,Thu,08:00,21:00,True
594,Mon,13:00,18:00,True
595,Sun,14:00,21:00,True
595,Wed,13:00,18:00,True
595,Mon,09:00,18:00,True
595,Fri,14:00,21:00,True
595,Sat,08:00,21:00,True
596,Sun,09:00,18:00,True
596,Fri,08:00,21:00,True
596,Sat,08:00,12:00,True
596,Tue,09:00,13:00,True
596,Thu,08:00,12:00,True
597,Fri,14:00,21:00,True
597,Sun,08:00,12:00,True
597,Mon,09:00,13:00,True
597,Wed,09:00,18:00,True
597,Sat,09:00,13:00,True
598,Tue,14:00,21:00,True
598,Mon,09:00,18:00,True
598,Fri,09:00,18:00,True
598,Thu,09:00,18:00,True
598,Sun,09:00,13:00,True
599,Wed,08:00,21:00,True
599,Tue,09:00,13:00,True
599,Sun,13:00,18:00,True
599,Fri,08:00,21:00,True
599,Mon,09:00,13:00,True
600,Wed,14:00,21:00,True
600,Fri,09:00,18:00,True
600,Mon,14:00,21:00,True
600,Thu,08:00,12:00,True
600,Sun,09:00,13:00,True
600,Tue,08:00,12:00,True
601,Thu,13:00,18:00,True
601,Sat,09:00,18:00,True
601,Tue,08:00,21:00,True
601,Sun,08:00,21:00,True
601,Mon,13:00,18:00,True
601,Fri,13:00,18:00,True
602,Sat,09:00,13:00,True
602,Tue,08:00,12:00,True
602,Sun,08:00,21:00,True
602,Fri,14:00,21:00,True
602,Wed,08:00,21:00,True
602,Mon,08:00,12:00,True
603,Wed,09:00,13:00,True
603,Thu,09:00,13:00,True
603,Mon,13:00,18:00,True
603,Tue,08:00,21:00,True
603,Sat,08:00,21:00,True
603,Sun,08:00,12:00,True
604,Mon,09:00,13:00,True
604,Fri,09:00,13:00,True
604,Sat,08:00,21:00,True
604,Wed,09:00,18:00,True
604,Sun,14:00,21:00,True
605,Mon,08:00,12:00,True
605,Fri,13:00,18:00,True
605,Sun,08:00,21:00,True
605,Sat,09:00,13:00,True
605,Tue,09:00,18:00,True
605,Wed,09:00,18:00,True
606,Mon,13:00,18:00,True
606,Sat,09:00,13:00,True
606,Fri,09:00,13:00,True
606,Sun,14:00,21:00,True
606,Tue,09:00,13:00,True
606,Thu,14:00,21:00,True
607,Wed,09:00,13:00,True
607,Sun,13:00,18:00,True
607,Tue,08:00,21:00,True
607,Thu,14:00,21:00,True
608,Sun,13:00,18:00,True
608,Wed,09:00,18:00,True
608,Mon,08:00,21:00,True
608,Fri,09:00,18:00,True
608,Thu,09:00,18:00,True
608,Sat,09:00,13:00,True
609,Sat,14:00,21:00,True
609,Sun,09:00,13:00,True
609,Mon,09:00,13:00,True
609,Tue,08:00,21:00,True
609,Fri,13:00,18:00,True
610,Wed,08:00,21:00,True
610,Mon,13:00,18:00,True
610,Tue,09:00,13:00,True
611,Sat,14:00,21:00,True
611,Fri,08:00,21:00,True
611,Wed,08:00,12:00,True
611,Tue,14:00,21:00,True
611,Sun,14:00,21:00,True
611,Thu,14:00,21:00,True
612,Mon,09:00,13:00,True
612,Sat,14:00,21:00,True
612,Sun,08:00,12:00,True
612,Fri,09:00,13:00,True
613,Mon,09:00,13:00,True
613,Fri,09:00,18:00,True
613,Thu,08:00,12:00,True
613,Tue,14:00,21:00,True
614,Thu,09:00,13:00,True
614,Fri,08:00,21:00,True
614,Mon,13:00,18:00,True
614,Tue,08:00,12:00,True
615,Tue,08:00,21:00,True
615,Sat,08:00,21:00,True
615,Sun,14:00,21:00,True
615,Wed,08:00,12:00,True
616,Sat,09:00,13:00,True
616,Wed,08:00,12:00,True
616,Sun,08:00,21:00,True
616,Mon,09:00,13:00,True
617,Fri,14:00,21:00,True
617,Sat,08:00,21:00,True
617,Thu,09:00,13:00,True
617,Wed,08:00,21:00,True
617,Sun,14:00,21:00,True
617,Tue,09:00,18:00,True
618,Wed,09:00,13:00,True
618,Tue,08:00,12:00,True
618,Sun,14:00,21:00,True
618,Mon,14:00,21:00,True
618,Sat,08:00,21:00,True
618,Fri,09:00,18:00,True
619,Wed,09:00,18:00,True
619,Sat,09:00,13:00,True
619,Thu,09:00,13:00,True
619,Tue,09:00,13:00,True
619,Sun,08:00,21:00,True
620,Tue,08:00,12:00,True
620,Thu,09:00,13:00,True
620,Mon,09:00,13:00,True
620,Sat,13:00,18:00,True
620,Sun,09:00,18:00,True
620,Wed,09:00,13:00,True
621,Fri,09:00,13:00,True
621,Tue,08:00,21:00,True
621,Sat,09:00,13:00,True
621,Thu,14:00,21:00,True
621,Sun,13:00,18:00,True
621,Wed,09:00,18:00,True
622,Wed,08:00,21:00,True
622,Sun,09:00,13:00,True
622,Tue,09:00,13:00,True
623,Tue,09:00,13:00,True
623,Thu,09:00,18:00,True
623,Mon,09:00,18:00,True
623,Sat,08:00,21:00,True
624,Thu,08:00,12:00,True
624,Fri,14:00,21:00,True
624,Sat,08:00,21:00,True
624,Tue,09:00,18:00,True
624,Sun,13:00,18:00,True
625,Wed,14:00,21:00,True
625,Sat,08:00,12:00,True
625,Mon,09:00,18:00,True
625,Sun,09:00,18:00,True
625,Thu,14:00,21:00,True
626,Thu,08:00,21:00,True
626,Wed,08:00,12:00,True
626,Mon,13:00,18:00,True
626,Sat,09:00,18:00,True
626,Sun,08:00,12:00,True
626,Tue,09:00,13:00,True
627,Thu,09:00,18:00,True
627,Sat,09:00,13:00,True
627,Wed,14:00,21:00,True
627,Tue,13:00,18:00,True
627,Sun,13:00,18:00,True
627,Fri,08:00,12:00,True
628,Sun,08:00,21:00,True
628,Mon,08:00,12:00,True
628,Sat,08:00,21:00,True
628,Fri,13:00,18:00,True
629,Sat,08:00,21:00,True
629,Mon,08:00,12:00,True
629,Tue,08:00,12:00,True
629,Sun,14:00,21:00,True
630,Sat,09:00,13:00,True
630,Sun,09:00,18:00,True
630,Fri,08:00,12:00,True
630,Mon,08:00,12:00,True
630,Tue,09:00,13:00,True
631,Sun,09:00,18:00,True
631,Tue,13:00,18:00,True
631,Sat,09:00,18:00,True
631,Thu,14:00,21:00,True
631,Wed,09:00,18:00,True
632,Sun,14:00,21:00,True
632,Tue,13:00,18:00,True
632,Mon,08:00,21:00,True
632,Fri,08:00,12:00,True
632,Thu,09:00,18:00,True
633,Sat,14:00,21:00,True
633,Wed,13:00,18:00,True
633,Thu,14:00,21:00,True
633,Sun,13:00,18:00,True
633,Fri,14:00,21:00,True
634,Thu,14:00,21:00,True
634,Sun,08:00,12:00,True
634,Sat,09:00,13:00,True
634,Tue,13:00,18:00,True
634,Mon,14:00,21:00,True
634,Fri,08:00,21:00,True
635,Mon,09:00,13:00,True
635,Thu,13:00,18:00,True
635,Sat,13:00,18:00,True
636,Thu,08:00,12:00,True
636,Tue,13:00,18:00,True
636,Sun,08:00,21:00,True
636,Mon,14:00,21:00,True
636,Sat,09:00,18:00,True
636,Fri,13:00,18:00,True
637,Fri,13:00,18:00,True
637,Tue,13:00,18:00,True
637,Sun,08:00,21:00,True
638,Fri,09:00,13:00,True
638,Wed,09:00,13:00,True
638,Sun,13:00,18:00,True
638,Sat,08:00,21:00,True
638,Thu,09:00,18:00,True
639,Mon,08:00,21:00,True
639,Fri,13:00,18:00,True
639,Thu,08:00,12:00,True
639,Sat,14:00,21:00,True
639,Wed,14:00,21:00,True
640,Sun,13:00,18:00,True
640,Fri,14:00,21:00,True
640,Thu,13:00,18:00,True
640,Tue,09:00,18:00,True
640,Sat,09:00,18:00,True
641,Wed,09:00,13:00,True
641,Sun,13:00,18:00,True
641,Tue,08:00,12:00,True
642,Sun,09:00,13:00,True
642,Wed,08:00,21:00,True
642,Mon,09:00,18:00,True
642,Sat,14:00,21:00,True
642,Tue,13:00,18:00,True
642,Thu,09:00,13:00,True
643,Sat,14:00,21:00,True
643,Thu,09:00,13:00,True
643,Wed,13:00,18:00,True
644,Mon,08:00,12:00,True
644,Fri,13:00,18:00,True
644,Tue,13:00,18:00,True
644,Sat,13:00,18:00,True
645,Mon,08:00,12:00,True
645,Wed,08:00,21:00,True
645,Tue,08:00,21:00,True
645,Fri,09:00,18:00,True
646,Thu,13:00,18:00,True
646,Sat,14:00,21:00,True
646,Sun,08:00,12:00,True
646,Mon,08:00,21:00,True
646,Wed,08:00,21:00,True
647,Tue,13:00,18:00,True
647,Sun,09:00,18:00,True
647,Fri,13:00,18:00,True
647,Mon,09:00,18:00,True
647,Wed,14:00,21:00,True
647,Sat,09:00,13:00,True
648,Fri,08:00,12:00,True
648,Sat,08:00,12:00,True
648,Sun,14:00,21:00,True
648,Thu,08:00,12:00,True
648,Mon,08:00,21:00,True
648,Wed,09:00,13:00,True
649,Tue,09:00,13:00,True
649,Fri,09:00,13:00,True
649,Mon,13:00,18:00,True
649,Wed,09:00,13:00,True
649,Sat,14:00,21:00,True
650,Fri,08:00,12:00,True
650,Mon,09:00,18:00,True
650,Sat,08:00,12:00,True
651,Thu,13:00,18:00,True
651,Sat,14:00,21:00,True
651,Wed,08:00,21:00,True
651,Mon,08:00,12:00,True
652,Mon,14:00,21:00,True
652,Sun,09:00,18:00,True
652,Tue,08:00,21:00,True
653,Mon,09:00,13:00,True
653,Sun,08:00,12:00,True
653,Thu,09:00,18:00,True
653,Fri,08:00,12:00,True
653,Tue,08:00,21:00,True
653,Wed,08:00,12:00,True
654,Sat,13:00,18:00,True
654,Sun,08:00,12:00,True
654,Mon,09:00,18:00,True
654,Wed,13:00,18:00,True
655,Fri,13:00,18:00,True
655,Thu,13:00,18:00,True
655,Wed,09:00,13:00,True
655,Sat,08:00,21:00,True
656,Fri,08:00,21:00,True
656,Sat,08:00,21:00,True
656,Tue,09:00,13:00,True
656,Wed,09:00,18:00,True
656,Thu,09:00,13:00,True
657,Fri,08:00,21:00,True
657,Sat,13:00,18:00,True
657,Tue,14:00,21:00,True
657,Sun,08:00,12:00,True
657,Wed,13:00,18:00,True
658,Sun,09:00,18:00,True
658,Sat,08:00,12:00,True
658,Tue,14:00,21:00,True
658,Mon,09:00,13:00,True
659,Mon,08:00,12:00,True
659,Sun,09:00,13:00,True
659,Sat,09:00,13:00,True
659,Wed,08:00,21:00,True
660,Wed,08:00,21:00,True
660,Tue,09:00,18:00,True
660,Sun,09:00,18:00,True
660,Thu,08:00,12:00,True
660,Fri,08:00,21:00,True
660,Sat,14:00,21:00,True
661,Sat,14:00,21:00,True
661,Thu,08:00,12:00,True
661,Mon,14:00,21:00,True
661,Sun,13:00,18:00,True
661,Fri,09:00,18:00,True
662,Fri,08:00,21:00,True
662,Thu,09:00,13:00,True
662,Mon,09:00,18:00,True
662,Sun,08:00,21:00,True
663,Wed,08:00,21:00,True
663,Fri,09:00,18:00,True
663,Mon,14:00,21:00,True
664,Thu,14:00,21:00,True
664,Tue,08:00,12:00,True
664,Mon,13:00,18:00,True
664,Sun,09:00,13:00,True
664,Wed,09:00,13:00,True
664,Fri,13:00,18:00,True
665,Thu,08:00,21:00,True
665,Wed,09:00,18:00,True
665,Sun,08:00,12:00,True
665,Mon,14:00,21:00,True
665,Sat,14:00,21:00,True
665,Tue,08:00,12:00,True
666,Mon,09:00,18:00,True
666,Tue,09:00,13:00,True
666,Sun,08:00,21:00,True
667,Mon,09:00,18:00,True
667,Wed,09:00,18:00,True
667,Sun,08:00,12:00,True
667,Fri,13:00,18:00,True
667,Thu,09:00,13:00,True
667,Tue,13:00,18:00,True
668,Sat,08:00,12:00,True
668,Tue,14:00,21:00,True
668,Fri,09:00,18:00,True
668,Sun,08:00,12:00,True
669,Sat,14:00,21:00,True
669,Sun,09:00,18:00,True
669,Wed,09:00,13:00,True
669,Thu,08:00,21:00,True
670,Fri,08:00,21:00,True
670,Mon,08:00,12:00,True
670,Tue,13:00,18:00,True
671,Wed,13:00,18:00,True
671,Mon,08:00,21:00,True
671,Thu,13:00,18:00,True
671,Sun,13:00,18:00,True
671,Fri,13:00,18:00,True
671,Sat,09:00,18:00,True
672,Wed,09:00,13:00,True
672,Fri,08:00,21:00,True
672,Thu,13:00,18:00,True
672,Tue,09:00,13:00,True
672,Sun,08:00,21:00,True
673,Sat,14:00,21:00,True
673,Thu,14:00,21:00,True
673,Wed,08:00,21:00,True
673,Tue,13:00,18:00,True
674,Fri,08:00,12:00,True
674,Sun,14:00,21:00,True
674,Wed,08:00,21:00,True
674,Thu,14:00,21:00,True
674,Mon,09:00,18:00,True
674,Tue,08:00,12:00,True
675,Fri,09:00,13:00,True
675,Sun,08:00,12:00,True
675,Wed,08:00,21:00,True
676,Fri,09:00,18:00,True
676,Wed,09:00,18:00,True
676,Tue,13:00,18:00,True
676,Sun,09:00,13:00,True
676,Mon,09:00,13:00,True
677,Sun,14:00,21:00,True
677,Thu,09:00,18:00,True
677,Tue,09:00,13:00,True
677,Fri,09:00,13:00,True
678,Thu,09:00,13:00,True
678,Tue,08:00,21:00,True
678,Sun,14:00,21:00,True
678,Fri,14:00,21:00,True
678,Mon,09:00,18:00,True
678,Sat,13:00,18:00,True
679,Sun,13:00,18:00,True
679,Thu,13:00,18:00,True
679,Tue,14:00,21:00,True
679,Fri,13:00,18:00,True
680,Thu,14:00,21:00,True
680,Sat,09:00,18:00,True
680,Mon,13:00,18:00,True
681,Wed,09:00,18:00,True
681,Thu,08:00,21:00,True
681,Tue,09:00,18:00,True
681,Fri,09:00,18:00,True
681,Mon,09:00,18:00,True
682,Fri,09:00,13:00,True
682,Wed,13:00,18:00,True
682,Thu,09:00,13:00,True
683,Fri,08:00,12:00,True
683,Thu,09:00,13:00,True
683,Sat,09:00,18:00,True
683,Tue,08:00,21:00,True
683,Mon,08:00,12:00,True
684,Wed,09:00,18:00,True
684,Tue,08:00,12:00,True
684,Sun,09:00,18:00,True
685,Thu,09:00,13:00,True
685,Tue,08:00,21:00,True
685,Mon,09:00,18:00,True
685,Sat,08:00,12:00,True
686,Sun,09:00,18:00,True
686,Fri,14:00,21:00,True
686,Sat,09:00,13:00,True
686,Thu,09:00,18:00,True
686,Tue,14:00,21:00,True
687,Wed,08:00,12:00,True
687,Sun,09:00,13:00,True
687,Mon,14:00,21:00,True
687,Sat,08:00,21:00,True
687,Tue,09:00,13:00,True
687,Fri,14:00,21:00,True
688,Thu,09:00,13:00,True
688,Sat,14:00,21:00,True
688,Sun,08:00,12:00,True
688,Wed,09:00,13:00,True
688,Mon,09:00,13:00,True
688,Tue,08:00,21:00,True
689,Wed,08:00,12:00,True
689,Tue,09:00,13:00,True
689,Sun,08:00,21:00,True
689,Sat,08:00,21:00,True
689,Mon,09:00,18:00,True
690,Mon,14:00,21:00,True
690,Fri,14:00,21:00,True
690,Sat,09:00,18:00,True
690,Sun,08:00,12:00,True
690,Tue,08:00,21:00,True
691,Wed,08:00,12:00,True
691,Thu,09:00,13:00,True
691,Tue,09:00,13:00,True
691,Mon,14:00,21:00,True
691,Sat,09:00,18:00,True
691,Fri,09:00,13:00,True
692,Sat,08:00,21:00,True
692,Thu,14:00,21:00,True
692,Mon,13:00,18:00,True
692,Fri,09:00,18:00,True
693,Tue,13:00,18:00,True
693,Mon,13:00,18:00,True
693,Thu,09:00,18:00,True
693,Fri,13:00,18:00,True
694,Thu,13:00,18:00,True
694,Sat,13:00,18:00,True
694,Sun,08:00,12:00,True
694,Fri,09:00,13:00,True
694,Wed,09:00,13:00,True
695,Wed,14:00,21:00,True
695,Tue,14:00,21:00,True
695,Thu,09:00,18:00,True
696,Sun,09:00,13:00,True
696,Mon,09:00,18:00,True
696,Sat,14:00,21:00,True
696,Fri,14:00,21:00,True
696,Thu,08:00,12:00,True
696,Wed,08:00,21:00,True
697,Wed,09:00,18:00,True
697,Sun,08:00,12:00,True
697,Mon,08:00,12:00,True
697,Fri,09:00,18:00,True
698,Tue,08:00,21:00,True
698,Mon,08:00,21:00,True
698,Thu,09:00,18:00,True
698,Wed,08:00,12:00,True
698,Sat,14:00,21:00,True
699,Thu,14:00,21:00,True
699,Tue,09:00,13:00,True
699,Wed,08:00,21:00,True
699,Fri,09:00,13:00,True
699,Mon,08:00,12:00,True
699,Sun,08:00,12:00,True
700,Sat,14:00,21:00,True
700,Wed,14:00,21:00,True
700,Fri,14:00,21:00,True
700,Tue,08:00,12:00,True
700,Sun,08:00,21:00,True
701,Thu,14:00,21:00,True
701,Tue,08:00,21:00,True
701,Sun,13:00,18:00,True
701,Fri,14:00,21:00,True
701,Wed,09:00,13:00,True
702,Wed,13:00,18:00,True
702,Tue,09:00,13:00,True
702,Mon,08:00,21:00,True
702,Sat,09:00,13:00,True
702,Fri,14:00,21:00,True
702,Thu,08:00,12:00,True
703,Tue,09:00,18:00,True
703,Wed,14:00,21:00,True
703,Fri,09:00,18:00,True
703,Sat,09:00,18:00,True
704,Wed,14:00,21:00,True
704,Mon,14:00,21:00,True
704,Thu,09:00,18:00,True
704,Sat,09:00,18:00,True
704,Tue,09:00,13:00,True
705,Tue,13:00,18:00,True
705,Thu,09:00,18:00,True
705,Mon,09:00,18:00,True
705,Sat,14:00,21:00,True
705,Fri,08:00,12:00,True
705,Wed,09:00,18:00,True
706,Tue,14:00,21:00,True
706,Fri,08:00,12:00,True
706,Sun,13:00,18:00,True
706,Mon,08:00,21:00,True
706,Wed,09:00,13:00,True
707,Wed,09:00,13:00,True
707,Fri,08:00,12:00,True
707,Sat,08:00,12:00,True
707,Mon,09:00,13:00,True
707,Thu,08:00,12:00,True
708,Wed,09:00,13:00,True
708,Mon,14:00,21:00,True
708,Sun,09:00,13:00,True
709,Wed,08:00,12:00,True
709,Thu,09:00,18:00,True
709,Sat,14:00,21:00,True
710,Thu,14:00,21:00,True
710,Wed,09:00,13:00,True
710,Sat,08:00,12:00,True
710,Tue,09:00,18:00,True
710,Mon,13:00,18:00,True
710,Fri,08:00,12:00,True
711,Fri,14:00,21:00,True
711,Tue,09:00,18:00,True
711,Thu,09:00,18:00,True
712,Sat,13:00,18:00,True
712,Wed,13:00,18:00,True
712,Thu,14:00,21:00,True
712,Tue,08:00,12:00,True
713,Mon,08:00,12:00,True
713,Sun,09:00,13:00,True
713,Wed,09:00,18:00,True
713,Fri,09:00,13:00,True
713,Tue,09:00,18:00,True
714,Mon,08:00,12:00,True
714,Thu,08:00,21:00,True
714,Sun,13:00,18:00,True
714,Wed,13:00,18:00,True
714,Tue,08:00,21:00,True
715,Tue,13:00,18:00,True
715,Fri,09:00,13:00,True
715,Sat,09:00,13:00,True
715,Sun,08:00,21:00,True
715,Mon,09:00,18:00,True
716,Thu,14:00,21:00,True
716,Fri,09:00,13:00,True
716,Tue,09:00,18:00,True
716,Mon,08:00,21:00,True
717,Sat,14:00,21:00,True
717,Fri,09:00,18:00,True
717,Thu,09:00,13:00,True
717,Mon,08:00,21:00,True
717,Sun,13:00,18:00,True
718,Tue,08:00,21:00,True
718,Sun,09:00,13:00,True
718,Wed,08:00,21:00,True
718,Mon,08:00,12:00,True
718,Fri,08:00,21:00,True
718,Thu,08:00,12:00,True
719,Wed,08:00,21:00,True
719,Thu,09:00,13:00,True
719,Sat,08:00,21:00,True
719,Sun,09:00,13:00,True
719,Tue,09:00,13:00,True
720,Tue,09:00,13:00,True
720,Mon,14:00,21:00,True
720,Sat,08:00,12:00,True
720,Thu,13:00,18:00,True
720,Wed,09:00,13:00,True
720,Sun,13:00,18:00,True
721,Wed,08:00,12:00,True
721,Tue,09:00,13:00,True
721,Thu,08:00,21:00,True
721,Sat,14:00,21:00,True
721,Fri,14:00,21:00,True
721,Mon,09:00,13:00,True
722,Tue,09:00,13:00,True
722,Wed,08:00,21:00,True
722,Sat,09:00,18:00,True
723,Mon,08:00,21:00,True
723,Thu,13:00,18:00,True
723,Tue,08:00,21:00,True
723,Fri,14:00,21:00,True
723,Sun,13:00,18:00,True
724,Sun,14:00,21:00,True
724,Tue,09:00,18:00,True
724,Fri,08:00,12:00,True
724,Wed,08:00,21:00,True
724,Sat,08:00,12:00,True
724,Mon,08:00,12:00,True
725,Sat,08:00,21:00,True
725,Fri,09:00,13:00,True
725,Thu,09:00,13:00,True
726,Sat,13:00,18:00,True
726,Fri,09:00,13:00,True
726,Thu,09:00,18:00,True
726,Tue,08:00,12:00,True
726,Mon,08:00,12:00,True
727,Mon,09:00,18:00,True
727,Thu,08:00,21:00,True
727,Wed,09:00,13:00,True
727,Fri,08:00,12:00,True
727,Tue,08:00,21:00,True
728,Sun,13:00,18:00,True
728,Tue,14:00,21:00,True
728,Sat,08:00,12:00,True
728,Fri,08:00,21:00,True
729,Sat,14:00,21:00,True
729,Mon,08:00,12:00,True
729,Tue,09:00,13:00,True
729,Thu,13:00,18:00,True
730,Tue,14:00,21:00,True
730,Sat,09:00,13:00,True
730,Sun,09:00,18:00,True
730,Wed,09:00,18:00,True
730,Thu,08:00,21:00,True
730,Fri,09:00,18:00,True
731,Mon,08:00,21:00,True
731,Fri,08:00,21:00,True
731,Sun,09:00,18:00,True
731,Tue,08:00,12:00,True
731,Sat,09:00,18:00,True
731,Wed,14:00,21:00,True
732,Fri,09:00,18:00,True
732,Sun,09:00,18:00,True
732,Mon,08:00,12:00,True
732,Wed,13:00,18:00,True
733,Fri,08:00,21:00,True
733,Thu,08:00,21:00,True
733,Mon,09:00,18:00,True
733,Sat,08:00,12:00,True
734,Mon,08:00,21:00,True
734,Wed,08:00,21:00,True
734,Tue,09:00,18:00,True
735,Sat,09:00,13:00,True
735,Mon,08:00,12:00,True
735,Fri,09:00,18:00,True
735,Wed,09:00,13:00,True
735,Tue,09:00,18:00,True
735,Thu,08:00,21:00,True
736,Mon,09:00,18:00,True
736,Fri,08:00,12:00,True
736,Thu,08:00,12:00,True
736,Sat,08:00,21:00,True
736,Sun,13:00,18:00,True
736,Wed,09:00,13:00,True
737,Thu,13:00,18:00,True
737,Tue,13:00,18:00,True
737,Wed,08:00,21:00,True
737,Sat,08:00,12:00,True
738,Fri,08:00,12:00,True
738,Wed,13:00,18:00,True
738,Mon,08:00,12:00,True
738,Tue,08:00,12:00,True
738,Sun,14:00,21:00,True
738,Sat,13:00,18:00,True
739,Wed,09:00,18:00,True
739,Tue,08:00,21:00,True
739,Sat,13:00,18:00,True
739,Mon,08:00,21:00,True
739,Thu,09:00,13:00,True
739,Fri,09:00,18:00,True
740,Mon,14:00,21:00,True
740,Wed,08:00,12:00,True
740,Sat,14:00,21:00,True
740,Sun,13:00,18:00,True
741,Tue,14:00,21:00,True
741,Sat,13:00,18:00,True
741,Mon,14:00,21:00,True
741,Fri,13:00,18:00,True
741,Sun,13:00,18:00,True
742,Mon,09:00,13:00,True
742,Wed,09:00,13:00,True
742,Sun,09:00,13:00,True
742,Sat,13:00,18:00,True
742,Fri,09:00,13:00,True
743,Sat,09:00,13:00,True
743,Mon,09:00,18:00,True
743,Fri,08:00,12:00,True
743,Sun,08:00,21:00,True
743,Wed,08:00,21:00,True
743,Thu,09:00,13:00,True
744,Thu,08:00,21:00,True
744,Mon,09:00,18:00,True
744,Sun,08:00,12:00,True
744,Fri,08:00,12:00,True
744,Wed,09:00,13:00,True
745,Sat,08:00,21:00,True
745,Thu,08:00,21:00,True
745,Wed,14:00,21:00,True
745,Sun,13:00,18:00,True
746,Fri,09:00,18:00,True
746,Mon,13:00,18:00,True
746,Sat,09:00,13:00,True
746,Wed,09:00,13:00,True
746,Sun,14:00,21:00,True
747,Tue,13:00,18:00,True
747,Thu,13:00,18:00,True
747,Wed,14:00,21:00,True
748,Tue,08:00,21:00,True
748,Thu,08:00,12:00,True
748,Sat,09:00,18:00,True
748,Fri,08:00,21:00,True
748,Sun,08:00,12:00,True
749,Fri,08:00,12:00,True
749,Mon,13:00,18:00,True
749,Sat,08:00,21:00,True
749,Thu,09:00,13:00,True
749,Sun,08:00,12:00,True
749,Tue,09:00,13:00,True
750,Sat,09:00,18:00,True
750,Thu,13:00,18:00,True
750,Sun,13:00,18:00,True
750,Tue,08:00,21:00,True
750,Wed,08:00,12:00,True
750,Mon,08:00,12:00,True
751,Mon,08:00,12:00,True
751,Tue,08:00,12:00,True
751,Sat,08:00,21:00,True
751,Wed,13:00,18:00,True
751,Thu,14:00,21:00,True
751,Sun,08:00,21:00,True
752,Sun,09:00,18:00,True
752,Fri,08:00,21:00,True
752,Sat,09:00,18:00,True
752,Thu,09:00,18:00,True
752,Wed,08:00,21:00,True
752,Tue,08:00,21:00,True
753,Sun,09:00,18:00,True
753,Fri,09:00,18:00,True
753,Wed,09:00,13:00,True
754,Fri,14:00,21:00,True
754,Thu,08:00,21:00,True
754,Tue,08:00,12:00,True
755,Fri,13:00,18:00,True
755,Tue,08:00,12:00,True
755,Sun,13:00,18:00,True
755,Mon,14:00,21:00,True
756,Sat,13:00,18:00,True
756,Wed,14:00,21:00,True
756,Mon,08:00,21:00,True
756,Thu,08:00,12:00,True
756,Sun,09:00,13:00,True
756,Tue,08:00,12:00,True
757,Fri,08:00,21:00,True
757,Wed,08:00,12:00,True
757,Sun,08:00,12:00,True
757,Sat,09:00,13:00,True
758,Mon,09:00,18:00,True
758,Sat,13:00,18:00,True
758,Tue,08:00,12:00,True
759,Mon,09:00,18:00,True
759,Thu,09:00,13:00,True
759,Sat,09:00,18:00,True
759,Tue,14:00,21:00,True
759,Wed,08:00,21:00,True
760,Tue,14:00,21:00,True
760,Mon,08:00,21:00,True
760,Thu,09:00,13:00,True
760,Sun,09:00,18:00,True
760,Wed,09:00,13:00,True
760,Fri,13:00,18:00,True
761,Fri,09:00,13:00,True
761,Sat,09:00,13:00,True
761,Sun,14:00,21:00,True
761,Wed,09:00,13:00,True
761,Mon,08:00,12:00,True
761,Thu,09:00,13:00,True
762,Mon,08:00,12:00,True
762,Fri,14:00,21:00,True
762,Tue,08:00,12:00,True
763,Tue,13:00,18:00,True
763,Thu,13:00,18:00,True
763,Mon,09:00,18:00,True
763,Wed,08:00,12:00,True
764,Tue,09:00,18:00,True
764,Sat,08:00,12:00,True
764,Wed,09:00,13:00,True
764,Mon,14:00,21:00,True
764,Sun,08:00,21:00,True
764,Fri,14:00,21:00,True
765,Sat,09:00,18:00,True
765,Tue,14:00,21:00,True
765,Wed,09:00,13:00,True
766,Sat,14:00,21:00,True
766,Mon,14:00,21:00,True
766,Thu,08:00,21:00,True
766,Fri,08:00,12:00,True
766,Tue,14:00,21:00,True
766,Sun,14:00,21:00,True
767,Sat,09:00,13:00,True
767,Tue,08:00,21:00,True
767,Sun,13:00,18:00,True
768,Fri,13:00,18:00,True
768,Tue,09:00,18:00,True
768,Mon,14:00,21:00,True
768,Sat,14:00,21:00,True
768,Sun,09:00,18:00,True
768,Wed,08:00,12:00,True
769,Fri,08:00,21:00,True
769,Sat,09:00,18:00,True
769,Tue,14:00,21:00,True
770,Wed,09:00,18:00,True
770,Tue,14:00,21:00,True
770,Sat,14:00,21:00,True
771,Thu,09:00,18:00,True
771,Fri,09:00,18:00,True
771,Sat,14:00,21:00,True
771,Sun,09:00,18:00,True
771,Tue,14:00,21:00,True
771,Mon,08:00,21:00,True
772,Thu,08:00,21:00,True
772,Sat,08:00,21:00,True
772,Tue,09:00,13:00,True
773,Fri,09:00,18:00,True
773,Mon,09:00,13:00,True
773,Sat,08:00,21:00,True
773,Sun,13:00,18:00,True
773,Thu,13:00,18:00,True
773,Tue,13:00,18:00,True
774,Sat,14:00,21:00,True
774,Tue,09:00,13:00,True
774,Sun,09:00,13:00,True
774,Wed,09:00,18:00,True
775,Wed,14:00,21:00,True
775,Thu,09:00,18:00,True
775,Tue,09:00,13:00,True
775,Fri,08:00,21:00,True
776,Thu,13:00,18:00,True
776,Fri,14:00,21:00,True
776,Wed,08:00,21:00,True
776,Mon,13:00,18:00,True
776,Sat,13:00,18:00,True
777,Tue,13:00,18:00,True
777,Mon,08:00,12:00,True
777,Sun,08:00,12:00,True
777,Wed,13:00,18:00,True
777,Thu,09:00,13:00,True
777,Sat,14:00,21:00,True
778,Sat,13:00,18:00,True
778,Fri,08:00,12:00,True
778,Mon,08:00,12:00,True
778,Tue,09:00,18:00,True
778,Thu,13:00,18:00,True
778,Wed,09:00,13:00,True
779,Fri,13:00,18:00,True
779,Mon,13:00,18:00,True
779,Sun,09:00,13:00,True
779,Tue,09:00,13:00,True
779,Thu,09:00,18:00,True
779,Sat,09:00,18:00,True
780,Wed,13:00,18:00,True
780,Tue,09:00,18:00,True
780,Sat,13:00,18:00,True
780,Thu,08:00,21:00,True
780,Sun,08:00,21:00,True
781,Tue,08:00,12:00,True
781,Mon,09:00,13:00,True
781,Sat,13:00,18:00,True
782,Sat,08:00,21:00,True
782,Sun,08:00,12:00,True
782,Thu,13:00,18:00,True
782,Tue,13:00,18:00,True
783,Sat,09:00,13:00,True
783,Wed,13:00,18:00,True
783,Thu,09:00,18:00,True
783,Tue,08:00,21:00,True
783,Sun,08:00,21:00,True
783,Mon,09:00,13:00,True
784,Sun,09:00,18:00,True
784,Mon,09:00,13:00,True
784,Tue,08:00,21:00,True
784,Fri,08:00,12:00,True
785,Mon,09:00,18:00,True
785,Fri,08:00,21:00,True
785,Tue,08:00,12:00,True
785,Thu,08:00,21:00,True
785,Sat,14:00,21:00,True
786,Tue,09:00,18:00,True
786,Thu,08:00,12:00,True
786,Sun,09:00,18:00,True
786,Mon,08:00,21:00,True
786,Fri,08:00,21:00,True
786,Sat,14:00,21:00,True
787,Thu,08:00,12:00,True
787,Sat,13:00,18:00,True
787,Tue,09:00,13:00,True
787,Fri,09:00,13:00,True
788,Tue,09:00,13:00,True
788,Fri,13:00,18:00,True
788,Sat,08:00,21:00,True
788,Sun,13:00,18:00,True
788,Mon,08:00,21:00,True
789,Tue,09:00,18:00,True
789,Sun,13:00,18:00,True
789,Thu,13:00,18:00,True
789,Wed,13:00,18:00,True
789,Mon,09:00,18:00,True
789,Fri,14:00,21:00,True
790,Sat,08:00,21:00,True
790,Fri,08:00,12:00,True
790,Thu,09:00,13:00,True
790,Sun,14:00,21:00,True
791,Fri,08:00,12:00,True
791,Tue,08:00,12:00,True
791,Sat,13:00,18:00,True
792,Sat,08:00,12:00,True
792,Fri,09:00,13:00,True
792,Thu,08:00,12:00,True
792,Mon,13:00,18:00,True
793,Sun,09:00,13:00,True
793,Tue,08:00,21:00,True
793,Fri,09:00,18:00,True
794,Thu,09:00,13:00,True
794,Mon,14:00,21:00,True
794,Tue,08:00,12:00,True
794,Sun,08:00,21:00,True
794,Sat,09:00,13:00,True
794,Wed,08:00,21:00,True
795,Mon,08:00,12:00,True
795,Sun,08:00,12:00,True
795,Fri,14:00,21:00,True
795,Sat,14:00,21:00,True
796,Tue,13:00,18:00,True
796,Fri,09:00,18:00,True
796,Sun,09:00,13:00,True
796,Mon,14:00,21:00,True
797,Mon,09:00,18:00,True
797,Wed,08:00,21:00,True
797,Sun,14:00,21:00,True
798,Wed,08:00,21:00,True
798,Sat,08:00,21:00,True
798,Thu,08:00,12:00,True
798,Mon,09:00,13:00,True
798,Sun,08:00,21:00,True
799,Tue,13:00,18:00,True
799,Thu,14:00,21:00,True
799,Wed,13:00,18:00,True
799,Fri,09:00,13:00,True
799,Sat,09:00,13:00,True
800,Tue,09:00,18:00,True
800,Fri,09:00,18:00,True
800,Thu,08:00,12:00,True
800,Wed,14:00,21:00,True
800,Mon,08:00,21:00,True
800,Sat,08:00,21:00,True
801,Wed,08:00,21:00,True
801,Tue,13:00,18:00,True
801,Mon,08:00,12:00,True
801,Sat,09:00,13:00,True
801,Sun,08:00,12:00,True
802,Thu,14:00,21:00,True
802,Wed,09:00,18:00,True
802,Fri,08:00,21:00,True
802,Mon,13:00,18:00,True
802,Tue,13:00,18:00,True
803,Sun,08:00,12:00,True
803,Fri,09:00,13:00,True
803,Mon,08:00,12:00,True
804,Sun,14:00,21:00,True
804,Sat,08:00,12:00,True
804,Wed,09:00,13:00,True
805,Thu,13:00,18:00,True
805,Sat,08:00,12:00,True
805,Tue,08:00,12:00,True
806,Wed,14:00,21:00,True
806,Fri,14:00,21:00,True
806,Sat,08:00,21:00,True
806,Sun,14:00,21:00,True
807,Sun,14:00,21:00,True
807,Thu,14:00,21:00,True
807,Wed,09:00,13:00,True
807,Sat,08:00,12:00,True
808,Thu,08:00,12:00,True
808,Mon,08:00,12:00,True
808,Wed,08:00,12:00,True
808,Fri,14:00,21:00,True
808,Sun,09:00,18:00,True
808,Sat,14:00,21:00,True
809,Fri,08:00,21:00,True
809,Mon,08:00,12:00,True
809,Wed,13:00,18:00,True
809,Tue,09:00,13:00,True
809,Sun,08:00,12:00,True
810,Tue,14:00,21:00,True
810,Thu,08:00,21:00,True
810,Fri,08:00,12:00,True
811,Thu,13:00,18:00,True
811,Sun,09:00,13:00,True
811,Fri,09:00,13:00,True
812,Tue,09:00,18:00,True
812,Thu,14:00,21:00,True
812,Mon,09:00,18:00,True
813,Sun,09:00,13:00,True
813,Fri,13:00,18:00,True
813,Mon,08:00,21:00,True
814,Tue,09:00,18:00,True
814,Mon,09:00,18:00,True
814,Thu,08:00,21:00,True
814,Wed,09:00,13:00,True
815,Sun,13:00,18:00,True
815,Tue,09:00,18:00,True
815,Thu,14:00,21:00,True
815,Mon,08:00,12:00,True
816,Sat,13:00,18:00,True
816,Thu,08:00,12:00,True
816,Fri,09:00,18:00,True
816,Sun,13:00,18:00,True
816,Wed,09:00,13:00,True
816,Mon,08:00,21:00,True
817,Thu,09:00,13:00,True
817,Fri,14:00,21:00,True
817,Tue,13:00,18:00,True
818,Sat,08:00,21:00,True
818,Sun,13:00,18:00,True
818,Wed,09:00,18:00,True
818,Thu,14:00,21:00,True
818,Tue,08:00,12:00,True
818,Mon,13:00,18:00,True
819,Tue,08:00,21:00,True
819,Wed,14:00,21:00,True
819,Fri,13:00,18:00,True
819,Sun,09:00,18:00,True
820,Thu,14:00,21:00,True
820,Tue,14:00,21:00,True
820,Wed,09:00,13:00,True
821,Sat,14:00,21:00,True
821,Fri,08:00,12:00,True
821,Tue,09:00,13:00,True
821,Sun,09:00,13:00,True
821,Wed,14:00,21:00,True
822,Wed,09:00,13:00,True
822,Sun,13:00,18:00,True
822,Sat,08:00,12:00,True
822,Thu,09:00,18:00,True
823,Thu,09:00,18:00,True
823,Mon,09:00,13:00,True
823,Sun,08:00,21:00,True
823,Fri,13:00,18:00,True
823,Wed,09:00,18:00,True
823,Sat,09:00,18:00,True
824,Thu,09:00,18:00,True
824,Fri,09:00,13:00,True
824,Mon,14:00,21:00,True
824,Tue,08:00,21:00,True
824,Sun,14:00,21:00,True
825,Fri,13:00,18:00,True
825,Wed,08:00,21:00,True
825,Mon,08:00,12:00,True
825,Sat,08:00,12:00,True
825,Tue,08:00,12:00,True
825,Thu,09:00,18:00,True
826,Sat,09:00,13:00,True
826,Sun,14:00,21:00,True
826,Mon,13:00,18:00,True
826,Tue,09:00,13:00,True
826,Wed,14:00,21:00,True
826,Thu,08:00,21:00,True
827,Fri,13:00,18:00,True
827,Sat,09:00,13:00,True
827,Sun,13:00,18:00,True
828,Wed,09:00,13:00,True
828,Thu,08:00,12:00,True
828,Sun,13:00,18:00,True
829,Tue,09:00,13:00,True
829,Sun,08:00,21:00,True
829,Wed,09:00,13:00,True
829,Fri,14:00,21:00,True
829,Sat,13:00,18:00,True
829,Thu,08:00,21:00,True
830,Tue,14:00,21:00,True
830,Wed,14:00,21:00,True
830,Sun,08:00,21:00,True
830,Thu,08:00,21:00,True
831,Mon,09:00,18:00,True
831,Sun,09:00,18:00,True
831,Fri,14:00,21:00,True
831,Sat,14:00,21:00,True
831,Thu,08:00,21:00,True
831,Tue,14:00,21:00,True
832,Tue,08:00,12:00,True
832,Sat,09:00,13:00,True
832,Thu,08:00,21:00,True
832,Wed,08:00,12:00,True
832,Mon,09:00,13:00,True
832,Sun,08:00,12:00,True
833,Thu,08:00,21:00,True
833,Fri,09:00,13:00,True
833,Wed,13:00,18:00,True
834,Wed,09:00,13:00,True
834,Sat,09:00,13:00,True
834,Thu,08:00,12:00,True
834,Sun,08:00,12:00,True
834,Fri,09:00,13:00,True
835,Sat,09:00,13:00,True
835,Wed,08:00,12:00,True
835,Tue,09:00,13:00,True
835,Thu,09:00,18:00,True
836,Sun,08:00,21:00,True
836,Mon,08:00,21:00,True
836,Wed,09:00,13:00,True
836,Fri,08:00,12:00,True
837,Fri,14:00,21:00,True
837,Mon,14:00,21:00,True
837,Thu,09:00,18:00,True
838,Wed,13:00,18:00,True
838,Thu,08:00,21:00,True
838,Mon,08:00,12:00,True
838,Tue,14:00,21:00,True
838,Sun,09:00,18:00,True
839,Sat,09:00,18:00,True
839,Fri,14:00,21:00,True
839,Mon,09:00,18:00,True
839,Tue,09:00,18:00,True
840,Mon,09:00,13:00,True
840,Wed,08:00,12:00,True
840,Thu,08:00,12:00,True
840,Tue,08:00,21:00,True
840,Fri,09:00,18:00,True
840,Sat,09:00,18:00,True
841,Fri,08:00,21:00,True
841,Mon,08:00,21:00,True
841,Tue,09:00,18:00,True
841,Sat,14:00,21:00,True
842,Mon,09:00,13:00,True
842,Sun,09:00,13:00,True
842,Sat,09:00,13:00,True
843,Mon,13:00,18:00,True
843,Sun,14:00,21:00,True
843,Fri,08:00,12:00,True
843,Sat,13:00,18:00,True
843,Tue,08:00,12:00,True
843,Thu,08:00,21:00,True
844,Wed,13:00,18:00,True
844,Thu,14:00,21:00,True
844,Fri,09:00,18:00,True
844,Tue,13:00,18:00,True
844,Mon,08:00,21:00,True
844,Sat,08:00,12:00,True
845,Thu,14:00,21:00,True
845,Mon,14:00,21:00,True
845,Wed,08:00,21:00,True
845,Sat,14:00,21:00,True
845,Fri,14:00,21:00,True
845,Sun,13:00,18:00,True
846,Thu,13:00,18:00,True
846,Fri,09:00,18:00,True
846,Sat,14:00,21:00,True
847,Tue,09:00,18:00,True
847,Thu,14:00,21:00,True
847,Fri,09:00,18:00,True
847,Sat,09:00,18:00,True
847,Mon,09:00,18:00,True
847,Wed,08:00,21:00,True
848,Wed,14:00,21:00,True
848,Thu,08:00,12:00,True
848,Mon,08:00,21:00,True
848,Sat,09:00,18:00,True
849,Mon,09:00,13:00,True
849,Wed,08:00,12:00,True
849,Sun,14:00,21:00,True
849,Fri,13:00,18:00,True
849,Sat,13:00,18:00,True
849,Tue,09:00,18:00,True
850,Mon,09:00,13:00,True
850,Fri,13:00,18:00,True
850,Sat,08:00,12:00,True
851,Mon,08:00,12:00,True
851,Sat,09:00,18:00,True
851,Wed,13:00,18:00,True
851,Fri,08:00,21:00,True
851,Tue,13:00,18:00,True
851,Sun,13:00,18:00,True
852,Sat,08:00,21:00,True
852,Fri,08:00,12:00,True
852,Mon,08:00,12:00,True
853,Tue,08:00,12:00,True
853,Fri,08:00,12:00,True
853,Sun,08:00,12:00,True
853,Wed,14:00,21:00,True
853,Thu,09:00,18:00,True
853,Sat,08:00,21:00,True
854,Thu,13:00,18:00,True
854,Mon,09:00,18:00,True
854,Sat,08:00,21:00,True
855,Thu,09:00,13:00,True
855,Mon,14:00,21:00,True
855,Sat,08:00,12:00,True
855,Wed,09:00,18:00,True
856,Thu,09:00,18:00,True
856,Wed,09:00,18:00,True
856,Mon,13:00,18:00,True
857,Wed,08:00,12:00,True
857,Tue,14:00,21:00,True
857,Fri,08:00,21:00,True
857,Sun,08:00,12:00,True
857,Sat,09:00,18:00,True
857,Thu,08:00,21:00,True
858,Wed,09:00,13:00,True
858,Fri,08:00,21:00,True
858,Sat,09:00,13:00,True
858,Thu,08:00,12:00,True
859,Fri,09:00,13:00,True
859,Thu,09:00,18:00,True
859,Mon,09:00,18:00,True
859,Sat,09:00,13:00,True
859,Tue,08:00,21:00,True
860,Thu,13:00,18:00,True
860,Tue,08:00,12:00,True
860,Fri,14:00,21:00,True
860,Mon,14:00,21:00,True
860,Sat,13:00,18:00,True
861,Sat,09:00,18:00,True
861,Mon,13:00,18:00,True
861,Fri,13:00,18:00,True
861,Sun,08:00,12:00,True
862,Fri,09:00,13:00,True
862,Sat,13:00,18:00,True
862,Mon,13:00,18:00,True
863,Sat,08:00,21:00,True
863,Mon,09:00,13:00,True
863,Tue,09:00,13:00,True
863,Sun,14:00,21:00,True
863,Thu,13:00,18:00,True
864,Sun,08:00,21:00,True
864,Sat,09:00,18:00,True
864,Fri,13:00,18:00,True
864,Wed,08:00,12:00,True
864,Tue,14:00,21:00,True
865,Tue,08:00,12:00,True
865,Sat,08:00,12:00,True
865,Mon,14:00,21:00,True
866,Mon,09:00,18:00,True
866,Tue,09:00,18:00,True
866,Thu,08:00,21:00,True
866,Sun,13:00,18:00,True
867,Wed,08:00,12:00,True
867,Tue,13:00,18:00,True
867,Sun,14:00,21:00,True
867,Fri,08:00,12:00,True
867,Mon,08:00,12:00,True
868,Thu,08:00,21:00,True
868,Wed,08:00,21:00,True
868,Mon,09:00,13:00,True
868,Tue,08:00,21:00,True
868,Sun,09:00,13:00,True
868,Sat,08:00,21:00,True
869,Mon,08:00,12:00,True
869,Tue,14:00,21:00,True
869,Sat,09:00,13:00,True
869,Wed,14:00,21:00,True
869,Sun,13:00,18:00,True
870,Tue,08:00,12:00,True
870,Sun,08:00,12:00,True
870,Wed,08:00,12:00,True
870,Fri,08:00,21:00,True
871,Mon,14:00,21:00,True
871,Sun,09:00,13:00,True
871,Thu,09:00,13:00,True
871,Fri,09:00,18:00,True
872,Tue,14:00,21:00,True
872,Fri,13:00,18:00,True
872,Sat,09:00,13:00,True
873,Wed,08:00,12:00,True
873,Thu,08:00,21:00,True
873,Sat,09:00,18:00,True
874,Tue,08:00,21:00,True
874,Thu,09:00,18:00,True
874,Sun,08:00,21:00,True
874,Mon,08:00,21:00,True
875,Thu,09:00,18:00,True
875,Mon,14:00,21:00,True
875,Sat,09:00,13:00,True
876,Sat,09:00,13:00,True
876,Mon,14:00,21:00,True
876,Wed,09:00,18:00,True
877,Sun,08:00,21:00,True
877,Mon,14:00,21:00,True
877,Sat,09:00,13:00,True
877,Tue,08:00,12:00,True
877,Fri,08:00,12:00,True
878,Mon,08:00,21:00,True
878,Wed,09:00,13:00,True
878,Sat,08:00,21:00,True
878,Thu,09:00,13:00,True
878,Tue,08:00,21:00,True
879,Wed,09:00,13:00,True
879,Sat,09:00,13:00,True
879,Tue,09:00,13:00,True
880,Thu,08:00,21:00,True
880,Tue,09:00,18:00,True
880,Mon,09:00,13:00,True
880,Fri,14:00,21:00,True
880,Sat,14:00,21:00,True
881,Thu,14:00,21:00,True
881,Sat,13:00,18:00,True
881,Mon,14:00,21:00,True
882,Thu,14:00,21:00,True
882,Tue,14:00,21:00,True
882,Sat,08:00,12:00,True
882,Mon,09:00,18:00,True
882,Sun,08:00,12:00,True
882,Wed,13:00,18:00,True
883,Wed,13:00,18:00,True
883,Mon,08:00,21:00,True
883,Sun,08:00,12:00,True
883,Fri,14:00,21:00,True
883,Tue,14:00,21:00,True
884,Thu,14:00,21:00,True
884,Tue,09:00,13:00,True
884,Sat,14:00,21:00,True
884,Fri,08:00,12:00,True
885,Wed,09:00,18:00,True
885,Sat,09:00,18:00,True
885,Tue,08:00,21:00,True
885,Mon,08:00,12:00,True
885,Sun,09:00,18:00,True
886,Tue,09:00,13:00,True
886,Fri,08:00,21:00,True
886,Wed,13:00,18:00,True
886,Sun,14:00,21:00,True
887,Mon,08:00,21:00,True
887,Sat,09:00,18:00,True
887,Wed,14:00,21:00,True
888,Wed,09:00,13:00,True
888,Thu,13:00,18:00,True
888,Sat,09:00,13:00,True
888,Sun,14:00,21:00,True
888,Fri,13:00,18:00,True
888,Tue,09:00,18:00,True
889,Fri,13:00,18:00,True
889,Wed,09:00,18:00,True
889,Sun,08:00,12:00,True
890,Mon,09:00,13:00,True
890,Thu,13:00,18:00,True
890,Wed,08:00,21:00,True
890,Tue,09:00,18:00,True
891,Sun,13:00,18:00,True
891,Tue,13:00,18:00,True
891,Thu,13:00,18:00,True
891,Mon,09:00,13:00,True
892,Mon,08:00,12:00,True
892,Sun,09:00,18:00,True
892,Wed,13:00,18:00,True
892,Thu,13:00,18:00,True
893,Mon,08:00,21:00,True
893,Thu,09:00,13:00,True
893,Tue,08:00,21:00,True
894,Tue,08:00,12:00,True
894,Sun,08:00,21:00,True
894,Thu,08:00,12:00,True
894,Mon,08:00,21:00,True
894,Fri,08:00,21:00,True
894,Sat,13:00,18:00,True
895,Thu,08:00,12:00,True
895,Sat,13:00,18:00,True
895,Tue,09:00,13:00,True
895,Fri,13:00,18:00,True
896,Sun,14:00,21:00,True
896,Thu,09:00,13:00,True
896,Fri,08:00,12:00,True
896,Mon,09:00,13:00,True
897,Wed,08:00,21:00,True
897,Tue,08:00,21:00,True
897,Sun,09:00,13:00,True
897,Fri,09:00,13:00,True
898,Wed,09:00,13:00,True
898,Thu,09:00,13:00,True
898,Tue,14:00,21:00,True
898,Sun,14:00,21:00,True
898,Mon,08:00,12:00,True
899,Sun,08:00,12:00,True
899,Tue,08:00,12:00,True
899,Thu,14:00,21:00,True
899,Mon,08:00,12:00,True
900,Sun,08:00,21:00,True
900,Thu,13:00,18:00,True
900,Sat,09:00,18:00,True
901,Sun,13:00,18:00,True
901,Fri,09:00,13:00,True
901,Wed,13:00,18:00,True
902,Wed,09:00,13:00,True
902,Sat,08:00,21:00,True
902,Mon,08:00,21:00,True
902,Thu,14:00,21:00,True
903,Sun,14:00,21:00,True
903,Tue,08:00,21:00,True
903,Mon,13:00,18:00,True
904,Sun,08:00,21:00,True
904,Thu,08:00,12:00,True
904,Tue,09:00,18:00,True
904,Sat,13:00,18:00,True
905,Sun,13:00,18:00,True
905,Tue,08:00,12:00,True
905,Mon,14:00,21:00,True
906,Fri,13:00,18:00,True
906,Tue,09:00,13:00,True
906,Sun,08:00,12:00,True
906,Wed,14:00,21:00,True
906,Sat,08:00,12:00,True
906,Thu,09:00,13:00,True
907,Mon,14:00,21:00,True
907,Tue,09:00,18:00,True
907,Fri,14:00,21:00,True
907,Sat,14:00,21:00,True
907,Wed,09:00,18:00,True
908,Sun,09:00,13:00,True
908,Fri,14:00,21:00,True
908,Tue,08:00,21:00,True
909,Mon,13:00,18:00,True
909,Fri,13:00,18:00,True
909,Sun,09:00,13:00,True
909,Thu,08:00,12:00,True
910,Wed,08:00,12:00,True
910,Sun,08:00,21:00,True
910,Fri,08:00,12:00,True
910,Thu,08:00,12:00,True
910,Tue,09:00,13:00,True
910,Sat,14:00,21:00,True
911,Sun,13:00,18:00,True
911,Tue,13:00,18:00,True
911,Thu,08:00,12:00,True
911,Wed,08:00,12:00,True
911,Sat,14:00,21:00,True
911,Mon,09:00,13:00,True
912,Fri,14:00,21:00,True
912,Thu,08:00,12:00,True
912,Sun,08:00,12:00,True
912,Tue,08:00,21:00,True
912,Sat,09:00,18:00,True
913,Thu,13:00,18:00,True
913,Sun,09:00,13:00,True
913,Tue,08:00,12:00,True
913,Sat,13:00,18:00,True
914,Sat,13:00,18:00,True
914,Tue,09:00,18:00,True
914,Wed,08:00,12:00,True
914,Fri,14:00,21:00,True
914,Mon,09:00,18:00,True
915,Tue,09:00,18:00,True
915,Mon,14:00,21:00,True
915,Fri,09:00,13:00,True
915,Wed,09:00,18:00,True
916,Sun,14:00,21:00,True
916,Thu,13:00,18:00,True
916,Mon,13:00,18:00,True
917,Wed,08:00,12:00,True
917,Fri,09:00,13:00,True
917,Thu,08:00,21:00,True
917,Sun,09:00,18:00,True
917,Tue,09:00,13:00,True
918,Wed,09:00,18:00,True
918,Thu,13:00,18:00,True
918,Sun,08:00,21:00,True
918,Sat,08:00,21:00,True
918,Mon,14:00,21:00,True
918,Tue,08:00,12:00,True
919,Wed,14:00,21:00,True
919,Sat,09:00,13:00,True
919,Sun,08:00,12:00,True
919,Thu,08:00,12:00,True
920,Thu,09:00,13:00,True
920,Wed,08:00,21:00,True
920,Tue,08:00,12:00,True
920,Sat,08:00,12:00,True
920,Fri,13:00,18:00,True
921,Fri,09:00,13:00,True
921,Wed,08:00,21:00,True
921,Thu,08:00,12:00,True
921,Mon,08:00,21:00,True
922,Tue,14:00,21:00,True
922,Fri,14:00,21:00,True
922,Sat,13:00,18:00,True
922,Wed,09:00,13:00,True
923,Thu,08:00,12:00,True
923,Fri,09:00,13:00,True
923,Mon,08:00,12:00,True
923,Tue,09:00,13:00,True
923,Sat,09:00,13:00,True
924,Tue,08:00,21:00,True
924,Sat,13:00,18:00,True
924,Mon,09:00,13:00,True
924,Sun,08:00,12:00,True
924,Thu,08:00,12:00,True
925,Fri,09:00,18:00,True
925,Wed,08:00,21:00,True
925,Thu,08:00,12:00,True
925,Mon,08:00,12:00,True
926,Sun,13:00,18:00,True
926,Thu,13:00,18:00,True
926,Sat,14:00,21:00,True
927,Sat,13:00,18:00,True
927,Tue,09:00,18:00,True
927,Wed,08:00,12:00,True
927,Mon,09:00,18:00,True
927,Thu,08:00,21:00,True
927,Fri,13:00,18:00,True
928,Sat,09:00,13:00,True
928,Tue,08:00,12:00,True
928,Thu,09:00,13:00,True
928,Mon,08:00,12:00,True
929,Thu,13:00,18:00,True
929,Mon,08:00,21:00,True
929,Sun,08:00,12:00,True
930,Sat,09:00,13:00,True
930,Mon,09:00,13:00,True
930,Thu,14:00,21:00,True
930,Sun,14:00,21:00,True
930,Fri,08:00,21:00,True
931,Thu,09:00,18:00,True
931,Sat,08:00,21:00,True
931,Wed,14:00,21:00,True
931,Fri,09:00,13:00,True
932,Mon,08:00,12:00,True
932,Wed,13:00,18:00,True
932,Thu,09:00,18:00,True
932,Sun,08:00,21:00,True
932,Fri,14:00,21:00,True
933,Fri,09:00,13:00,True
933,Sat,13:00,18:00,True
933,Wed,09:00,13:00,True
933,Thu,14:00,21:00,True
934,Sat,08:00,21:00,True
934,Wed,09:00,13:00,True
934,Fri,09:00,13:00,True
935,Sat,08:00,21:00,True
935,Sun,09:00,13:00,True
935,Tue,08:00,12:00,True
935,Thu,14:00,21:00,True
935,Mon,14:00,21:00,True
935,Fri,08:00,12:00,True
936,Fri,08:00,21:00,True
936,Sun,08:00,12:00,True
936,Tue,09:00,13:00,True
936,Sat,09:00,13:00,True
936,Mon,08:00,12:00,True
937,Fri,09:00,18:00,True
937,Thu,08:00,12:00,True
937,Sat,09:00,18:00,True
937,Wed,13:00,18:00,True
937,Mon,13:00,18:00,True
937,Sun,09:00,18:00,True
938,Thu,09:00,18:00,True
938,Sat,13:00,18:00,True
938,Fri,08:00,21:00,True
938,Sun,14:00,21:00,True
938,Mon,08:00,21:00,True
938,Tue,14:00,21:00,True
939,Tue,08:00,12:00,True
939,Mon,13:00,18:00,True
939,Sun,08:00,21:00,True
939,Fri,08:00,12:00,True
940,Thu,09:00,13:00,True
940,Fri,14:00,21:00,True
940,Sun,09:00,18:00,True
941,Mon,13:00,18:00,True
941,Sat,09:00,13:00,True
941,Tue,08:00,21:00,True
941,Sun,09:00,13:00,True
941,Thu,09:00,18:00,True
941,Wed,13:00,18:00,True
942,Fri,09:00,13:00,True
942,Sat,08:00,21:00,True
942,Tue,09:00,18:00,True
942,Thu,09:00,18:00,True
942,Wed,08:00,12:00,True
943,Sun,08:00,21:00,True
943,Fri,09:00,13:00,True
943,Sat,09:00,13:00,True
943,Thu,14:00,21:00,True
944,Tue,09:00,13:00,True
944,Sun,09:00,13:00,True
944,Fri,09:00,13:00,True
945,Mon,09:00,18:00,True
945,Sat,09:00,13:00,True
945,Sun,08:00,12:00,True
945,Thu,08:00,21:00,True
945,Wed,09:00,18:00,True
945,Tue,09:00,18:00,True
946,Fri,08:00,21:00,True
946,Thu,13:00,18:00,True
946,Sun,13:00,18:00,True
946,Tue,08:00,21:00,True
946,Wed,14:00,21:00,True
947,Fri,09:00,13:00,True
947,Wed,13:00,18:00,True
947,Sun,14:00,21:00,True
947,Mon,09:00,13:00,True
948,Wed,14:00,21:00,True
948,Sat,09:00,18:00,True
948,Thu,13:00,18:00,True
948,Tue,08:00,12:00,True
948,Sun,14:00,21:00,True
948,Fri,09:00,18:00,True
949,Wed,08:00,12:00,True
949,Mon,14:00,21:00,True
949,Fri,14:00,21:00,True
949,Tue,09:00,13:00,True
949,Sun,13:00,18:00,True
949,Thu,14:00,21:00,True
950,Sun,08:00,21:00,True
950,Fri,08:00,21:00,True
950,Tue,09:00,18:00,True
951,Wed,13:00,18:00,True
951,Fri,09:00,18:00,True
951,Sat,13:00,18:00,True
951,Mon,13:00,18:00,True
951,Thu,09:00,18:00,True
951,Sun,08:00,12:00,True
952,Wed,08:00,12:00,True
952,Sat,09:00,13:00,True
952,Mon,14:00,21:00,True
952,Sun,13:00,18:00,True
952,Tue,08:00,12:00,True
952,Fri,08:00,12:00,True
953,Mon,08:00,12:00,True
953,Wed,09:00,18:00,True
953,Thu,13:00,18:00,True
953,Sat,09:00,18:00,True
954,Tue,14:00,21:00,True
954,Thu,13:00,18:00,True
954,Mon,08:00,21:00,True
954,Fri,08:00,12:00,True
954,Sat,08:00,12:00,True
954,Wed,09:00,13:00,True
955,Fri,14:00,21:00,True
955,Thu,09:00,13:00,True
955,Wed,09:00,13:00,True
955,Tue,08:00,12:00,True
955,Sat,13:00,18:00,True
955,Mon,13:00,18:00,True
956,Wed,08:00,21:00,True
956,Tue,08:00,21:00,True
956,Sat,08:00,21:00,True
957,Tue,08:00,12:00,True
957,Mon,14:00,21:00,True
957,Sun,08:00,12:00,True
957,Fri,09:00,13:00,True
957,Thu,13:00,18:00,True
958,Sun,14:00,21:00,True
958,Sat,09:00,13:00,True
958,Tue,14:00,21:00,True
958,Thu,13:00,18:00,True
959,Mon,13:00,18:00,True
959,Thu,09:00,18:00,True
959,Sun,08:00,12:00,True
959,Wed,14:00,21:00,True
959,Tue,08:00,12:00,True
960,Sat,14:00,21:00,True
960,Tue,09:00,18:00,True
960,Wed,08:00,21:00,True
960,Sun,08:00,21:00,True
960,Thu,08:00,21:00,True
961,Wed,09:00,18:00,True
961,Tue,09:00,18:00,True
961,Thu,08:00,12:00,True
962,Thu,09:00,18:00,True
962,Mon,09:00,18:00,True
962,Fri,09:00,13:00,True
962,Sun,09:00,18:00,True
963,Tue,13:00,18:00,True
963,Mon,08:00,21:00,True
963,Thu,09:00,13:00,True
963,Wed,13:00,18:00,True
963,Sun,08:00,21:00,True
964,Mon,09:00,13:00,True
964,Sat,09:00,18:00,True
964,Thu,14:00,21:00,True
964,Fri,09:00,18:00,True
964,Wed,08:00,12:00,True
964,Tue,13:00,18:00,True
965,Wed,08:00,12:00,True
965,Mon,08:00,12:00,True
965,Fri,08:00,12:00,True
965,Sat,09:00,18:00,True
965,Sun,09:00,18:00,True
966,Sat,14:00,21:00,True
966,Fri,13:00,18:00,True
966,Wed,08:00,21:00,True
966,Sun,09:00,18:00,True
966,Mon,09:00,18:00,True
966,Tue,13:00,18:00,True
967,Tue,14:00,21:00,True
967,Sun,08:00,21:00,True
967,Mon,09:00,18:00,True
968,Sun,14:00,21:00,True
968,Wed,14:00,21:00,True
968,Tue,09:00,13:00,True
969,Fri,14:00,21:00,True
969,Tue,09:00,18:00,True
969,Sun,08:00,12:00,True
970,Fri,09:00,13:00,True
970,Thu,13:00,18:00,True
970,Sat,08:00,12:00,True
970,Tue,08:00,21:00,True
971,Sat,08:00,12:00,True
971,Sun,09:00,18:00,True
971,Mon,09:00,13:00,True
972,Sat,09:00,18:00,True
972,Fri,08:00,12:00,True
972,Wed,09:00,18:00,True
973,Thu,08:00,12:00,True
973,Sun,09:00,13:00,True
973,Tue,08:00,21:00,True
973,Sat,13:00,18:00,True
974,Mon,14:00,21:00,True
974,Sat,09:00,13:00,True
974,Wed,09:00,18:00,True
974,Thu,14:00,21:00,True
975,Tue,08:00,21:00,True
975,Thu,14:00,21:00,True
975,Mon,14:00,21:00,True
975,Sun,08:00,12:00,True
975,Wed,13:00,18:00,True
975,Sat,09:00,13:00,True
976,Sat,13:00,18:00,True
976,Tue,08:00,12:00,True
976,Wed,13:00,18:00,True
976,Fri,08:00,12:00,True
976,Sun,08:00,12:00,True
977,Sat,09:00,18:00,True
977,Wed,09:00,18:00,True
977,Sun,09:00,13:00,True
977,Thu,09:00,18:00,True
977,Mon,13:00,18:00,True
978,Tue,09:00,18:00,True
978,Fri,09:00,18:00,True
978,Sat,14:00,21:00,True
978,Wed,13:00,18:00,True
979,Sun,13:00,18:00,True
979,Fri,08:00,21:00,True
979,Sat,08:00,12:00,True
979,Mon,09:00,13:00,True
979,Thu,13:00,18:00,True
979,Tue,09:00,13:00,True
980,Sat,09:00,18:00,True
980,Mon,08:00,12:00,True
980,Fri,13:00,18:00,True
980,Sun,09:00,13:00,True
981,Mon,09:00,18:00,True
981,Sat,08:00,12:00,True
981,Tue,08:00,21:00,True
981,Fri,08:00,21:00,True
981,Sun,13:00,18:00,True
982,Mon,13:00,18:00,True
982,Fri,09:00,13:00,True
982,Tue,09:00,18:00,True
982,Sat,08:00,21:00,True
982,Thu,08:00,12:00,True
983,Tue,13:00,18:00,True
983,Sun,09:00,13:00,True
983,Sat,09:00,13:00,True
983,Wed,13:00,18:00,True
983,Mon,08:00,12:00,True
983,Fri,13:00,18:00,True
984,Sat,08:00,12:00,True
984,Thu,14:00,21:00,True
984,Tue,08:00,12:00,True
985,Fri,14:00,21:00,True
985,Wed,09:00,18:00,True
985,Tue,09:00,18:00,True
986,Sun,09:00,18:00,True
986,Thu,14:00,21:00,True
986,Tue,08:00,12:00,True
987,Mon,08:00,12:00,True
987,Sat,08:00,12:00,True
987,Thu,13:00,18:00,True
987,Fri,13:00,18:00,True
987,Sun,08:00,21:00,True
987,Wed,13:00,18:00,True
988,Mon,09:00,13:00,True
988,Tue,13:00,18:00,True
988,Sat,09:00,13:00,True
988,Wed,08:00,12:00,True
988,Fri,08:00,21:00,True
988,Sun,14:00,21:00,True
989,Wed,14:00,21:00,True
989,Sat,09:00,18:00,True
989,Thu,08:00,12:00,True
989,Fri,09:00,13:00,True
989,Mon,08:00,21:00,True
990,Sat,13:00,18:00,True
990,Fri,08:00,21:00,True
990,Mon,13:00,18:00,True
990,Tue,09:00,18:00,True
990,Thu,09:00,18:00,True
991,Sun,08:00,21:00,True
991,Thu,13:00,18:00,True
991,Fri,08:00,21:00,True
991,Sat,09:00,18:00,True
992,Mon,09:00,18:00,True
992,Fri,08:00,12:00,True
992,Tue,09:00,18:00,True
992,Thu,08:00,12:00,True
992,Wed,09:00,18:00,True
993,Fri,13:00,18:00,True
993,Sat,09:00,18:00,True
993,Tue,13:00,18:00,True
993,Sun,09:00,18:00,True
993,Thu,14:00,21:00,True
993,Mon,13:00,18:00,True
994,Sat,08:00,12:00,True
994,Sun,09:00,13:00,True
994,Tue,09:00,13:00,True
994,Mon,08:00,12:00,True
994,Fri,08:00,12:00,True
994,Wed,08:00,12:00,True
995,Fri,09:00,18:00,True
995,Sun,08:00,12:00,True
995,Sat,08:00,12:00,True
996,Tue,14:00,21:00,True
996,Thu,08:00,12:00,True
996,Fri,09:00,18:00,True
996,Sat,08:00,21:00,True
996,Wed,13:00,18:00,True
996,Mon,13:00,18:00,True
997,Tue,08:00,21:00,True
997,Thu,09:00,13:00,True
997,Mon,14:00,21:00,True
997,Fri,08:00,12:00,True
998,Fri,08:00,12:00,True
998,Tue,09:00,13:00,True
998,Sun,08:00,21:00,True
998,Wed,13:00,18:00,True
998,Mon,08:00,21:00,True
999,Fri,14:00,21:00,True
999,Sat,09:00,13:00,True
999,Wed,08:00,21:00,True
999,Thu,08:00,12:00,True
999,Tue,08:00,12:00,True
1000,Fri,08:00,12:00,True
1000,Thu,09:00,13:00,True
1000,Sun,14:00,21:00,True
1000,Wed,09:00,13:00,True
