matching_id,request_id,patient_id,caregiver_id,personality_score,specialty_score,region_score,total_score,grade,status,ai_comment,contract_start_date,contract_end_date,created_at
1,1,1,26,92.1,25.0,20.0,44.5,C,recommended,일부 조건 불일치가 있어 확인이 필요합니다.,,,2025-10-05
2,1,1,760,88.6,25.0,75.0,61.5,B,cancelled,적응 기간이 다소 필요할 수 있습니다.,,,2025-10-13
3,1,1,282,74.8,50.0,75.0,65.8,B,completed,기본적인 케어 역량을 갖추고 있습니다.,2025-10-12,2025-11-18,2025-08-07
4,1,1,251,76.0,25.0,75.0,50.6,C,selected,추가 교육이나 지원이 필요할 수 있습니다.,,,2024-11-25
5,2,2,430,75.1,0.0,50.0,41.4,C,recommended,추가 교육이나 지원이 필요할 수 있습니다.,,,2024-12-04
6,2,2,226,75.1,0.0,50.0,38.0,C,recommended,다른 후보도 함께 검토해 보시기 바랍니다.,,,2025-09-08
7,2,2,460,81.5,33.3,75.0,57.8,C,recommended,다른 후보도 함께 검토해 보시기 바랍니다.,,,2025-10-05
8,2,2,604,80.4,100.0,50.0,76.5,B+,completed,성격 궁합이 양호하며 적응이 빠를 것으로 예상됩니다.,2025-09-09,2026-01-08,2025-01-21
9,2,2,285,72.2,33.3,50.0,53.4,C,selected,일부 조건 불일치가 있어 확인이 필요합니다.,,,2025-09-24
10,2,2,829,72.4,66.7,50.0,69.2,B,completed,적응 기간이 다소 필요할 수 있습니다.,2025-04-18,2025-06-07,2025-06-29
11,2,2,891,72.3,0.0,50.0,41.7,C,recommended,다른 후보도 함께 검토해 보시기 바랍니다.,,,2025-02-04
12,2,2,7,80.7,0.0,50.0,37.7,C,cancelled,추가 교육이나 지원이 필요할 수 있습니다.,,,2025-11-03
13,3,3,792,87.2,50.0,75.0,72.9,B+,completed,성격 궁합이 양호하며 적응이 빠를 것으로 예상됩니다.,2025-04-17,2025-07-27,2025-01-05
14,3,3,297,77.9,75.0,75.0,74.7,B+,recommended,주요 질환에 대한 케어 경험이 있습니다.,,,2024-12-18
15,3,3,82,86.5,0.0,75.0,46.7,C,recommended,일부 조건 불일치가 있어 확인이 필요합니다.,,,2024-12-30
16,3,3,876,74.9,25.0,75.0,50.7,C,recommended,일부 조건 불일치가 있어 확인이 필요합니다.,,,2025-08-31
17,3,3,239,73.5,50.0,75.0,64.8,B,recommended,기본적인 케어 역량을 갖추고 있습니다.,,,2025-09-04
18,4,4,389,85.5,33.3,75.0,63.8,B,active,기본적인 케어 역량을 갖추고 있습니다.,2025-09-30,,2025-11-10
19,4,4,277,79.6,33.3,50.0,56.8,C,recommended,다른 후보도 함께 검토해 보시기 바랍니다.,,,2025-07-12
20,4,4,948,80.5,33.3,75.0,55.9,C,recommended,일부 조건 불일치가 있어 확인이 필요합니다.,,,2024-11-24
21,4,4,656,74.5,66.7,75.0,69.6,B,active,일부 조건에서 조율이 필요할 수 있습니다.,2024-11-27,,2025-05-08
22,4,4,705,86.4,33.3,50.0,59.9,C,recommended,일부 조건 불일치가 있어 확인이 필요합니다.,,,2025-04-06
23,4,4,571,86.4,33.3,75.0,58.8,C,recommended,추가 교육이나 지원이 필요할 수 있습니다.,,,2025-07-23
24,4,4,225,86.0,33.3,50.0,58.4,C,recommended,일부 조건 불일치가 있어 확인이 필요합니다.,,,2025-07-15
25,5,5,439,80.9,25.0,75.0,57.0,C,recommended,추가 교육이나 지원이 필요할 수 있습니다.,,,2025-10-01
26,5,5,920,78.8,25.0,75.0,52.9,C,completed,일부 조건 불일치가 있어 확인이 필요합니다.,2025-08-08,2025-12-24,2025-10-25
27,5,5,598,80.6,25.0,75.0,61.9,B,recommended,적응 기간이 다소 필요할 수 있습니다.,,,2025-07-21
28,5,5,409,82.6,50.0,75.0,72.4,B+,active,전반적으로 좋은 매칭입니다.,2025-10-23,,2024-11-22
29,5,5,371,75.2,50.0,50.0,55.0,C,selected,일부 조건 불일치가 있어 확인이 필요합니다.,,,2024-11-07
30,5,5,225,76.8,50.0,50.0,57.1,C,recommended,일부 조건 불일치가 있어 확인이 필요합니다.,,,2025-06-05
31,5,5,142,84.5,50.0,75.0,64.4,B,active,기본적인 케어 역량을 갖추고 있습니다.,2025-03-20,,2025-04-08
32,5,5,522,85.7,75.0,75.0,73.8,B+,recommended,전반적으로 좋은 매칭입니다.,,,2024-11-23
33,6,6,996,75.5,0.0,75.0,41.2,C,recommended,일부 조건 불일치가 있어 확인이 필요합니다.,,,2025-06-27
34,6,6,513,86.8,0.0,75.0,52.6,C,cancelled,일부 조건 불일치가 있어 확인이 필요합니다.,,,2025-01-19
35,6,6,781,85.4,25.0,50.0,49.4,C,cancelled,다른 후보도 함께 검토해 보시기 바랍니다.,,,2024-11-01
36,6,6,183,90.5,0.0,75.0,47.0,C,completed,일부 조건 불일치가 있어 확인이 필요합니다.,2025-01-30,2025-03-01,2025-06-14
37,6,6,520,86.4,50.0,75.0,73.3,B+,recommended,성격 궁합이 양호하며 적응이 빠를 것으로 예상됩니다.,,,2025-07-27
38,6,6,935,88.8,25.0,75.0,55.4,C,recommended,일부 조건 불일치가 있어 확인이 필요합니다.,,,2025-10-17
39,7,7,750,85.9,50.0,50.0,67.4,B,completed,기본적인 케어 역량을 갖추고 있습니다.,2025-01-29,2025-04-01,2024-12-24
40,7,7,498,86.7,0.0,75.0,45.7,C,recommended,일부 조건 불일치가 있어 확인이 필요합니다.,,,2025-01-20
41,7,7,836,80.3,25.0,75.0,56.1,C,recommended,추가 교육이나 지원이 필요할 수 있습니다.,,,2025-02-23
42,7,7,71,74.0,50.0,75.0,67.2,B,selected,적응 기간이 다소 필요할 수 있습니다.,,,2025-08-16
43,8,8,409,86.7,50.0,75.0,69.3,B,recommended,기본적인 케어 역량을 갖추고 있습니다.,,,2025-07-23
44,8,8,688,75.6,50.0,75.0,62.5,B,completed,적응 기간이 다소 필요할 수 있습니다.,2025-05-08,2025-06-12,2025-02-16
45,8,8,666,80.9,25.0,100.0,58.4,C,recommended,일부 조건 불일치가 있어 확인이 필요합니다.,,,2025-01-07
46,8,8,383,81.9,25.0,75.0,53.0,C,active,추가 교육이나 지원이 필요할 수 있습니다.,2025-09-24,,2025-06-10
47,8,8,449,90.3,25.0,50.0,49.8,C,recommended,추가 교육이나 지원이 필요할 수 있습니다.,,,2025-07-07
48,8,8,922,74.6,75.0,75.0,76.5,B+,completed,주요 질환에 대한 케어 경험이 있습니다.,2025-07-11,2025-12-26,2024-11-21
49,9,9,485,84.5,25.0,75.0,59.9,C,selected,다른 후보도 함께 검토해 보시기 바랍니다.,,,2025-04-24
50,9,9,249,87.5,50.0,75.0,68.5,B,recommended,적응 기간이 다소 필요할 수 있습니다.,,,2025-10-30
51,9,9,804,68.8,0.0,75.0,44.6,C,cancelled,일부 조건 불일치가 있어 확인이 필요합니다.,,,2025-10-07
52,9,9,827,79.6,50.0,75.0,62.2,B,completed,기본적인 케어 역량을 갖추고 있습니다.,2025-05-08,2025-07-04,2025-08-20
53,9,9,417,77.2,50.0,75.0,62.2,B,completed,일부 조건에서 조율이 필요할 수 있습니다.,2025-07-27,2025-11-05,2025-07-22
54,9,9,195,89.8,25.0,75.0,59.6,C,completed,추가 교육이나 지원이 필요할 수 있습니다.,2025-01-20,2025-03-16,2024-12-28
55,9,9,97,85.2,75.0,75.0,83.3,A,completed,성격 궁합이 좋아 원활한 소통이 기대됩니다.,2025-06-29,2025-09-09,2025-03-23
56,9,9,100,85.1,25.0,75.0,62.6,B,completed,기본적인 케어 역량을 갖추고 있습니다.,2025-08-05,2025-12-10,2025-05-11
57,10,10,434,89.0,0.0,75.0,51.5,C,recommended,다른 후보도 함께 검토해 보시기 바랍니다.,,,2025-09-08
58,10,10,714,77.7,0.0,100.0,49.1,C,recommended,추가 교육이나 지원이 필요할 수 있습니다.,,,2025-10-28
59,10,10,981,82.8,0.0,75.0,48.5,C,recommended,일부 조건 불일치가 있어 확인이 필요합니다.,,,2025-10-26
60,10,10,749,85.2,50.0,75.0,71.1,B+,recommended,주요 질환에 대한 케어 경험이 있습니다.,,,2025-11-01
61,10,10,803,76.1,50.0,75.0,66.2,B,selected,적응 기간이 다소 필요할 수 있습니다.,,,2025-02-28
62,10,10,570,79.6,75.0,75.0,73.2,B+,recommended,전반적으로 좋은 매칭입니다.,,,2025-10-16
63,11,11,71,75.1,50.0,75.0,62.4,B,completed,기본적인 케어 역량을 갖추고 있습니다.,2025-08-28,2026-02-19,2025-02-03
64,11,11,610,80.2,25.0,50.0,46.4,C,recommended,일부 조건 불일치가 있어 확인이 필요합니다.,,,2025-02-01
65,11,11,70,90.1,25.0,75.0,60.9,B,recommended,일부 조건에서 조율이 필요할 수 있습니다.,,,2025-07-16
66,11,11,692,85.8,50.0,75.0,65.8,B,active,기본적인 케어 역량을 갖추고 있습니다.,2025-05-21,,2025-07-14
67,11,11,883,80.8,50.0,75.0,66.0,B,recommended,적응 기간이 다소 필요할 수 있습니다.,,,2024-12-31
68,12,12,469,63.8,25.0,50.0,39.9,C,completed,추가 교육이나 지원이 필요할 수 있습니다.,2024-12-14,2025-06-06,2025-10-20
69,12,12,324,72.4,50.0,75.0,61.7,B,recommended,일부 조건에서 조율이 필요할 수 있습니다.,,,2025-10-22
70,12,12,952,83.8,25.0,50.0,55.6,C,cancelled,다른 후보도 함께 검토해 보시기 바랍니다.,,,2025-07-04
71,12,12,770,69.2,25.0,75.0,49.6,C,completed,일부 조건 불일치가 있어 확인이 필요합니다.,2025-01-23,2025-05-10,2024-12-27
72,12,12,959,80.2,0.0,75.0,50.0,C,recommended,다른 후보도 함께 검토해 보시기 바랍니다.,,,2024-12-22
73,12,12,75,65.1,25.0,75.0,47.6,C,recommended,추가 교육이나 지원이 필요할 수 있습니다.,,,2025-07-14
74,13,13,912,94.4,25.0,75.0,58.3,C,completed,일부 조건 불일치가 있어 확인이 필요합니다.,2025-06-06,2025-08-28,2025-06-04
75,13,13,110,80.7,0.0,75.0,50.5,C,completed,다른 후보도 함께 검토해 보시기 바랍니다.,2025-02-12,2025-07-17,2025-10-31
76,13,13,761,83.3,25.0,75.0,61.2,B,completed,일부 조건에서 조율이 필요할 수 있습니다.,2025-10-06,2025-11-05,2024-10-28
77,13,13,567,75.5,75.0,75.0,71.8,B+,completed,전반적으로 좋은 매칭입니다.,2025-03-16,2025-09-03,2025-04-22
78,14,14,968,73.5,25.0,75.0,51.0,C,recommended,추가 교육이나 지원이 필요할 수 있습니다.,,,2025-05-21
79,14,14,905,78.3,25.0,75.0,57.0,C,recommended,추가 교육이나 지원이 필요할 수 있습니다.,,,2025-04-20
80,14,14,708,68.8,50.0,50.0,52.8,C,recommended,다른 후보도 함께 검토해 보시기 바랍니다.,,,2025-05-24
81,14,14,926,63.3,50.0,75.0,64.9,B,completed,기본적인 케어 역량을 갖추고 있습니다.,2025-10-08,2026-02-06,2024-12-12
82,15,15,799,83.0,25.0,75.0,59.0,C,active,추가 교육이나 지원이 필요할 수 있습니다.,2025-08-10,,2025-09-04
83,15,15,574,85.4,50.0,75.0,73.4,B+,recommended,주요 질환에 대한 케어 경험이 있습니다.,,,2025-04-29
84,15,15,906,73.1,25.0,75.0,49.6,C,recommended,일부 조건 불일치가 있어 확인이 필요합니다.,,,2025-06-09
85,15,15,896,74.9,0.0,75.0,47.8,C,recommended,다른 후보도 함께 검토해 보시기 바랍니다.,,,2024-12-19
86,15,15,417,82.3,50.0,75.0,71.2,B+,recommended,주요 질환에 대한 케어 경험이 있습니다.,,,2025-07-13
87,15,15,998,77.7,0.0,75.0,42.5,C,completed,추가 교육이나 지원이 필요할 수 있습니다.,2025-09-03,2026-01-08,2025-03-31
88,16,16,313,70.1,25.0,75.0,48.5,C,active,다른 후보도 함께 검토해 보시기 바랍니다.,2025-07-22,,2025-06-11
89,16,16,841,79.8,25.0,75.0,54.5,C,completed,다른 후보도 함께 검토해 보시기 바랍니다.,2025-09-23,2026-01-02,2025-01-02
90,16,16,815,61.0,25.0,75.0,54.9,C,recommended,일부 조건 불일치가 있어 확인이 필요합니다.,,,2025-06-10
91,16,16,893,79.5,50.0,75.0,71.0,B+,recommended,주요 질환에 대한 케어 경험이 있습니다.,,,2025-07-16
92,16,16,234,63.7,50.0,75.0,57.8,C,completed,추가 교육이나 지원이 필요할 수 있습니다.,2025-06-15,2025-07-24,2025-01-25
93,16,16,229,85.4,25.0,75.0,61.5,B,completed,기본적인 케어 역량을 갖추고 있습니다.,2025-03-19,2025-08-26,2025-05-13
94,17,17,46,82.1,0.0,20.0,36.8,C,selected,일부 조건 불일치가 있어 확인이 필요합니다.,,,2024-11-23
95,17,17,726,81.1,25.0,20.0,47.8,C,completed,다른 후보도 함께 검토해 보시기 바랍니다.,2025-07-20,2025-11-20,2025-10-22
96,17,17,447,90.6,50.0,20.0,57.9,C,recommended,일부 조건 불일치가 있어 확인이 필요합니다.,,,2025-09-24
97,17,17,2,71.9,50.0,20.0,52.4,C,selected,다른 후보도 함께 검토해 보시기 바랍니다.,,,2025-03-12
98,17,17,533,78.1,50.0,20.0,50.4,C,recommended,다른 후보도 함께 검토해 보시기 바랍니다.,,,2025-06-12
99,17,17,948,76.0,25.0,20.0,40.6,C,recommended,다른 후보도 함께 검토해 보시기 바랍니다.,,,2025-02-16
100,18,18,197,81.7,25.0,75.0,59.1,C,recommended,추가 교육이나 지원이 필요할 수 있습니다.,,,2025-01-15
101,18,18,431,88.5,25.0,75.0,60.4,B,recommended,일부 조건에서 조율이 필요할 수 있습니다.,,,2025-02-19
102,18,18,681,83.2,25.0,75.0,61.2,B,completed,기본적인 케어 역량을 갖추고 있습니다.,2025-05-26,2025-09-06,2025-04-20
103,18,18,963,92.9,50.0,100.0,79.1,B+,selected,성격 궁합이 양호하며 적응이 빠를 것으로 예상됩니다.,,,2025-04-14
104,18,18,389,83.9,50.0,75.0,67.5,B,active,적응 기간이 다소 필요할 수 있습니다.,2025-07-11,,2025-03-29
105,19,19,675,66.8,75.0,50.0,67.2,B,completed,기본적인 케어 역량을 갖추고 있습니다.,2025-05-10,2025-07-02,2024-12-17
106,19,19,87,83.3,25.0,75.0,54.4,C,recommended,추가 교육이나 지원이 필요할 수 있습니다.,,,2025-07-24
107,19,19,291,82.9,0.0,20.0,38.9,C,recommended,일부 조건 불일치가 있어 확인이 필요합니다.,,,2024-10-29
108,19,19,528,82.2,50.0,75.0,63.2,B,completed,기본적인 케어 역량을 갖추고 있습니다.,2025-03-30,2025-09-23,2024-11-24
109,19,19,680,73.2,0.0,75.0,43.4,C,recommended,추가 교육이나 지원이 필요할 수 있습니다.,,,2024-12-26
110,20,20,915,84.1,75.0,50.0,75.8,B+,recommended,성격 궁합이 양호하며 적응이 빠를 것으로 예상됩니다.,,,2025-08-06
111,20,20,769,71.1,0.0,50.0,34.2,C,recommended,일부 조건 불일치가 있어 확인이 필요합니다.,,,2025-03-06
112,20,20,882,79.8,25.0,75.0,56.3,C,recommended,일부 조건 불일치가 있어 확인이 필요합니다.,,,2025-07-22
113,20,20,789,67.9,25.0,50.0,50.4,C,cancelled,추가 교육이나 지원이 필요할 수 있습니다.,,,2025-04-07
114,21,21,821,83.6,25.0,75.0,59.0,C,completed,다른 후보도 함께 검토해 보시기 바랍니다.,2025-03-16,2025-08-22,2025-02-19
115,21,21,476,89.7,25.0,50.0,56.3,C,active,다른 후보도 함께 검토해 보시기 바랍니다.,2025-02-27,,2025-07-17
116,21,21,684,81.8,25.0,75.0,59.9,C,completed,일부 조건 불일치가 있어 확인이 필요합니다.,2024-12-06,2025-03-16,2025-03-23
117,21,21,544,84.7,0.0,50.0,41.5,C,completed,다른 후보도 함께 검토해 보시기 바랍니다.,2025-06-04,2025-09-02,2025-06-08
118,21,21,573,81.8,25.0,75.0,53.2,C,recommended,추가 교육이나 지원이 필요할 수 있습니다.,,,2025-07-31
119,22,22,711,81.6,0.0,75.0,45.6,C,completed,추가 교육이나 지원이 필요할 수 있습니다.,2025-03-04,2025-07-18,2025-08-13
120,22,22,157,87.4,50.0,20.0,59.7,C,selected,일부 조건 불일치가 있어 확인이 필요합니다.,,,2024-12-05
121,22,22,724,78.9,25.0,75.0,51.6,C,completed,다른 후보도 함께 검토해 보시기 바랍니다.,2025-01-07,2025-05-14,2025-11-23
122,22,22,220,90.9,25.0,75.0,63.1,B,completed,적응 기간이 다소 필요할 수 있습니다.,2025-03-28,2025-09-11,2024-11-15
123,22,22,66,82.6,50.0,75.0,71.6,B+,recommended,성격 궁합이 양호하며 적응이 빠를 것으로 예상됩니다.,,,2025-08-06
124,22,22,425,91.6,50.0,75.0,68.5,B,recommended,일부 조건에서 조율이 필요할 수 있습니다.,,,2025-11-12
125,22,22,418,88.5,0.0,75.0,48.6,C,recommended,일부 조건 불일치가 있어 확인이 필요합니다.,,,2024-12-14
126,23,23,742,78.5,75.0,50.0,70.3,B+,selected,성격 궁합이 양호하며 적응이 빠를 것으로 예상됩니다.,,,2025-01-27
127,23,23,170,77.4,25.0,50.0,50.2,C,completed,일부 조건 불일치가 있어 확인이 필요합니다.,2025-10-15,2025-12-05,2025-04-21
128,23,23,861,76.3,75.0,75.0,72.3,B+,completed,성격 궁합이 양호하며 적응이 빠를 것으로 예상됩니다.,2025-06-17,2025-10-22,2025-08-10
129,23,23,479,85.6,50.0,50.0,65.1,B,recommended,일부 조건에서 조율이 필요할 수 있습니다.,,,2025-07-07
130,23,23,942,82.6,25.0,50.0,53.9,C,selected,다른 후보도 함께 검토해 보시기 바랍니다.,,,2025-07-20
131,23,23,131,91.2,25.0,75.0,64.0,B,selected,일부 조건에서 조율이 필요할 수 있습니다.,,,2025-11-17
132,23,23,638,77.4,75.0,50.0,72.1,B+,recommended,주요 질환에 대한 케어 경험이 있습니다.,,,2025-05-31
133,24,24,666,77.3,75.0,75.0,71.2,B+,recommended,주요 질환에 대한 케어 경험이 있습니다.,,,2025-07-23
134,24,24,71,76.1,25.0,75.0,52.4,C,recommended,추가 교육이나 지원이 필요할 수 있습니다.,,,2025-01-12
135,24,24,800,78.0,25.0,75.0,52.6,C,cancelled,추가 교육이나 지원이 필요할 수 있습니다.,,,2025-03-29
136,24,24,981,81.5,50.0,75.0,69.0,B,recommended,적응 기간이 다소 필요할 수 있습니다.,,,2025-08-07
137,24,24,668,76.2,0.0,20.0,31.3,C,selected,다른 후보도 함께 검토해 보시기 바랍니다.,,,2024-10-30
138,25,25,172,85.8,0.0,75.0,44.9,C,completed,추가 교육이나 지원이 필요할 수 있습니다.,2025-08-06,2025-11-23,2025-02-03
139,25,25,621,80.2,33.3,75.0,60.9,B,selected,일부 조건에서 조율이 필요할 수 있습니다.,,,2025-05-07
140,25,25,622,88.1,0.0,75.0,54.0,C,cancelled,추가 교육이나 지원이 필요할 수 있습니다.,,,2025-10-19
141,25,25,987,83.6,33.3,75.0,62.3,B,cancelled,적응 기간이 다소 필요할 수 있습니다.,,,2025-07-25
142,25,25,766,86.1,33.3,75.0,58.2,C,recommended,다른 후보도 함께 검토해 보시기 바랍니다.,,,2024-12-11
143,25,25,736,81.0,33.3,75.0,61.4,B,selected,기본적인 케어 역량을 갖추고 있습니다.,,,2025-02-10
144,26,26,356,82.3,50.0,75.0,66.3,B,recommended,적응 기간이 다소 필요할 수 있습니다.,,,2024-12-30
145,26,26,546,83.2,75.0,75.0,76.3,B+,selected,성격 궁합이 양호하며 적응이 빠를 것으로 예상됩니다.,,,2025-03-21
146,26,26,439,75.0,25.0,75.0,51.0,C,recommended,다른 후보도 함께 검토해 보시기 바랍니다.,,,2025-01-05
147,26,26,678,81.6,50.0,75.0,71.2,B+,active,전반적으로 좋은 매칭입니다.,2025-03-07,,2025-09-09
148,27,27,181,80.5,25.0,50.0,53.8,C,selected,일부 조건 불일치가 있어 확인이 필요합니다.,,,2024-10-26
149,27,27,752,74.3,50.0,75.0,64.6,B,recommended,일부 조건에서 조율이 필요할 수 있습니다.,,,2024-11-17
150,27,27,535,85.0,25.0,50.0,53.2,C,recommended,다른 후보도 함께 검토해 보시기 바랍니다.,,,2025-07-24
151,27,27,989,81.1,50.0,75.0,70.5,B+,completed,성격 궁합이 양호하며 적응이 빠를 것으로 예상됩니다.,2025-09-14,2025-12-24,2025-07-25
152,27,27,667,73.8,25.0,75.0,55.7,C,recommended,다른 후보도 함께 검토해 보시기 바랍니다.,,,2025-06-07
153,27,27,277,75.0,25.0,50.0,44.1,C,recommended,다른 후보도 함께 검토해 보시기 바랍니다.,,,2025-08-25
154,27,27,631,95.0,25.0,75.0,61.9,B,selected,일부 조건에서 조율이 필요할 수 있습니다.,,,2025-07-17
155,28,28,287,92.1,50.0,50.0,59.8,C,cancelled,추가 교육이나 지원이 필요할 수 있습니다.,,,2025-10-14
156,28,28,902,82.6,75.0,75.0,75.1,B+,recommended,성격 궁합이 양호하며 적응이 빠를 것으로 예상됩니다.,,,2025-03-21
157,28,28,611,69.8,50.0,75.0,63.7,B,completed,적응 기간이 다소 필요할 수 있습니다.,2025-06-27,2025-11-25,2024-11-27
158,28,28,719,83.1,25.0,75.0,53.8,C,completed,일부 조건 불일치가 있어 확인이 필요합니다.,2025-07-07,2025-11-17,2025-07-25
159,28,28,283,80.3,50.0,75.0,65.5,B,recommended,적응 기간이 다소 필요할 수 있습니다.,,,2025-02-28
160,28,28,570,80.8,25.0,75.0,55.5,C,completed,다른 후보도 함께 검토해 보시기 바랍니다.,2025-01-20,2025-05-14,2024-12-02
161,29,29,237,76.0,50.0,75.0,67.8,B,selected,적응 기간이 다소 필요할 수 있습니다.,,,2025-08-24
162,29,29,124,71.9,25.0,50.0,44.6,C,active,다른 후보도 함께 검토해 보시기 바랍니다.,2025-02-23,,2024-11-21
163,29,29,739,74.1,50.0,75.0,65.6,B,completed,기본적인 케어 역량을 갖추고 있습니다.,2025-02-02,2025-05-15,2025-08-19
164,29,29,198,76.4,0.0,75.0,42.3,C,selected,추가 교육이나 지원이 필요할 수 있습니다.,,,2024-11-29
165,29,29,324,82.6,50.0,75.0,68.0,B,recommended,일부 조건에서 조율이 필요할 수 있습니다.,,,2025-11-03
166,29,29,123,68.4,25.0,75.0,57.4,C,completed,일부 조건 불일치가 있어 확인이 필요합니다.,2025-01-18,2025-05-02,2025-09-23
167,30,30,894,81.2,0.0,75.0,46.9,C,recommended,다른 후보도 함께 검토해 보시기 바랍니다.,,,2025-06-05
168,30,30,13,77.9,25.0,75.0,52.8,C,recommended,추가 교육이나 지원이 필요할 수 있습니다.,,,2025-07-20
169,30,30,588,86.4,0.0,75.0,53.4,C,recommended,다른 후보도 함께 검토해 보시기 바랍니다.,,,2025-09-29
170,30,30,292,88.6,25.0,75.0,63.0,B,active,일부 조건에서 조율이 필요할 수 있습니다.,2025-04-06,,2025-10-20
171,31,31,645,70.5,75.0,75.0,71.5,B+,completed,전반적으로 좋은 매칭입니다.,2025-06-23,2025-08-22,2024-10-31
172,31,31,703,84.8,50.0,75.0,71.3,B+,recommended,주요 질환에 대한 케어 경험이 있습니다.,,,2024-10-25
173,31,31,55,93.5,25.0,75.0,61.7,B,active,일부 조건에서 조율이 필요할 수 있습니다.,2025-03-12,,2025-06-27
174,31,31,156,79.9,25.0,75.0,60.3,B,recommended,일부 조건에서 조율이 필요할 수 있습니다.,,,2025-06-23
175,31,31,153,85.6,25.0,75.0,59.4,C,active,일부 조건 불일치가 있어 확인이 필요합니다.,2025-09-28,,2024-11-13
176,31,31,831,89.4,0.0,75.0,46.0,C,recommended,추가 교육이나 지원이 필요할 수 있습니다.,,,2025-01-10
177,31,31,577,68.2,50.0,75.0,59.7,C,active,추가 교육이나 지원이 필요할 수 있습니다.,2025-09-17,,2025-07-27
178,31,31,972,81.9,25.0,75.0,54.1,C,recommended,추가 교육이나 지원이 필요할 수 있습니다.,,,2025-09-07
179,32,32,419,76.9,25.0,75.0,55.4,C,cancelled,추가 교육이나 지원이 필요할 수 있습니다.,,,2025-07-31
180,32,32,462,76.4,25.0,75.0,53.4,C,recommended,다른 후보도 함께 검토해 보시기 바랍니다.,,,2024-12-02
181,32,32,706,83.2,50.0,75.0,71.5,B+,recommended,주요 질환에 대한 케어 경험이 있습니다.,,,2024-12-10
182,32,32,609,84.1,75.0,75.0,75.5,B+,recommended,성격 궁합이 양호하며 적응이 빠를 것으로 예상됩니다.,,,2025-01-10
183,33,33,678,76.5,25.0,75.0,57.0,C,cancelled,다른 후보도 함께 검토해 보시기 바랍니다.,,,2025-09-15
184,33,33,824,90.9,50.0,75.0,66.3,B,completed,적응 기간이 다소 필요할 수 있습니다.,2025-08-05,2025-11-21,2024-11-08
185,33,33,957,82.2,50.0,75.0,66.9,B,recommended,일부 조건에서 조율이 필요할 수 있습니다.,,,2024-12-09
186,33,33,203,83.0,25.0,75.0,55.9,C,active,다른 후보도 함께 검토해 보시기 바랍니다.,2025-04-05,,2025-03-15
187,33,33,436,83.2,0.0,75.0,48.3,C,completed,일부 조건 불일치가 있어 확인이 필요합니다.,2025-03-18,2025-05-07,2025-11-06
188,33,33,118,85.6,0.0,75.0,46.9,C,selected,다른 후보도 함께 검토해 보시기 바랍니다.,,,2025-11-13
189,33,33,558,75.9,25.0,75.0,51.2,C,selected,일부 조건 불일치가 있어 확인이 필요합니다.,,,2025-02-05
190,33,33,231,82.8,50.0,50.0,62.3,B,recommended,기본적인 케어 역량을 갖추고 있습니다.,,,2024-10-31
191,34,34,591,69.2,33.3,75.0,56.5,C,recommended,다른 후보도 함께 검토해 보시기 바랍니다.,,,2025-07-07
192,34,34,42,78.5,33.3,75.0,56.4,C,completed,일부 조건 불일치가 있어 확인이 필요합니다.,2025-01-02,2025-05-23,2025-03-20
193,34,34,782,80.2,33.3,75.0,58.6,C,cancelled,다른 후보도 함께 검토해 보시기 바랍니다.,,,2025-06-15
194,34,34,775,86.8,0.0,75.0,50.8,C,active,다른 후보도 함께 검토해 보시기 바랍니다.,2025-08-07,,2025-04-30
195,34,34,180,85.6,33.3,75.0,64.0,B,recommended,일부 조건에서 조율이 필요할 수 있습니다.,,,2024-12-22
196,34,34,482,83.7,66.7,75.0,79.2,B+,selected,전반적으로 좋은 매칭입니다.,,,2025-11-08
197,35,35,91,82.4,25.0,75.0,56.6,C,completed,일부 조건 불일치가 있어 확인이 필요합니다.,2025-02-07,2025-03-09,2025-02-22
198,35,35,323,77.8,25.0,75.0,52.9,C,completed,일부 조건 불일치가 있어 확인이 필요합니다.,2025-04-26,2025-09-30,2025-04-14
199,35,35,259,80.1,50.0,100.0,70.7,B+,completed,성격 궁합이 양호하며 적응이 빠를 것으로 예상됩니다.,2025-08-22,2025-12-03,2024-12-04
200,35,35,332,88.7,25.0,75.0,64.5,B,completed,적응 기간이 다소 필요할 수 있습니다.,2024-12-21,2025-03-22,2025-09-06
201,35,35,119,79.0,50.0,100.0,73.2,B+,completed,주요 질환에 대한 케어 경험이 있습니다.,2025-09-11,2025-12-07,2025-04-04
202,35,35,994,86.6,50.0,75.0,72.4,B+,recommended,성격 궁합이 양호하며 적응이 빠를 것으로 예상됩니다.,,,2024-11-25
203,35,35,792,89.9,25.0,75.0,58.1,C,recommended,일부 조건 불일치가 있어 확인이 필요합니다.,,,2025-07-10
204,36,36,855,86.2,25.0,50.0,51.5,C,completed,일부 조건 불일치가 있어 확인이 필요합니다.,2024-12-26,2025-06-04,2025-09-18
205,36,36,495,80.8,25.0,50.0,53.5,C,selected,다른 후보도 함께 검토해 보시기 바랍니다.,,,2025-06-05
206,36,36,484,88.5,25.0,50.0,57.8,C,recommended,일부 조건 불일치가 있어 확인이 필요합니다.,,,2025-07-13
207,36,36,250,77.5,0.0,50.0,42.8,C,recommended,다른 후보도 함께 검토해 보시기 바랍니다.,,,2024-11-20
208,36,36,468,90.3,75.0,50.0,72.1,B+,completed,전반적으로 좋은 매칭입니다.,2025-01-01,2025-06-28,2025-03-21
209,36,36,565,78.6,25.0,50.0,50.4,C,recommended,다른 후보도 함께 검토해 보시기 바랍니다.,,,2025-06-09
210,36,36,149,83.1,50.0,50.0,62.1,B,recommended,적응 기간이 다소 필요할 수 있습니다.,,,2025-05-17
211,37,37,956,86.4,0.0,50.0,41.6,C,selected,다른 후보도 함께 검토해 보시기 바랍니다.,,,2025-11-04
212,37,37,330,90.1,50.0,50.0,62.2,B,completed,일부 조건에서 조율이 필요할 수 있습니다.,2025-02-28,2025-07-05,2024-12-22
213,37,37,891,81.1,0.0,75.0,51.9,C,active,추가 교육이나 지원이 필요할 수 있습니다.,2025-02-17,,2025-09-23
214,37,37,194,74.6,0.0,75.0,44.9,C,recommended,일부 조건 불일치가 있어 확인이 필요합니다.,,,2025-06-10
215,37,37,715,88.8,25.0,75.0,63.5,B,completed,적응 기간이 다소 필요할 수 있습니다.,2025-03-17,2025-05-11,2025-04-07
216,37,37,245,86.9,25.0,75.0,58.3,C,recommended,일부 조건 불일치가 있어 확인이 필요합니다.,,,2025-09-08
217,37,37,586,78.9,75.0,75.0,72.1,B+,recommended,성격 궁합이 양호하며 적응이 빠를 것으로 예상됩니다.,,,2025-06-06
218,38,38,710,74.9,0.0,50.0,39.1,C,completed,일부 조건 불일치가 있어 확인이 필요합니다.,2025-05-19,2025-10-20,2025-11-08
219,38,38,408,87.3,25.0,75.0,60.6,B,completed,적응 기간이 다소 필요할 수 있습니다.,2025-06-03,2025-08-30,2025-10-11
220,38,38,666,80.8,25.0,50.0,53.4,C,completed,추가 교육이나 지원이 필요할 수 있습니다.,2025-09-07,2026-01-28,2024-12-06
221,38,38,83,91.4,0.0,50.0,39.9,C,active,다른 후보도 함께 검토해 보시기 바랍니다.,2025-09-30,,2025-05-27
222,38,38,873,84.4,25.0,20.0,43.3,C,selected,추가 교육이나 지원이 필요할 수 있습니다.,,,2025-07-24
223,38,38,337,81.9,50.0,50.0,61.5,B,recommended,적응 기간이 다소 필요할 수 있습니다.,,,2024-12-12
224,38,38,691,90.4,0.0,50.0,47.1,C,recommended,추가 교육이나 지원이 필요할 수 있습니다.,,,2025-08-29
225,38,38,880,78.2,50.0,50.0,55.7,C,recommended,다른 후보도 함께 검토해 보시기 바랍니다.,,,2025-01-13
226,39,39,510,81.2,50.0,75.0,66.8,B,recommended,일부 조건에서 조율이 필요할 수 있습니다.,,,2025-04-05
227,39,39,935,78.2,25.0,75.0,53.7,C,cancelled,추가 교육이나 지원이 필요할 수 있습니다.,,,2025-04-02
228,39,39,598,84.9,50.0,75.0,72.5,B+,selected,전반적으로 좋은 매칭입니다.,,,2025-02-20
229,39,39,147,83.8,50.0,75.0,64.7,B,completed,적응 기간이 다소 필요할 수 있습니다.,2025-03-16,2025-07-12,2025-06-26
230,39,39,238,78.0,25.0,75.0,57.9,C,active,다른 후보도 함께 검토해 보시기 바랍니다.,2025-03-09,,2025-08-17
231,40,40,874,84.7,50.0,50.0,62.9,B,completed,적응 기간이 다소 필요할 수 있습니다.,2025-05-30,2025-07-04,2025-05-08
232,40,40,495,85.8,50.0,50.0,66.2,B,active,적응 기간이 다소 필요할 수 있습니다.,2025-10-03,,2024-11-10
233,40,40,110,88.9,0.0,50.0,43.6,C,selected,다른 후보도 함께 검토해 보시기 바랍니다.,,,2024-10-25
234,40,40,243,91.7,25.0,50.0,57.6,C,recommended,일부 조건 불일치가 있어 확인이 필요합니다.,,,2025-05-30
235,40,40,391,88.4,25.0,50.0,50.6,C,recommended,추가 교육이나 지원이 필요할 수 있습니다.,,,2025-01-13
236,40,40,586,84.9,75.0,50.0,69.7,B,completed,적응 기간이 다소 필요할 수 있습니다.,2025-08-19,2025-10-12,2024-12-31
237,40,40,368,80.9,25.0,50.0,46.1,C,recommended,다른 후보도 함께 검토해 보시기 바랍니다.,,,2024-11-17
238,41,41,93,82.4,25.0,75.0,56.8,C,recommended,추가 교육이나 지원이 필요할 수 있습니다.,,,2025-09-20
239,41,41,932,76.7,50.0,75.0,68.4,B,completed,적응 기간이 다소 필요할 수 있습니다.,2025-04-24,2025-10-06,2025-07-10
240,41,41,303,81.8,25.0,75.0,61.5,B,recommended,일부 조건에서 조율이 필요할 수 있습니다.,,,2025-06-28
241,41,41,335,85.7,25.0,50.0,55.0,C,cancelled,다른 후보도 함께 검토해 보시기 바랍니다.,,,2025-09-29
242,41,41,766,89.1,50.0,75.0,69.6,B,cancelled,기본적인 케어 역량을 갖추고 있습니다.,,,2025-09-15
243,42,42,881,84.6,0.0,75.0,53.0,C,cancelled,일부 조건 불일치가 있어 확인이 필요합니다.,,,2025-05-23
244,42,42,693,85.9,25.0,75.0,54.7,C,recommended,다른 후보도 함께 검토해 보시기 바랍니다.,,,2025-11-19
245,42,42,742,80.5,50.0,75.0,64.6,B,recommended,기본적인 케어 역량을 갖추고 있습니다.,,,2025-04-08
246,42,42,691,84.4,0.0,75.0,47.0,C,cancelled,일부 조건 불일치가 있어 확인이 필요합니다.,,,2024-12-17
247,42,42,407,70.6,0.0,50.0,34.8,C,recommended,다른 후보도 함께 검토해 보시기 바랍니다.,,,2025-01-04
248,43,43,111,87.6,0.0,75.0,53.3,C,cancelled,일부 조건 불일치가 있어 확인이 필요합니다.,,,2025-06-12
249,43,43,692,79.6,66.7,75.0,77.4,B+,cancelled,주요 질환에 대한 케어 경험이 있습니다.,,,2024-12-30
250,43,43,240,80.6,33.3,75.0,55.9,C,completed,일부 조건 불일치가 있어 확인이 필요합니다.,2025-03-05,2025-06-20,2025-05-01
251,43,43,483,86.0,33.3,75.0,66.7,B,recommended,일부 조건에서 조율이 필요할 수 있습니다.,,,2025-03-19
252,43,43,26,73.2,33.3,20.0,40.1,C,recommended,추가 교육이나 지원이 필요할 수 있습니다.,,,2025-02-24
253,43,43,635,87.2,33.3,75.0,59.0,C,completed,일부 조건 불일치가 있어 확인이 필요합니다.,2025-03-10,2025-07-12,2024-11-11
254,44,44,602,72.9,25.0,50.0,44.0,C,recommended,다른 후보도 함께 검토해 보시기 바랍니다.,,,2025-01-15
255,44,44,761,80.4,25.0,50.0,49.7,C,recommended,다른 후보도 함께 검토해 보시기 바랍니다.,,,2025-11-10
256,44,44,745,79.2,75.0,50.0,72.1,B+,active,성격 궁합이 양호하며 적응이 빠를 것으로 예상됩니다.,2025-07-09,,2025-04-13
257,44,44,159,91.1,0.0,20.0,41.4,C,cancelled,다른 후보도 함께 검토해 보시기 바랍니다.,,,2025-10-07
258,44,44,907,76.5,25.0,75.0,60.3,B,completed,적응 기간이 다소 필요할 수 있습니다.,2025-04-23,2025-10-09,2025-05-27
259,44,44,425,84.8,0.0,50.0,39.1,C,selected,추가 교육이나 지원이 필요할 수 있습니다.,,,2025-04-08
260,44,44,671,79.5,25.0,50.0,46.2,C,recommended,추가 교육이나 지원이 필요할 수 있습니다.,,,2025-01-02
261,45,45,995,86.6,25.0,75.0,56.1,C,selected,일부 조건 불일치가 있어 확인이 필요합니다.,,,2025-08-12
262,45,45,22,88.9,50.0,75.0,70.7,B+,cancelled,주요 질환에 대한 케어 경험이 있습니다.,,,2025-06-11
263,45,45,52,85.6,25.0,75.0,61.5,B,recommended,적응 기간이 다소 필요할 수 있습니다.,,,2025-11-25
264,45,45,806,80.2,25.0,50.0,48.4,C,selected,추가 교육이나 지원이 필요할 수 있습니다.,,,2025-09-21
265,45,45,342,89.9,50.0,75.0,70.6,B+,completed,전반적으로 좋은 매칭입니다.,2025-07-31,2025-09-27,2025-11-13
266,45,45,250,76.1,25.0,75.0,58.3,C,completed,다른 후보도 함께 검토해 보시기 바랍니다.,2025-06-29,2025-12-26,2025-11-18
267,45,45,129,88.3,0.0,50.0,39.7,C,active,일부 조건 불일치가 있어 확인이 필요합니다.,2025-03-27,,2025-09-29
268,45,45,579,84.5,0.0,75.0,50.8,C,completed,다른 후보도 함께 검토해 보시기 바랍니다.,2025-02-27,2025-07-21,2025-03-09
269,46,46,227,86.9,50.0,50.0,64.5,B,selected,일부 조건에서 조율이 필요할 수 있습니다.,,,2025-04-06
270,46,46,969,80.5,75.0,50.0,72.1,B+,recommended,주요 질환에 대한 케어 경험이 있습니다.,,,2025-10-26
271,46,46,630,86.8,50.0,50.0,67.9,B,completed,적응 기간이 다소 필요할 수 있습니다.,2025-04-06,2025-08-23,2025-10-02
272,46,46,45,81.5,25.0,50.0,46.8,C,completed,일부 조건 불일치가 있어 확인이 필요합니다.,2025-09-17,2026-01-07,2025-09-12
273,46,46,745,82.9,0.0,50.0,42.8,C,completed,일부 조건 불일치가 있어 확인이 필요합니다.,2025-01-02,2025-06-21,2025-06-13
274,46,46,803,85.2,25.0,50.0,52.6,C,cancelled,다른 후보도 함께 검토해 보시기 바랍니다.,,,2025-03-13
275,46,46,931,79.9,50.0,50.0,61.5,B,active,적응 기간이 다소 필요할 수 있습니다.,2025-09-08,,2025-09-29
276,46,46,888,90.9,0.0,50.0,47.8,C,selected,일부 조건 불일치가 있어 확인이 필요합니다.,,,2024-10-29
277,47,47,739,69.0,33.3,50.0,48.4,C,completed,다른 후보도 함께 검토해 보시기 바랍니다.,2025-03-10,2025-07-20,2024-11-18
278,47,47,887,77.3,0.0,50.0,37.7,C,active,다른 후보도 함께 검토해 보시기 바랍니다.,2025-06-20,,2025-09-09
279,47,47,221,74.9,0.0,50.0,40.6,C,completed,추가 교육이나 지원이 필요할 수 있습니다.,2025-02-28,2025-04-16,2025-10-14
280,47,47,441,85.1,33.3,50.0,58.1,C,completed,일부 조건 불일치가 있어 확인이 필요합니다.,2025-04-21,2025-06-23,2025-10-27
281,47,47,463,74.3,33.3,50.0,52.5,C,completed,다른 후보도 함께 검토해 보시기 바랍니다.,2025-08-27,2026-01-09,2024-12-21
282,47,47,910,76.9,33.3,50.0,56.4,C,recommended,일부 조건 불일치가 있어 확인이 필요합니다.,,,2025-10-31
283,47,47,234,76.7,0.0,50.0,44.0,C,recommended,일부 조건 불일치가 있어 확인이 필요합니다.,,,2025-06-20
284,47,47,424,77.6,33.3,50.0,51.5,C,recommended,일부 조건 불일치가 있어 확인이 필요합니다.,,,2025-03-12
285,48,48,159,79.4,0.0,20.0,28.9,C,selected,일부 조건 불일치가 있어 확인이 필요합니다.,,,2025-05-22
286,48,48,673,79.3,0.0,75.0,42.7,C,recommended,다른 후보도 함께 검토해 보시기 바랍니다.,,,2025-02-06
287,48,48,494,79.0,75.0,75.0,73.7,B+,selected,성격 궁합이 양호하며 적응이 빠를 것으로 예상됩니다.,,,2025-02-12
288,48,48,230,83.6,25.0,75.0,62.8,B,active,적응 기간이 다소 필요할 수 있습니다.,2024-12-14,,2024-12-16
289,48,48,868,86.5,25.0,75.0,60.4,B,recommended,기본적인 케어 역량을 갖추고 있습니다.,,,2025-01-19
290,49,49,30,78.8,33.3,75.0,63.9,B,active,기본적인 케어 역량을 갖추고 있습니다.,2025-05-02,,2025-08-26
291,49,49,185,82.4,33.3,50.0,58.4,C,recommended,일부 조건 불일치가 있어 확인이 필요합니다.,,,2024-12-25
292,49,49,280,82.4,0.0,75.0,46.6,C,recommended,추가 교육이나 지원이 필요할 수 있습니다.,,,2024-11-12
293,49,49,720,84.3,33.3,75.0,62.9,B,completed,적응 기간이 다소 필요할 수 있습니다.,2025-10-13,2025-12-05,2025-02-28
294,49,49,781,84.8,33.3,50.0,55.1,C,recommended,추가 교육이나 지원이 필요할 수 있습니다.,,,2025-05-21
295,49,49,317,89.4,33.3,75.0,61.5,B,recommended,일부 조건에서 조율이 필요할 수 있습니다.,,,2024-10-25
296,50,50,611,69.8,0.0,75.0,38.7,C,selected,추가 교육이나 지원이 필요할 수 있습니다.,,,2025-07-10
297,50,50,87,84.2,25.0,75.0,57.7,C,completed,일부 조건 불일치가 있어 확인이 필요합니다.,2025-03-25,2025-08-26,2025-04-14
298,50,50,905,75.5,50.0,75.0,67.7,B,recommended,기본적인 케어 역량을 갖추고 있습니다.,,,2025-06-03
299,50,50,54,78.2,100.0,75.0,85.4,A,completed,안정적인 케어 서비스 제공이 예상됩니다.,2025-06-05,2025-11-06,2024-12-20
300,50,50,160,84.2,50.0,75.0,67.2,B,recommended,적응 기간이 다소 필요할 수 있습니다.,,,2025-10-29
301,50,50,162,80.0,25.0,75.0,51.8,C,recommended,다른 후보도 함께 검토해 보시기 바랍니다.,,,2025-08-10
302,50,50,773,71.7,25.0,75.0,56.5,C,selected,다른 후보도 함께 검토해 보시기 바랍니다.,,,2025-07-01
303,50,50,633,85.1,25.0,75.0,56.8,C,selected,추가 교육이나 지원이 필요할 수 있습니다.,,,2025-03-17
304,51,51,180,91.7,0.0,75.0,51.4,C,active,추가 교육이나 지원이 필요할 수 있습니다.,2025-04-30,,2025-05-07
305,51,51,133,81.1,25.0,75.0,60.7,B,completed,기본적인 케어 역량을 갖추고 있습니다.,2025-10-07,2026-02-25,2025-04-05
306,51,51,390,81.2,25.0,50.0,51.7,C,cancelled,일부 조건 불일치가 있어 확인이 필요합니다.,,,2025-05-03
307,51,51,546,86.6,25.0,75.0,61.1,B,active,일부 조건에서 조율이 필요할 수 있습니다.,2025-03-29,,2025-09-29
308,51,51,721,80.0,25.0,75.0,55.8,C,recommended,다른 후보도 함께 검토해 보시기 바랍니다.,,,2025-08-31
309,51,51,236,83.0,0.0,50.0,44.6,C,completed,일부 조건 불일치가 있어 확인이 필요합니다.,2024-12-16,2025-05-12,2025-05-25
310,51,51,513,86.4,0.0,75.0,46.4,C,recommended,일부 조건 불일치가 있어 확인이 필요합니다.,,,2025-05-05
311,52,52,81,79.5,0.0,75.0,49.4,C,recommended,추가 교육이나 지원이 필요할 수 있습니다.,,,2025-03-10
312,52,52,406,76.6,0.0,75.0,46.9,C,recommended,일부 조건 불일치가 있어 확인이 필요합니다.,,,2025-03-10
313,52,52,892,79.4,75.0,75.0,73.5,B+,recommended,성격 궁합이 양호하며 적응이 빠를 것으로 예상됩니다.,,,2025-05-31
314,52,52,318,72.6,50.0,75.0,66.4,B,cancelled,적응 기간이 다소 필요할 수 있습니다.,,,2025-09-12
315,52,52,764,74.9,75.0,20.0,58.6,C,completed,추가 교육이나 지원이 필요할 수 있습니다.,2025-08-15,2025-11-18,2025-08-30
316,52,52,348,79.4,50.0,75.0,62.3,B,completed,일부 조건에서 조율이 필요할 수 있습니다.,2024-12-11,2025-05-16,2024-11-05
317,52,52,227,85.0,50.0,75.0,68.0,B,selected,적응 기간이 다소 필요할 수 있습니다.,,,2025-01-01
318,52,52,342,88.4,0.0,75.0,51.1,C,recommended,일부 조건 불일치가 있어 확인이 필요합니다.,,,2025-06-14
319,53,53,155,83.0,66.7,75.0,72.5,B+,recommended,성격 궁합이 양호하며 적응이 빠를 것으로 예상됩니다.,,,2025-01-28
320,53,53,451,85.0,33.3,75.0,57.4,C,recommended,일부 조건 불일치가 있어 확인이 필요합니다.,,,2025-10-20
321,53,53,70,79.3,33.3,75.0,58.0,C,selected,다른 후보도 함께 검토해 보시기 바랍니다.,,,2025-11-07
322,53,53,481,80.4,0.0,20.0,28.7,C,completed,일부 조건 불일치가 있어 확인이 필요합니다.,2025-06-04,2025-07-23,2025-10-11
323,53,53,453,81.0,0.0,50.0,39.7,C,active,일부 조건 불일치가 있어 확인이 필요합니다.,2025-01-04,,2024-11-13
324,53,53,647,86.8,66.7,75.0,79.8,B+,selected,성격 궁합이 양호하며 적응이 빠를 것으로 예상됩니다.,,,2025-02-07
325,54,54,330,86.2,100.0,50.0,87.2,A,cancelled,성격 궁합이 좋아 원활한 소통이 기대됩니다.,,,2025-10-05
326,54,54,620,69.7,66.7,75.0,72.9,B+,completed,전반적으로 좋은 매칭입니다.,2025-05-06,2025-06-26,2024-12-31
327,54,54,488,66.8,33.3,50.0,51.3,C,selected,다른 후보도 함께 검토해 보시기 바랍니다.,,,2025-03-03
328,54,54,514,82.5,33.3,50.0,54.9,C,selected,추가 교육이나 지원이 필요할 수 있습니다.,,,2025-05-24
329,54,54,155,79.2,33.3,75.0,58.5,C,recommended,다른 후보도 함께 검토해 보시기 바랍니다.,,,2025-05-12
330,55,55,794,68.7,0.0,100.0,50.5,C,recommended,추가 교육이나 지원이 필요할 수 있습니다.,,,2025-06-11
331,55,55,347,77.5,33.3,75.0,55.2,C,recommended,일부 조건 불일치가 있어 확인이 필요합니다.,,,2025-05-13
332,55,55,696,82.9,0.0,75.0,45.6,C,completed,다른 후보도 함께 검토해 보시기 바랍니다.,2024-12-24,2025-03-02,2025-10-16
333,55,55,613,76.3,0.0,75.0,49.6,C,recommended,다른 후보도 함께 검토해 보시기 바랍니다.,,,2024-12-26
334,55,55,54,76.3,33.3,75.0,60.8,B,recommended,일부 조건에서 조율이 필요할 수 있습니다.,,,2025-09-21
335,55,55,809,60.2,0.0,50.0,34.5,C,recommended,추가 교육이나 지원이 필요할 수 있습니다.,,,2025-06-21
336,55,55,647,82.0,33.3,75.0,61.4,B,recommended,적응 기간이 다소 필요할 수 있습니다.,,,2025-06-11
337,56,56,687,93.4,25.0,75.0,66.4,B,completed,적응 기간이 다소 필요할 수 있습니다.,2025-02-01,2025-03-26,2024-12-18
338,56,56,720,88.0,25.0,75.0,54.7,C,completed,추가 교육이나 지원이 필요할 수 있습니다.,2025-05-23,2025-08-07,2025-06-05
339,56,56,849,75.5,50.0,50.0,55.8,C,recommended,추가 교육이나 지원이 필요할 수 있습니다.,,,2025-09-08
340,56,56,970,74.7,0.0,75.0,40.7,C,recommended,추가 교육이나 지원이 필요할 수 있습니다.,,,2025-03-12
341,56,56,757,87.4,25.0,50.0,55.8,C,recommended,일부 조건 불일치가 있어 확인이 필요합니다.,,,2025-03-02
342,57,57,678,75.7,25.0,50.0,50.2,C,recommended,일부 조건 불일치가 있어 확인이 필요합니다.,,,2025-05-18
343,57,57,345,75.9,25.0,50.0,45.6,C,recommended,추가 교육이나 지원이 필요할 수 있습니다.,,,2024-12-07
344,57,57,898,76.5,0.0,50.0,42.0,C,recommended,추가 교육이나 지원이 필요할 수 있습니다.,,,2024-11-22
345,57,57,785,79.7,50.0,50.0,59.8,C,recommended,다른 후보도 함께 검토해 보시기 바랍니다.,,,2025-05-24
346,58,58,993,70.7,25.0,75.0,56.0,C,selected,다른 후보도 함께 검토해 보시기 바랍니다.,,,2025-07-30
347,58,58,455,83.1,50.0,75.0,68.2,B,completed,기본적인 케어 역량을 갖추고 있습니다.,2025-05-23,2025-10-20,2025-05-22
348,58,58,626,75.3,50.0,100.0,76.2,B+,recommended,성격 궁합이 양호하며 적응이 빠를 것으로 예상됩니다.,,,2024-10-29
349,58,58,292,58.7,0.0,75.0,37.1,C,recommended,다른 후보도 함께 검토해 보시기 바랍니다.,,,2025-03-14
350,58,58,771,77.0,25.0,75.0,56.0,C,active,추가 교육이나 지원이 필요할 수 있습니다.,2025-08-07,,2025-01-21
351,59,59,894,87.1,33.3,75.0,66.3,B,active,기본적인 케어 역량을 갖추고 있습니다.,2025-01-18,,2024-11-27
352,59,59,257,86.9,33.3,75.0,65.9,B,completed,기본적인 케어 역량을 갖추고 있습니다.,2025-08-26,2025-12-06,2024-11-01
353,59,59,54,86.9,66.7,75.0,79.9,B+,completed,주요 질환에 대한 케어 경험이 있습니다.,2025-08-14,2026-01-02,2025-08-05
354,59,59,657,82.1,0.0,75.0,51.8,C,recommended,다른 후보도 함께 검토해 보시기 바랍니다.,,,2025-10-30
355,59,59,493,93.1,0.0,75.0,50.3,C,recommended,다른 후보도 함께 검토해 보시기 바랍니다.,,,2025-07-29
356,60,60,84,72.3,33.3,75.0,60.8,B,completed,기본적인 케어 역량을 갖추고 있습니다.,2024-11-30,2025-03-25,2025-09-17
357,60,60,384,80.6,33.3,50.0,56.0,C,recommended,추가 교육이나 지원이 필요할 수 있습니다.,,,2024-11-03
358,60,60,230,75.1,33.3,75.0,60.4,B,active,적응 기간이 다소 필요할 수 있습니다.,2025-03-13,,2025-11-24
359,60,60,29,64.7,33.3,100.0,65.0,B,completed,기본적인 케어 역량을 갖추고 있습니다.,2025-10-19,2026-01-22,2025-09-11
360,60,60,327,78.5,33.3,75.0,60.7,B,active,기본적인 케어 역량을 갖추고 있습니다.,2025-03-26,,2024-10-25
361,60,60,954,78.4,66.7,75.0,70.7,B+,selected,성격 궁합이 양호하며 적응이 빠를 것으로 예상됩니다.,,,2025-09-25
362,60,60,102,70.9,66.7,75.0,65.7,B,completed,기본적인 케어 역량을 갖추고 있습니다.,2025-03-28,2025-08-22,2025-10-01
363,61,61,549,74.2,25.0,75.0,52.6,C,recommended,추가 교육이나 지원이 필요할 수 있습니다.,,,2025-01-16
364,61,61,17,77.0,25.0,75.0,54.2,C,selected,일부 조건 불일치가 있어 확인이 필요합니다.,,,2025-04-27
365,61,61,648,84.1,25.0,75.0,55.0,C,cancelled,일부 조건 불일치가 있어 확인이 필요합니다.,,,2025-10-14
366,61,61,528,89.8,50.0,100.0,76.7,B+,selected,성격 궁합이 양호하며 적응이 빠를 것으로 예상됩니다.,,,2025-10-23
367,61,61,589,73.2,75.0,100.0,85.2,A,cancelled,안정적인 케어 서비스 제공이 예상됩니다.,,,2025-03-12
368,61,61,248,85.7,0.0,20.0,37.9,C,cancelled,일부 조건 불일치가 있어 확인이 필요합니다.,,,2025-02-16
369,61,61,736,79.4,25.0,75.0,51.7,C,recommended,다른 후보도 함께 검토해 보시기 바랍니다.,,,2025-11-04
370,61,61,148,80.7,50.0,100.0,74.6,B+,recommended,성격 궁합이 양호하며 적응이 빠를 것으로 예상됩니다.,,,2025-07-20
371,62,62,366,84.0,50.0,75.0,65.6,B,recommended,적응 기간이 다소 필요할 수 있습니다.,,,2025-01-09
372,62,62,808,70.5,25.0,75.0,49.5,C,recommended,일부 조건 불일치가 있어 확인이 필요합니다.,,,2024-11-15
373,62,62,70,81.4,0.0,75.0,49.8,C,recommended,추가 교육이나 지원이 필요할 수 있습니다.,,,2025-11-04
374,62,62,354,69.0,75.0,75.0,71.4,B+,completed,전반적으로 좋은 매칭입니다.,2025-05-08,2025-07-21,2025-04-03
375,63,63,831,81.2,25.0,20.0,47.8,C,recommended,추가 교육이나 지원이 필요할 수 있습니다.,,,2025-06-29
376,63,63,139,77.5,50.0,20.0,49.2,C,recommended,추가 교육이나 지원이 필요할 수 있습니다.,,,2025-11-05
377,63,63,65,68.8,0.0,20.0,27.2,C,completed,다른 후보도 함께 검토해 보시기 바랍니다.,2025-05-23,2025-10-31,2025-02-21
378,63,63,734,79.8,25.0,20.0,45.5,C,recommended,추가 교육이나 지원이 필요할 수 있습니다.,,,2025-07-03
379,63,63,795,76.2,0.0,20.0,30.2,C,completed,다른 후보도 함께 검토해 보시기 바랍니다.,2025-10-04,2026-01-26,2025-09-24
380,64,64,762,66.3,50.0,75.0,58.8,C,recommended,일부 조건 불일치가 있어 확인이 필요합니다.,,,2025-03-17
381,64,64,451,76.2,0.0,75.0,44.1,C,recommended,일부 조건 불일치가 있어 확인이 필요합니다.,,,2025-07-13
382,64,64,917,65.0,25.0,100.0,60.8,B,completed,일부 조건에서 조율이 필요할 수 있습니다.,2025-03-25,2025-05-14,2025-01-22
383,64,64,980,72.7,50.0,100.0,70.9,B+,completed,주요 질환에 대한 케어 경험이 있습니다.,2025-05-17,2025-07-12,2025-06-12
384,64,64,396,78.5,0.0,75.0,45.7,C,completed,일부 조건 불일치가 있어 확인이 필요합니다.,2025-03-24,2025-06-04,2025-04-13
385,64,64,348,78.1,25.0,75.0,58.4,C,completed,다른 후보도 함께 검토해 보시기 바랍니다.,2025-05-01,2025-09-19,2025-01-03
386,64,64,998,75.8,0.0,75.0,41.0,C,completed,다른 후보도 함께 검토해 보시기 바랍니다.,2024-12-06,2025-04-18,2025-03-09
387,65,65,976,79.5,50.0,75.0,68.3,B,recommended,일부 조건에서 조율이 필요할 수 있습니다.,,,2025-11-09
388,65,65,32,72.6,25.0,75.0,50.4,C,recommended,추가 교육이나 지원이 필요할 수 있습니다.,,,2024-10-24
389,65,65,147,82.3,50.0,75.0,69.0,B,completed,적응 기간이 다소 필요할 수 있습니다.,2025-04-26,2025-09-01,2025-11-10
390,65,65,870,59.5,25.0,75.0,49.1,C,completed,다른 후보도 함께 검토해 보시기 바랍니다.,2025-04-22,2025-08-25,2024-11-01
391,65,65,623,74.6,25.0,75.0,55.1,C,cancelled,다른 후보도 함께 검토해 보시기 바랍니다.,,,2025-06-19
392,66,66,256,73.5,50.0,75.0,64.4,B,selected,일부 조건에서 조율이 필요할 수 있습니다.,,,2025-02-12
393,66,66,984,78.8,50.0,75.0,62.5,B,selected,일부 조건에서 조율이 필요할 수 있습니다.,,,2024-12-01
394,66,66,117,81.2,25.0,75.0,56.7,C,completed,일부 조건 불일치가 있어 확인이 필요합니다.,2024-12-19,2025-04-01,2025-03-20
395,66,66,27,79.3,25.0,50.0,53.8,C,recommended,다른 후보도 함께 검토해 보시기 바랍니다.,,,2025-08-30
396,66,66,754,76.1,0.0,75.0,49.4,C,cancelled,다른 후보도 함께 검토해 보시기 바랍니다.,,,2025-10-13
397,66,66,191,78.2,50.0,75.0,69.2,B,completed,적응 기간이 다소 필요할 수 있습니다.,2025-05-18,2025-09-13,2025-10-24
398,67,67,872,78.4,0.0,50.0,41.3,C,recommended,다른 후보도 함께 검토해 보시기 바랍니다.,,,2025-03-11
399,67,67,162,92.3,0.0,50.0,42.0,C,completed,추가 교육이나 지원이 필요할 수 있습니다.,2025-07-18,2025-09-21,2025-03-19
400,67,67,729,73.2,0.0,50.0,38.8,C,completed,추가 교육이나 지원이 필요할 수 있습니다.,2025-03-03,2025-08-21,2025-01-17
401,67,67,727,74.7,50.0,50.0,56.7,C,recommended,일부 조건 불일치가 있어 확인이 필요합니다.,,,2024-11-23
402,67,67,950,80.0,25.0,50.0,50.3,C,cancelled,다른 후보도 함께 검토해 보시기 바랍니다.,,,2024-10-29
403,67,67,718,74.0,50.0,20.0,50.0,C,selected,일부 조건 불일치가 있어 확인이 필요합니다.,,,2025-10-20
404,68,68,996,68.8,0.0,75.0,42.5,C,completed,추가 교육이나 지원이 필요할 수 있습니다.,2025-02-06,2025-06-04,2024-10-23
405,68,68,325,79.2,25.0,20.0,39.6,C,recommended,추가 교육이나 지원이 필요할 수 있습니다.,,,2025-04-19
406,68,68,658,85.4,50.0,50.0,62.4,B,completed,적응 기간이 다소 필요할 수 있습니다.,2025-09-30,2025-11-30,2025-09-09
407,68,68,76,84.3,0.0,75.0,46.5,C,recommended,일부 조건 불일치가 있어 확인이 필요합니다.,,,2025-08-03
408,68,68,461,83.7,25.0,75.0,56.5,C,recommended,일부 조건 불일치가 있어 확인이 필요합니다.,,,2025-07-04
409,69,69,257,66.1,25.0,75.0,52.4,C,cancelled,추가 교육이나 지원이 필요할 수 있습니다.,,,2025-01-10
410,69,69,202,80.9,25.0,75.0,55.1,C,recommended,일부 조건 불일치가 있어 확인이 필요합니다.,,,2025-10-10
411,69,69,651,85.0,50.0,50.0,62.3,B,recommended,기본적인 케어 역량을 갖추고 있습니다.,,,2025-01-27
412,69,69,980,70.5,25.0,75.0,57.9,C,cancelled,추가 교육이나 지원이 필요할 수 있습니다.,,,2025-08-31
413,70,70,738,78.0,0.0,20.0,35.5,C,cancelled,추가 교육이나 지원이 필요할 수 있습니다.,,,2025-10-16
414,70,70,924,73.5,33.3,75.0,53.3,C,selected,일부 조건 불일치가 있어 확인이 필요합니다.,,,2024-10-28
415,70,70,620,80.6,33.3,75.0,61.1,B,completed,적응 기간이 다소 필요할 수 있습니다.,2024-11-29,2025-02-20,2025-04-27
416,70,70,346,77.7,33.3,75.0,59.3,C,recommended,일부 조건 불일치가 있어 확인이 필요합니다.,,,2025-02-20
417,70,70,863,90.5,33.3,50.0,55.4,C,recommended,다른 후보도 함께 검토해 보시기 바랍니다.,,,2025-03-24
418,70,70,947,88.7,33.3,75.0,60.6,B,recommended,적응 기간이 다소 필요할 수 있습니다.,,,2025-05-03
419,70,70,578,74.7,66.7,75.0,69.6,B,completed,기본적인 케어 역량을 갖추고 있습니다.,2025-09-21,2025-11-05,2025-04-15
420,70,70,43,93.3,33.3,75.0,61.8,B,completed,일부 조건에서 조율이 필요할 수 있습니다.,2024-12-22,2025-02-26,2024-11-24
421,71,71,134,86.4,75.0,75.0,76.4,B+,completed,성격 궁합이 양호하며 적응이 빠를 것으로 예상됩니다.,2025-08-27,2025-12-03,2025-07-23
422,71,71,779,88.5,50.0,75.0,67.6,B,completed,기본적인 케어 역량을 갖추고 있습니다.,2025-04-15,2025-08-30,2025-09-06
423,71,71,380,71.7,75.0,75.0,76.1,B+,recommended,주요 질환에 대한 케어 경험이 있습니다.,,,2024-11-01
424,71,71,528,81.7,50.0,75.0,63.9,B,selected,적응 기간이 다소 필요할 수 있습니다.,,,2025-04-01
425,71,71,576,87.7,50.0,75.0,69.4,B,recommended,일부 조건에서 조율이 필요할 수 있습니다.,,,2025-03-17
426,71,71,109,78.5,50.0,75.0,61.5,B,active,적응 기간이 다소 필요할 수 있습니다.,2025-04-10,,2025-04-06
427,71,71,327,90.0,25.0,75.0,64.9,B,selected,기본적인 케어 역량을 갖추고 있습니다.,,,2025-02-01
428,72,72,50,81.5,50.0,50.0,64.5,B,completed,적응 기간이 다소 필요할 수 있습니다.,2025-03-02,2025-06-13,2025-11-22
429,72,72,52,88.7,25.0,50.0,49.9,C,recommended,다른 후보도 함께 검토해 보시기 바랍니다.,,,2024-11-19
430,72,72,289,77.7,25.0,50.0,48.3,C,recommended,다른 후보도 함께 검토해 보시기 바랍니다.,,,2025-05-23
431,72,72,507,79.3,50.0,50.0,55.7,C,recommended,추가 교육이나 지원이 필요할 수 있습니다.,,,2025-02-08
432,72,72,612,81.5,50.0,50.0,61.6,B,completed,일부 조건에서 조율이 필요할 수 있습니다.,2025-04-26,2025-10-14,2025-10-20
433,72,72,904,78.6,0.0,50.0,42.6,C,selected,다른 후보도 함께 검토해 보시기 바랍니다.,,,2025-01-11
434,73,73,122,85.7,0.0,50.0,43.1,C,recommended,다른 후보도 함께 검토해 보시기 바랍니다.,,,2024-11-05
435,73,73,132,78.6,66.7,50.0,63.1,B,recommended,적응 기간이 다소 필요할 수 있습니다.,,,2025-03-11
436,73,73,999,88.5,33.3,50.0,55.8,C,completed,추가 교육이나 지원이 필요할 수 있습니다.,2025-10-08,2025-11-18,2025-09-17
437,73,73,100,83.9,33.3,50.0,55.4,C,recommended,추가 교육이나 지원이 필요할 수 있습니다.,,,2025-01-20
438,73,73,404,70.8,33.3,50.0,54.6,C,completed,일부 조건 불일치가 있어 확인이 필요합니다.,2025-08-18,2025-12-09,2025-06-16
439,73,73,383,81.1,33.3,50.0,56.6,C,completed,일부 조건 불일치가 있어 확인이 필요합니다.,2025-05-28,2025-09-21,2025-03-11
440,73,73,814,75.8,66.7,50.0,66.3,B,recommended,일부 조건에서 조율이 필요할 수 있습니다.,,,2025-11-18
441,73,73,348,80.2,0.0,50.0,39.3,C,recommended,일부 조건 불일치가 있어 확인이 필요합니다.,,,2025-10-01
442,74,74,598,71.4,33.3,75.0,58.4,C,cancelled,일부 조건 불일치가 있어 확인이 필요합니다.,,,2025-03-29
443,74,74,316,82.6,33.3,75.0,58.6,C,recommended,일부 조건 불일치가 있어 확인이 필요합니다.,,,2024-10-25
444,74,74,816,74.8,0.0,75.0,45.7,C,recommended,추가 교육이나 지원이 필요할 수 있습니다.,,,2024-11-22
445,74,74,921,82.2,0.0,75.0,43.0,C,completed,일부 조건 불일치가 있어 확인이 필요합니다.,2025-02-25,2025-05-09,2025-01-08
446,74,74,743,74.5,33.3,50.0,48.4,C,cancelled,일부 조건 불일치가 있어 확인이 필요합니다.,,,2025-07-25
447,74,74,894,74.9,0.0,75.0,40.3,C,cancelled,일부 조건 불일치가 있어 확인이 필요합니다.,,,2025-10-01
448,74,74,705,83.4,33.3,50.0,51.9,C,completed,다른 후보도 함께 검토해 보시기 바랍니다.,2025-03-17,2025-07-05,2025-09-10
449,75,75,514,83.8,50.0,50.0,64.2,B,selected,기본적인 케어 역량을 갖추고 있습니다.,,,2024-11-30
450,75,75,794,76.5,50.0,75.0,61.9,B,recommended,기본적인 케어 역량을 갖추고 있습니다.,,,2025-02-12
451,75,75,627,63.5,25.0,75.0,49.2,C,completed,다른 후보도 함께 검토해 보시기 바랍니다.,2025-02-26,2025-08-09,2025-06-19
452,75,75,943,83.3,25.0,75.0,62.0,B,active,적응 기간이 다소 필요할 수 있습니다.,2025-05-06,,2025-05-29
453,75,75,483,76.8,0.0,75.0,47.4,C,recommended,일부 조건 불일치가 있어 확인이 필요합니다.,,,2024-12-13
454,75,75,894,82.8,25.0,75.0,59.2,C,cancelled,일부 조건 불일치가 있어 확인이 필요합니다.,,,2025-07-14
455,75,75,869,89.3,25.0,75.0,61.1,B,recommended,기본적인 케어 역량을 갖추고 있습니다.,,,2025-07-23
456,76,76,572,76.5,25.0,75.0,58.2,C,recommended,일부 조건 불일치가 있어 확인이 필요합니다.,,,2025-08-12
457,76,76,306,72.9,25.0,75.0,56.2,C,recommended,다른 후보도 함께 검토해 보시기 바랍니다.,,,2025-06-17
458,76,76,231,80.9,75.0,50.0,70.6,B+,selected,전반적으로 좋은 매칭입니다.,,,2024-11-22
459,76,76,965,78.0,50.0,75.0,63.8,B,recommended,기본적인 케어 역량을 갖추고 있습니다.,,,2025-02-06
460,76,76,997,73.6,25.0,75.0,56.3,C,recommended,다른 후보도 함께 검토해 보시기 바랍니다.,,,2025-05-08
461,76,76,305,73.8,25.0,50.0,51.5,C,recommended,추가 교육이나 지원이 필요할 수 있습니다.,,,2025-07-01
462,77,77,295,83.5,50.0,75.0,66.4,B,completed,적응 기간이 다소 필요할 수 있습니다.,2025-03-16,2025-06-19,2025-03-26
463,77,77,979,87.0,25.0,75.0,56.9,C,completed,추가 교육이나 지원이 필요할 수 있습니다.,2025-01-14,2025-04-23,2025-10-02
464,77,77,732,84.2,0.0,75.0,45.6,C,selected,추가 교육이나 지원이 필요할 수 있습니다.,,,2024-12-19
465,77,77,81,74.8,25.0,75.0,59.0,C,cancelled,추가 교육이나 지원이 필요할 수 있습니다.,,,2025-01-04
466,78,78,54,87.1,0.0,75.0,48.9,C,recommended,일부 조건 불일치가 있어 확인이 필요합니다.,,,2024-10-28
467,78,78,103,81.7,50.0,75.0,63.7,B,recommended,적응 기간이 다소 필요할 수 있습니다.,,,2025-09-07
468,78,78,424,78.7,50.0,75.0,65.4,B,completed,적응 기간이 다소 필요할 수 있습니다.,2025-02-27,2025-07-29,2025-08-16
469,78,78,339,84.6,25.0,75.0,56.6,C,recommended,일부 조건 불일치가 있어 확인이 필요합니다.,,,2025-10-27
470,78,78,735,85.9,50.0,75.0,72.9,B+,cancelled,주요 질환에 대한 케어 경험이 있습니다.,,,2024-12-28
471,79,79,238,84.6,50.0,75.0,72.6,B+,recommended,성격 궁합이 양호하며 적응이 빠를 것으로 예상됩니다.,,,2025-08-28
472,79,79,548,87.3,25.0,75.0,63.7,B,cancelled,기본적인 케어 역량을 갖추고 있습니다.,,,2025-05-07
473,79,79,757,91.2,0.0,50.0,47.3,C,recommended,추가 교육이나 지원이 필요할 수 있습니다.,,,2024-11-08
474,79,79,741,86.8,25.0,75.0,63.8,B,completed,기본적인 케어 역량을 갖추고 있습니다.,2025-06-02,2025-07-11,2025-06-27
475,79,79,871,84.4,75.0,75.0,82.6,A,completed,성격 궁합이 좋아 원활한 소통이 기대됩니다.,2025-05-10,2025-08-20,2025-01-02
476,79,79,960,78.5,25.0,75.0,60.1,B,cancelled,기본적인 케어 역량을 갖추고 있습니다.,,,2025-03-13
477,79,79,39,83.0,25.0,75.0,57.5,C,recommended,추가 교육이나 지원이 필요할 수 있습니다.,,,2025-09-30
478,79,79,936,84.5,50.0,75.0,66.6,B,active,적응 기간이 다소 필요할 수 있습니다.,2025-03-08,,2025-07-18
479,80,80,15,73.0,50.0,50.0,58.7,C,cancelled,추가 교육이나 지원이 필요할 수 있습니다.,,,2025-08-29
480,80,80,755,81.1,50.0,50.0,62.0,B,active,일부 조건에서 조율이 필요할 수 있습니다.,2024-12-05,,2025-04-22
481,80,80,346,76.5,75.0,50.0,69.4,B,completed,적응 기간이 다소 필요할 수 있습니다.,2025-09-14,2026-01-24,2025-10-09
482,80,80,810,84.9,25.0,50.0,52.0,C,active,추가 교육이나 지원이 필요할 수 있습니다.,2025-06-23,,2025-07-16
483,80,80,303,71.6,25.0,50.0,46.4,C,recommended,다른 후보도 함께 검토해 보시기 바랍니다.,,,2024-11-06
484,81,81,977,63.9,50.0,75.0,56.2,C,active,다른 후보도 함께 검토해 보시기 바랍니다.,2024-11-28,,2024-12-07
485,81,81,338,79.3,25.0,50.0,47.6,C,selected,일부 조건 불일치가 있어 확인이 필요합니다.,,,2025-09-27
486,81,81,310,61.5,25.0,75.0,49.9,C,cancelled,추가 교육이나 지원이 필요할 수 있습니다.,,,2025-05-03
487,81,81,597,80.9,50.0,75.0,68.9,B,recommended,적응 기간이 다소 필요할 수 있습니다.,,,2024-10-28
488,81,81,741,81.2,0.0,75.0,45.3,C,recommended,추가 교육이나 지원이 필요할 수 있습니다.,,,2025-01-03
489,81,81,587,72.6,25.0,50.0,52.1,C,cancelled,다른 후보도 함께 검토해 보시기 바랍니다.,,,2025-05-22
490,82,82,227,83.2,25.0,50.0,56.5,C,completed,일부 조건 불일치가 있어 확인이 필요합니다.,2025-04-20,2025-09-03,2025-02-18
491,82,82,225,79.8,50.0,75.0,69.7,B,selected,기본적인 케어 역량을 갖추고 있습니다.,,,2024-11-01
492,82,82,981,75.9,25.0,50.0,46.5,C,active,추가 교육이나 지원이 필요할 수 있습니다.,2024-12-27,,2025-03-02
493,82,82,137,82.4,0.0,50.0,40.8,C,recommended,일부 조건 불일치가 있어 확인이 필요합니다.,,,2025-05-25
494,82,82,490,71.3,50.0,50.0,53.2,C,recommended,일부 조건 불일치가 있어 확인이 필요합니다.,,,2025-09-30
495,82,82,157,79.0,25.0,20.0,38.3,C,recommended,일부 조건 불일치가 있어 확인이 필요합니다.,,,2025-03-13
496,82,82,466,78.0,25.0,50.0,46.8,C,recommended,일부 조건 불일치가 있어 확인이 필요합니다.,,,2025-09-11
497,82,82,766,81.3,25.0,50.0,47.6,C,selected,일부 조건 불일치가 있어 확인이 필요합니다.,,,2025-04-14
498,83,83,697,91.2,33.3,75.0,63.9,B,recommended,적응 기간이 다소 필요할 수 있습니다.,,,2025-04-12
499,83,83,211,83.5,33.3,75.0,64.4,B,cancelled,일부 조건에서 조율이 필요할 수 있습니다.,,,2025-09-20
500,83,83,735,90.0,33.3,75.0,63.7,B,cancelled,일부 조건에서 조율이 필요할 수 있습니다.,,,2025-02-11
501,83,83,598,85.4,33.3,75.0,57.6,C,active,일부 조건 불일치가 있어 확인이 필요합니다.,2025-03-06,,2025-06-22
502,84,84,406,66.0,25.0,100.0,60.6,B,active,기본적인 케어 역량을 갖추고 있습니다.,2025-01-05,,2025-11-03
503,84,84,261,63.2,25.0,75.0,50.1,C,recommended,일부 조건 불일치가 있어 확인이 필요합니다.,,,2025-10-25
504,84,84,837,76.5,25.0,50.0,49.7,C,completed,다른 후보도 함께 검토해 보시기 바랍니다.,2025-09-28,2025-11-14,2025-11-10
505,84,84,4,72.7,25.0,50.0,50.6,C,active,일부 조건 불일치가 있어 확인이 필요합니다.,2024-12-04,,2024-12-31
506,85,85,384,92.4,33.3,75.0,63.2,B,recommended,기본적인 케어 역량을 갖추고 있습니다.,,,2024-12-12
507,85,85,913,80.4,33.3,50.0,58.6,C,cancelled,일부 조건 불일치가 있어 확인이 필요합니다.,,,2025-09-19
508,85,85,392,82.3,0.0,20.0,35.3,C,completed,추가 교육이나 지원이 필요할 수 있습니다.,2025-05-03,2025-07-02,2025-02-24
509,85,85,460,86.6,0.0,75.0,51.4,C,cancelled,추가 교육이나 지원이 필요할 수 있습니다.,,,2025-11-25
510,85,85,891,71.8,33.3,50.0,53.5,C,completed,일부 조건 불일치가 있어 확인이 필요합니다.,2025-05-29,2025-10-24,2024-11-23
511,85,85,940,77.9,33.3,50.0,51.9,C,selected,추가 교육이나 지원이 필요할 수 있습니다.,,,2025-07-23
512,85,85,929,76.7,100.0,50.0,78.9,B+,active,성격 궁합이 양호하며 적응이 빠를 것으로 예상됩니다.,2025-08-10,,2025-08-22
513,86,86,33,89.0,0.0,50.0,44.8,C,cancelled,추가 교육이나 지원이 필요할 수 있습니다.,,,2025-07-26
514,86,86,829,73.4,33.3,75.0,54.8,C,completed,다른 후보도 함께 검토해 보시기 바랍니다.,2025-09-07,2025-10-15,2025-01-24
515,86,86,677,76.4,0.0,75.0,42.9,C,recommended,추가 교육이나 지원이 필요할 수 있습니다.,,,2025-05-05
516,86,86,430,77.7,0.0,75.0,45.3,C,recommended,일부 조건 불일치가 있어 확인이 필요합니다.,,,2025-08-07
517,87,87,144,83.2,33.3,75.0,64.4,B,selected,적응 기간이 다소 필요할 수 있습니다.,,,2025-02-05
518,87,87,516,80.2,33.3,20.0,44.6,C,completed,추가 교육이나 지원이 필요할 수 있습니다.,2024-12-26,2025-04-17,2025-06-25
519,87,87,297,77.5,0.0,100.0,52.3,C,cancelled,다른 후보도 함께 검토해 보시기 바랍니다.,,,2025-06-26
520,87,87,240,78.0,66.7,75.0,70.5,B+,recommended,전반적으로 좋은 매칭입니다.,,,2025-01-28
521,88,88,642,71.2,25.0,75.0,49.1,C,selected,다른 후보도 함께 검토해 보시기 바랍니다.,,,2025-01-01
522,88,88,696,87.8,0.0,75.0,51.2,C,recommended,일부 조건 불일치가 있어 확인이 필요합니다.,,,2025-06-16
523,88,88,438,69.0,50.0,75.0,64.8,B,cancelled,일부 조건에서 조율이 필요할 수 있습니다.,,,2025-09-11
524,88,88,570,75.0,50.0,75.0,63.0,B,completed,일부 조건에서 조율이 필요할 수 있습니다.,2025-07-26,2026-01-09,2025-07-26
525,88,88,508,75.0,75.0,50.0,72.3,B+,completed,주요 질환에 대한 케어 경험이 있습니다.,2025-08-16,2026-01-11,2025-02-12
526,89,89,543,81.7,25.0,75.0,53.1,C,recommended,다른 후보도 함께 검토해 보시기 바랍니다.,,,2025-05-21
527,89,89,138,88.4,25.0,75.0,55.6,C,recommended,일부 조건 불일치가 있어 확인이 필요합니다.,,,2025-08-21
528,89,89,398,80.8,50.0,75.0,62.6,B,recommended,일부 조건에서 조율이 필요할 수 있습니다.,,,2024-12-17
529,89,89,249,86.5,25.0,75.0,60.1,B,recommended,기본적인 케어 역량을 갖추고 있습니다.,,,2025-10-20
530,89,89,262,82.3,50.0,75.0,64.4,B,completed,기본적인 케어 역량을 갖추고 있습니다.,2025-01-01,2025-06-23,2025-03-26
531,89,89,209,83.8,50.0,75.0,66.1,B,completed,기본적인 케어 역량을 갖추고 있습니다.,2025-10-21,2026-01-13,2024-11-12
532,89,89,339,80.4,25.0,75.0,61.0,B,cancelled,적응 기간이 다소 필요할 수 있습니다.,,,2025-01-21
533,89,89,663,73.2,25.0,75.0,56.4,C,cancelled,다른 후보도 함께 검토해 보시기 바랍니다.,,,2025-07-27
534,90,90,330,73.1,100.0,50.0,76.2,B+,completed,성격 궁합이 양호하며 적응이 빠를 것으로 예상됩니다.,2025-04-27,2025-10-05,2025-04-02
535,90,90,795,72.3,33.3,50.0,50.8,C,completed,다른 후보도 함께 검토해 보시기 바랍니다.,2025-05-18,2025-08-08,2025-06-19
536,90,90,290,69.9,0.0,75.0,46.8,C,cancelled,일부 조건 불일치가 있어 확인이 필요합니다.,,,2025-09-13
537,90,90,390,80.2,66.7,50.0,62.4,B,completed,적응 기간이 다소 필요할 수 있습니다.,2025-01-18,2025-07-16,2024-11-23
538,90,90,478,59.2,33.3,75.0,49.8,C,recommended,추가 교육이나 지원이 필요할 수 있습니다.,,,2025-05-16
539,90,90,547,58.3,66.7,75.0,66.5,B,selected,기본적인 케어 역량을 갖추고 있습니다.,,,2025-03-16
540,90,90,665,66.4,0.0,75.0,42.5,C,recommended,일부 조건 불일치가 있어 확인이 필요합니다.,,,2025-06-07
541,90,90,368,74.1,0.0,75.0,42.2,C,cancelled,다른 후보도 함께 검토해 보시기 바랍니다.,,,2024-11-21
542,91,91,472,87.8,66.7,75.0,78.4,B+,completed,전반적으로 좋은 매칭입니다.,2025-02-20,2025-05-08,2025-01-02
543,91,91,173,88.2,66.7,75.0,71.6,B+,recommended,주요 질환에 대한 케어 경험이 있습니다.,,,2024-12-19
544,91,91,751,78.4,0.0,75.0,41.7,C,active,다른 후보도 함께 검토해 보시기 바랍니다.,2025-10-25,,2025-09-17
545,91,91,815,78.0,66.7,75.0,76.2,B+,completed,전반적으로 좋은 매칭입니다.,2025-07-02,2025-08-18,2025-09-10
546,91,91,361,77.7,33.3,20.0,45.1,C,recommended,추가 교육이나 지원이 필요할 수 있습니다.,,,2025-01-14
547,91,91,174,76.3,0.0,75.0,46.8,C,recommended,일부 조건 불일치가 있어 확인이 필요합니다.,,,2025-03-24
548,91,91,144,78.5,33.3,75.0,61.2,B,completed,적응 기간이 다소 필요할 수 있습니다.,2025-10-20,2025-11-20,2025-02-17
549,92,92,740,71.7,33.3,75.0,58.9,C,selected,추가 교육이나 지원이 필요할 수 있습니다.,,,2025-10-03
550,92,92,282,76.2,66.7,75.0,76.3,B+,completed,주요 질환에 대한 케어 경험이 있습니다.,2025-02-02,2025-04-11,2025-08-20
551,92,92,549,74.7,33.3,75.0,61.4,B,active,일부 조건에서 조율이 필요할 수 있습니다.,2025-06-14,,2025-10-17
552,92,92,294,83.7,0.0,75.0,46.8,C,completed,일부 조건 불일치가 있어 확인이 필요합니다.,2025-04-04,2025-08-29,2025-07-25
553,92,92,18,70.5,0.0,75.0,41.4,C,selected,추가 교육이나 지원이 필요할 수 있습니다.,,,2024-12-27
554,92,92,515,76.2,33.3,75.0,63.7,B,active,기본적인 케어 역량을 갖추고 있습니다.,2024-11-30,,2025-10-10
555,92,92,833,77.1,66.7,75.0,71.5,B+,completed,성격 궁합이 양호하며 적응이 빠를 것으로 예상됩니다.,2025-04-18,2025-10-06,2025-10-29
556,92,92,715,77.7,33.3,75.0,56.0,C,recommended,다른 후보도 함께 검토해 보시기 바랍니다.,,,2025-04-18
557,93,93,580,72.1,0.0,75.0,48.2,C,recommended,추가 교육이나 지원이 필요할 수 있습니다.,,,2025-08-10
558,93,93,879,71.9,0.0,75.0,47.9,C,recommended,일부 조건 불일치가 있어 확인이 필요합니다.,,,2025-02-09
559,93,93,998,63.9,25.0,75.0,50.9,C,completed,일부 조건 불일치가 있어 확인이 필요합니다.,2025-10-05,2025-11-23,2025-07-06
560,93,93,98,74.9,25.0,75.0,56.6,C,active,다른 후보도 함께 검토해 보시기 바랍니다.,2025-07-29,,2025-11-18
561,93,93,917,75.7,25.0,75.0,59.9,C,completed,일부 조건 불일치가 있어 확인이 필요합니다.,2025-01-01,2025-03-08,2025-05-07
562,93,93,541,85.3,50.0,50.0,59.0,C,recommended,추가 교육이나 지원이 필요할 수 있습니다.,,,2025-02-09
563,94,94,694,85.5,50.0,75.0,65.1,B,recommended,적응 기간이 다소 필요할 수 있습니다.,,,2024-11-21
564,94,94,919,86.0,0.0,75.0,44.7,C,recommended,일부 조건 불일치가 있어 확인이 필요합니다.,,,2025-06-02
565,94,94,554,86.7,0.0,75.0,44.6,C,recommended,다른 후보도 함께 검토해 보시기 바랍니다.,,,2025-07-31
566,94,94,340,86.6,25.0,75.0,62.4,B,active,적응 기간이 다소 필요할 수 있습니다.,2025-05-07,,2024-10-29
567,94,94,394,87.8,25.0,75.0,60.6,B,selected,적응 기간이 다소 필요할 수 있습니다.,,,2025-05-07
568,94,94,774,87.5,0.0,50.0,47.8,C,recommended,다른 후보도 함께 검토해 보시기 바랍니다.,,,2025-11-11
569,94,94,758,80.8,50.0,50.0,62.1,B,completed,기본적인 케어 역량을 갖추고 있습니다.,2025-03-12,2025-08-14,2025-05-28
570,95,95,191,78.0,50.0,75.0,67.3,B,recommended,기본적인 케어 역량을 갖추고 있습니다.,,,2024-11-26
571,95,95,697,84.8,25.0,75.0,54.2,C,selected,다른 후보도 함께 검토해 보시기 바랍니다.,,,2025-09-09
572,95,95,600,86.0,75.0,50.0,71.4,B+,completed,전반적으로 좋은 매칭입니다.,2024-12-08,2025-02-15,2025-05-11
573,95,95,677,78.1,25.0,75.0,52.0,C,recommended,다른 후보도 함께 검토해 보시기 바랍니다.,,,2025-04-13
574,95,95,390,74.5,25.0,50.0,47.2,C,active,추가 교육이나 지원이 필요할 수 있습니다.,2025-06-12,,2025-09-20
575,95,95,88,80.8,25.0,75.0,52.9,C,completed,일부 조건 불일치가 있어 확인이 필요합니다.,2025-03-22,2025-08-13,2025-02-15
576,95,95,791,85.2,50.0,75.0,63.8,B,completed,기본적인 케어 역량을 갖추고 있습니다.,2025-04-30,2025-10-18,2025-01-25
577,96,96,13,75.2,25.0,75.0,59.1,C,recommended,추가 교육이나 지원이 필요할 수 있습니다.,,,2025-02-07
578,96,96,299,82.9,50.0,100.0,74.2,B+,completed,주요 질환에 대한 케어 경험이 있습니다.,2025-04-17,2025-06-29,2025-07-12
579,96,96,424,64.3,25.0,75.0,47.7,C,recommended,추가 교육이나 지원이 필요할 수 있습니다.,,,2025-04-18
580,96,96,398,83.4,50.0,75.0,65.7,B,recommended,일부 조건에서 조율이 필요할 수 있습니다.,,,2025-03-24
581,96,96,798,83.1,50.0,75.0,70.7,B+,selected,성격 궁합이 양호하며 적응이 빠를 것으로 예상됩니다.,,,2025-07-21
582,96,96,87,81.6,25.0,75.0,61.8,B,cancelled,적응 기간이 다소 필요할 수 있습니다.,,,2025-01-10
583,96,96,743,84.1,25.0,50.0,51.9,C,recommended,일부 조건 불일치가 있어 확인이 필요합니다.,,,2025-08-18
584,97,97,110,83.3,0.0,75.0,51.3,C,recommended,다른 후보도 함께 검토해 보시기 바랍니다.,,,2025-06-11
585,97,97,139,71.2,33.3,75.0,56.4,C,active,일부 조건 불일치가 있어 확인이 필요합니다.,2025-03-22,,2025-01-26
586,97,97,312,81.3,66.7,20.0,56.5,C,recommended,다른 후보도 함께 검토해 보시기 바랍니다.,,,2025-01-22
587,97,97,7,86.2,0.0,75.0,53.4,C,recommended,추가 교육이나 지원이 필요할 수 있습니다.,,,2025-03-26
588,97,97,972,85.2,33.3,75.0,60.0,B,recommended,일부 조건에서 조율이 필요할 수 있습니다.,,,2025-06-16
589,97,97,406,79.9,33.3,75.0,58.0,C,recommended,일부 조건 불일치가 있어 확인이 필요합니다.,,,2025-01-06
590,97,97,341,72.5,66.7,75.0,70.7,B+,recommended,전반적으로 좋은 매칭입니다.,,,2025-07-25
591,98,98,386,62.4,25.0,75.0,46.7,C,recommended,일부 조건 불일치가 있어 확인이 필요합니다.,,,2025-08-16
592,98,98,288,90.1,0.0,75.0,51.2,C,active,추가 교육이나 지원이 필요할 수 있습니다.,2025-01-22,,2024-12-12
593,98,98,837,56.8,50.0,50.0,55.1,C,recommended,추가 교육이나 지원이 필요할 수 있습니다.,,,2024-11-19
594,98,98,805,66.1,50.0,75.0,61.5,B,recommended,적응 기간이 다소 필요할 수 있습니다.,,,2025-08-11
595,98,98,403,79.0,25.0,100.0,62.0,B,completed,일부 조건에서 조율이 필요할 수 있습니다.,2025-06-01,2025-07-18,2024-12-17
596,98,98,374,54.9,50.0,75.0,56.0,C,recommended,다른 후보도 함께 검토해 보시기 바랍니다.,,,2024-12-24
597,99,99,733,72.0,50.0,50.0,57.2,C,active,다른 후보도 함께 검토해 보시기 바랍니다.,2024-12-26,,2025-02-01
598,99,99,434,80.4,0.0,100.0,52.1,C,recommended,일부 조건 불일치가 있어 확인이 필요합니다.,,,2024-12-07
599,99,99,809,86.1,0.0,50.0,41.8,C,recommended,추가 교육이나 지원이 필요할 수 있습니다.,,,2025-05-26
600,99,99,387,88.5,25.0,75.0,61.8,B,recommended,적응 기간이 다소 필요할 수 있습니다.,,,2025-01-26
601,99,99,76,86.0,25.0,75.0,60.2,B,recommended,기본적인 케어 역량을 갖추고 있습니다.,,,2025-10-02
602,100,100,674,79.8,50.0,50.0,61.6,B,recommended,적응 기간이 다소 필요할 수 있습니다.,,,2024-12-31
603,100,100,681,86.1,0.0,75.0,50.6,C,recommended,다른 후보도 함께 검토해 보시기 바랍니다.,,,2024-11-06
604,100,100,364,73.6,50.0,75.0,62.8,B,recommended,일부 조건에서 조율이 필요할 수 있습니다.,,,2025-10-03
605,100,100,171,88.2,50.0,50.0,58.5,C,recommended,다른 후보도 함께 검토해 보시기 바랍니다.,,,2025-08-05
606,100,100,663,85.5,0.0,75.0,48.8,C,recommended,일부 조건 불일치가 있어 확인이 필요합니다.,,,2025-02-14
607,101,101,705,88.5,25.0,50.0,55.3,C,recommended,일부 조건 불일치가 있어 확인이 필요합니다.,,,2025-03-15
608,101,101,590,80.9,25.0,75.0,53.6,C,recommended,추가 교육이나 지원이 필요할 수 있습니다.,,,2025-03-24
609,101,101,227,82.4,25.0,75.0,53.6,C,selected,다른 후보도 함께 검토해 보시기 바랍니다.,,,2025-10-14
610,101,101,457,79.9,25.0,75.0,52.9,C,active,다른 후보도 함께 검토해 보시기 바랍니다.,2025-08-17,,2025-06-20
611,101,101,384,94.0,25.0,50.0,53.8,C,recommended,추가 교육이나 지원이 필요할 수 있습니다.,,,2025-03-05
612,101,101,401,84.8,0.0,75.0,48.3,C,completed,다른 후보도 함께 검토해 보시기 바랍니다.,2025-02-27,2025-04-22,2024-11-22
613,101,101,475,78.5,50.0,75.0,61.9,B,completed,기본적인 케어 역량을 갖추고 있습니다.,2025-10-06,2025-12-04,2025-06-04
614,101,101,791,86.5,0.0,75.0,52.0,C,recommended,일부 조건 불일치가 있어 확인이 필요합니다.,,,2025-07-25
615,102,102,179,80.0,0.0,75.0,44.1,C,completed,추가 교육이나 지원이 필요할 수 있습니다.,2025-04-04,2025-06-20,2025-01-03
616,102,102,566,76.5,0.0,50.0,34.6,C,cancelled,일부 조건 불일치가 있어 확인이 필요합니다.,,,2025-08-17
617,102,102,164,78.8,25.0,75.0,55.8,C,recommended,다른 후보도 함께 검토해 보시기 바랍니다.,,,2025-05-11
618,102,102,339,81.2,0.0,75.0,42.2,C,recommended,추가 교육이나 지원이 필요할 수 있습니다.,,,2025-08-13
619,102,102,574,92.9,25.0,75.0,59.0,C,completed,추가 교육이나 지원이 필요할 수 있습니다.,2025-09-26,2026-03-22,2025-02-25
620,102,102,437,77.9,25.0,75.0,53.0,C,completed,일부 조건 불일치가 있어 확인이 필요합니다.,2025-08-31,2025-12-06,2025-03-21
621,102,102,982,83.0,25.0,75.0,55.9,C,recommended,다른 후보도 함께 검토해 보시기 바랍니다.,,,2025-01-18
622,102,102,474,82.7,25.0,50.0,50.4,C,recommended,추가 교육이나 지원이 필요할 수 있습니다.,,,2025-06-01
623,103,103,866,66.9,0.0,50.0,38.0,C,recommended,다른 후보도 함께 검토해 보시기 바랍니다.,,,2025-01-16
624,103,103,469,75.5,25.0,50.0,49.8,C,recommended,일부 조건 불일치가 있어 확인이 필요합니다.,,,2025-09-19
625,103,103,633,84.9,25.0,75.0,56.6,C,selected,추가 교육이나 지원이 필요할 수 있습니다.,,,2025-06-23
626,103,103,177,65.7,50.0,75.0,57.9,C,recommended,다른 후보도 함께 검토해 보시기 바랍니다.,,,2024-12-06
627,103,103,834,79.5,0.0,75.0,43.0,C,recommended,다른 후보도 함께 검토해 보시기 바랍니다.,,,2025-04-26
628,103,103,690,81.4,25.0,75.0,58.2,C,completed,다른 후보도 함께 검토해 보시기 바랍니다.,2025-01-07,2025-05-15,2025-08-23
629,104,104,569,83.8,0.0,75.0,44.9,C,recommended,다른 후보도 함께 검토해 보시기 바랍니다.,,,2025-01-13
630,104,104,171,89.2,0.0,50.0,39.3,C,recommended,다른 후보도 함께 검토해 보시기 바랍니다.,,,2025-11-22
631,104,104,502,71.9,50.0,75.0,63.8,B,completed,적응 기간이 다소 필요할 수 있습니다.,2025-07-21,2025-11-26,2025-03-13
632,104,104,296,73.1,0.0,75.0,46.2,C,completed,다른 후보도 함께 검토해 보시기 바랍니다.,2025-03-30,2025-08-20,2025-09-02
633,104,104,144,79.1,0.0,75.0,49.4,C,selected,추가 교육이나 지원이 필요할 수 있습니다.,,,2025-06-30
634,105,105,282,74.4,33.3,75.0,54.8,C,selected,다른 후보도 함께 검토해 보시기 바랍니다.,,,2025-02-10
635,105,105,231,77.2,66.7,50.0,68.6,B,recommended,일부 조건에서 조율이 필요할 수 있습니다.,,,2025-02-18
636,105,105,551,78.6,0.0,50.0,40.1,C,recommended,일부 조건 불일치가 있어 확인이 필요합니다.,,,2025-09-29
637,105,105,296,86.2,0.0,75.0,46.6,C,selected,일부 조건 불일치가 있어 확인이 필요합니다.,,,2025-05-23
638,106,106,843,82.9,50.0,50.0,66.4,B,recommended,기본적인 케어 역량을 갖추고 있습니다.,,,2024-11-15
639,106,106,775,79.1,25.0,100.0,66.0,B,recommended,기본적인 케어 역량을 갖추고 있습니다.,,,2025-06-27
640,106,106,43,87.1,50.0,75.0,73.0,B+,selected,주요 질환에 대한 케어 경험이 있습니다.,,,2025-04-10
641,106,106,779,79.4,50.0,75.0,64.2,B,recommended,기본적인 케어 역량을 갖추고 있습니다.,,,2025-04-16
642,106,106,737,85.1,25.0,50.0,55.9,C,recommended,추가 교육이나 지원이 필요할 수 있습니다.,,,2024-10-25
643,106,106,452,72.5,25.0,75.0,57.2,C,recommended,추가 교육이나 지원이 필요할 수 있습니다.,,,2024-11-14
644,106,106,560,81.5,25.0,75.0,58.2,C,recommended,다른 후보도 함께 검토해 보시기 바랍니다.,,,2024-11-28
645,106,106,224,70.9,50.0,20.0,50.9,C,recommended,다른 후보도 함께 검토해 보시기 바랍니다.,,,2025-09-03
646,107,107,143,74.7,25.0,75.0,55.2,C,completed,추가 교육이나 지원이 필요할 수 있습니다.,2024-12-27,2025-06-12,2025-06-14
647,107,107,804,49.7,0.0,75.0,34.0,C,selected,다른 후보도 함께 검토해 보시기 바랍니다.,,,2025-03-08
648,107,107,212,58.9,75.0,75.0,74.2,B+,completed,성격 궁합이 양호하며 적응이 빠를 것으로 예상됩니다.,2025-09-10,2025-11-13,2025-10-27
649,107,107,834,50.7,50.0,75.0,52.8,C,completed,추가 교육이나 지원이 필요할 수 있습니다.,2025-08-22,2025-11-23,2024-11-27
650,107,107,825,67.9,25.0,75.0,55.1,C,recommended,일부 조건 불일치가 있어 확인이 필요합니다.,,,2025-05-09
651,107,107,61,72.1,0.0,100.0,50.1,C,recommended,일부 조건 불일치가 있어 확인이 필요합니다.,,,2025-01-07
652,107,107,584,74.4,0.0,75.0,42.5,C,selected,다른 후보도 함께 검토해 보시기 바랍니다.,,,2025-05-18
653,107,107,360,61.2,25.0,75.0,49.7,C,selected,일부 조건 불일치가 있어 확인이 필요합니다.,,,2024-10-29
654,108,108,413,70.9,50.0,50.0,59.3,C,completed,다른 후보도 함께 검토해 보시기 바랍니다.,2025-04-23,2025-09-16,2025-06-12
655,108,108,528,89.1,75.0,75.0,75.9,B+,active,전반적으로 좋은 매칭입니다.,2025-03-08,,2024-12-21
656,108,108,768,82.6,50.0,75.0,69.6,B,recommended,기본적인 케어 역량을 갖추고 있습니다.,,,2025-02-26
657,108,108,285,72.3,25.0,75.0,53.0,C,recommended,다른 후보도 함께 검토해 보시기 바랍니다.,,,2025-08-10
658,109,109,275,67.4,0.0,20.0,24.9,C,recommended,다른 후보도 함께 검토해 보시기 바랍니다.,,,2025-06-04
659,109,109,331,72.8,0.0,20.0,34.4,C,active,추가 교육이나 지원이 필요할 수 있습니다.,2025-10-04,,2025-10-07
660,109,109,849,75.0,50.0,20.0,52.5,C,selected,다른 후보도 함께 검토해 보시기 바랍니다.,,,2025-11-18
661,109,109,291,86.6,25.0,20.0,41.6,C,recommended,추가 교육이나 지원이 필요할 수 있습니다.,,,2025-04-15
662,109,109,346,68.5,50.0,20.0,48.5,C,cancelled,다른 후보도 함께 검토해 보시기 바랍니다.,,,2025-08-15
663,109,109,561,71.0,25.0,20.0,44.8,C,selected,추가 교육이나 지원이 필요할 수 있습니다.,,,2024-12-29
664,109,109,592,79.1,50.0,20.0,50.7,C,recommended,다른 후보도 함께 검토해 보시기 바랍니다.,,,2025-10-10
665,110,110,257,82.3,33.3,75.0,57.6,C,recommended,다른 후보도 함께 검토해 보시기 바랍니다.,,,2025-01-10
666,110,110,85,76.9,33.3,50.0,50.8,C,recommended,일부 조건 불일치가 있어 확인이 필요합니다.,,,2024-11-05
667,110,110,381,83.8,0.0,75.0,45.4,C,recommended,일부 조건 불일치가 있어 확인이 필요합니다.,,,2025-10-11
668,110,110,681,84.0,33.3,75.0,63.5,B,recommended,기본적인 케어 역량을 갖추고 있습니다.,,,2025-08-09
669,110,110,926,81.1,33.3,75.0,60.2,B,recommended,기본적인 케어 역량을 갖추고 있습니다.,,,2025-01-27
670,110,110,665,70.9,33.3,75.0,54.2,C,recommended,일부 조건 불일치가 있어 확인이 필요합니다.,,,2025-04-13
671,111,111,9,75.3,33.3,50.0,48.4,C,recommended,다른 후보도 함께 검토해 보시기 바랍니다.,,,2024-12-06
672,111,111,713,71.6,33.3,50.0,47.2,C,completed,다른 후보도 함께 검토해 보시기 바랍니다.,2025-09-22,2025-12-19,2025-10-12
673,111,111,352,77.8,33.3,50.0,49.1,C,recommended,다른 후보도 함께 검토해 보시기 바랍니다.,,,2025-06-26
674,111,111,837,70.6,33.3,75.0,53.2,C,selected,추가 교육이나 지원이 필요할 수 있습니다.,,,2025-01-02
675,112,112,71,83.6,66.7,75.0,76.2,B+,active,성격 궁합이 양호하며 적응이 빠를 것으로 예상됩니다.,2025-03-17,,2024-11-22
676,112,112,544,76.8,33.3,50.0,49.9,C,cancelled,일부 조건 불일치가 있어 확인이 필요합니다.,,,2025-09-10
677,112,112,577,77.2,33.3,75.0,63.3,B,recommended,적응 기간이 다소 필요할 수 있습니다.,,,2024-12-10
678,112,112,9,79.7,33.3,75.0,59.4,C,recommended,추가 교육이나 지원이 필요할 수 있습니다.,,,2025-10-13
679,112,112,625,75.7,0.0,75.0,49.2,C,cancelled,추가 교육이나 지원이 필요할 수 있습니다.,,,2024-11-06
680,113,113,604,88.8,75.0,75.0,84.5,A,completed,전문분야 일치도가 높고 케어 경험이 풍부합니다.,2025-05-20,2025-07-24,2025-07-08
681,113,113,748,80.0,25.0,75.0,57.3,C,completed,일부 조건 불일치가 있어 확인이 필요합니다.,2024-12-25,2025-04-06,2025-11-13
682,113,113,394,85.0,25.0,75.0,62.3,B,recommended,기본적인 케어 역량을 갖추고 있습니다.,,,2025-03-06
683,113,113,360,81.5,50.0,75.0,68.4,B,recommended,기본적인 케어 역량을 갖추고 있습니다.,,,2024-11-09
684,114,114,303,85.5,50.0,75.0,66.1,B,completed,기본적인 케어 역량을 갖추고 있습니다.,2025-04-14,2025-06-11,2025-03-16
685,114,114,662,86.9,25.0,75.0,59.5,C,cancelled,추가 교육이나 지원이 필요할 수 있습니다.,,,2025-05-26
686,114,114,56,66.4,25.0,75.0,56.3,C,selected,추가 교육이나 지원이 필요할 수 있습니다.,,,2025-05-12
687,114,114,803,71.7,25.0,75.0,57.5,C,selected,일부 조건 불일치가 있어 확인이 필요합니다.,,,2025-04-25
688,114,114,920,79.1,25.0,75.0,55.1,C,recommended,일부 조건 불일치가 있어 확인이 필요합니다.,,,2025-08-30
689,114,114,813,75.5,25.0,75.0,57.8,C,completed,일부 조건 불일치가 있어 확인이 필요합니다.,2025-09-21,2025-10-25,2025-10-23
690,114,114,978,80.0,50.0,75.0,62.1,B,recommended,기본적인 케어 역량을 갖추고 있습니다.,,,2025-05-07
691,115,115,294,86.4,25.0,75.0,58.0,C,recommended,일부 조건 불일치가 있어 확인이 필요합니다.,,,2025-02-25
692,115,115,644,82.4,25.0,75.0,58.0,C,recommended,추가 교육이나 지원이 필요할 수 있습니다.,,,2025-07-07
693,115,115,730,86.2,25.0,50.0,48.5,C,selected,추가 교육이나 지원이 필요할 수 있습니다.,,,2025-03-10
694,115,115,514,78.2,25.0,50.0,54.1,C,recommended,추가 교육이나 지원이 필요할 수 있습니다.,,,2025-02-25
695,115,115,786,83.8,50.0,75.0,66.4,B,recommended,적응 기간이 다소 필요할 수 있습니다.,,,2025-01-06
696,115,115,426,92.4,50.0,50.0,67.5,B,active,적응 기간이 다소 필요할 수 있습니다.,2024-11-30,,2025-01-01
697,115,115,434,85.2,0.0,75.0,44.2,C,recommended,일부 조건 불일치가 있어 확인이 필요합니다.,,,2025-04-17
698,115,115,719,74.7,25.0,75.0,57.2,C,selected,추가 교육이나 지원이 필요할 수 있습니다.,,,2025-10-28
699,116,116,89,75.8,50.0,75.0,66.4,B,recommended,기본적인 케어 역량을 갖추고 있습니다.,,,2025-06-21
700,116,116,947,80.9,25.0,75.0,58.7,C,recommended,일부 조건 불일치가 있어 확인이 필요합니다.,,,2024-11-12
701,116,116,445,84.7,50.0,50.0,58.9,C,selected,추가 교육이나 지원이 필요할 수 있습니다.,,,2024-11-29
702,116,116,119,71.6,0.0,75.0,40.2,C,recommended,추가 교육이나 지원이 필요할 수 있습니다.,,,2025-09-04
703,116,116,465,75.8,0.0,75.0,45.3,C,recommended,다른 후보도 함께 검토해 보시기 바랍니다.,,,2025-03-04
704,117,117,802,87.2,33.3,75.0,65.4,B,recommended,일부 조건에서 조율이 필요할 수 있습니다.,,,2024-11-16
705,117,117,843,79.4,66.7,50.0,70.8,B+,recommended,주요 질환에 대한 케어 경험이 있습니다.,,,2025-06-08
706,117,117,739,75.1,33.3,75.0,61.4,B,cancelled,일부 조건에서 조율이 필요할 수 있습니다.,,,2025-03-03
707,117,117,266,69.5,33.3,75.0,52.0,C,recommended,일부 조건 불일치가 있어 확인이 필요합니다.,,,2025-02-04
708,117,117,171,87.2,33.3,50.0,57.6,C,completed,일부 조건 불일치가 있어 확인이 필요합니다.,2025-02-16,2025-07-12,2025-05-26
709,117,117,381,77.5,0.0,75.0,42.5,C,recommended,추가 교육이나 지원이 필요할 수 있습니다.,,,2025-07-19
710,117,117,130,84.0,0.0,75.0,50.9,C,active,일부 조건 불일치가 있어 확인이 필요합니다.,2025-01-08,,2024-11-21
711,117,117,768,81.9,33.3,75.0,56.9,C,completed,추가 교육이나 지원이 필요할 수 있습니다.,2025-02-10,2025-03-12,2025-11-20
712,118,118,393,78.0,25.0,75.0,59.6,C,selected,일부 조건 불일치가 있어 확인이 필요합니다.,,,2024-11-26
713,118,118,943,84.8,75.0,75.0,80.9,A,active,전문분야 일치도가 높고 케어 경험이 풍부합니다.,2025-03-28,,2025-06-15
714,118,118,154,76.8,25.0,75.0,53.1,C,recommended,일부 조건 불일치가 있어 확인이 필요합니다.,,,2025-06-16
715,118,118,184,75.7,25.0,75.0,53.0,C,recommended,추가 교육이나 지원이 필요할 수 있습니다.,,,2025-02-07
716,118,118,954,87.9,75.0,75.0,78.2,B+,completed,주요 질환에 대한 케어 경험이 있습니다.,2025-02-13,2025-03-28,2025-08-04
717,118,118,984,87.7,25.0,75.0,64.0,B,completed,일부 조건에서 조율이 필요할 수 있습니다.,2025-09-23,2026-02-19,2024-10-26
718,119,119,567,81.4,75.0,50.0,68.0,B,cancelled,적응 기간이 다소 필요할 수 있습니다.,,,2025-06-24
719,119,119,468,91.5,50.0,75.0,73.2,B+,recommended,주요 질환에 대한 케어 경험이 있습니다.,,,2025-04-03
720,119,119,9,85.6,50.0,50.0,61.1,B,completed,적응 기간이 다소 필요할 수 있습니다.,2025-02-18,2025-05-09,2025-02-20
721,119,119,378,85.0,25.0,50.0,48.8,C,cancelled,다른 후보도 함께 검토해 보시기 바랍니다.,,,2025-11-14
722,120,120,555,89.7,25.0,50.0,57.7,C,recommended,다른 후보도 함께 검토해 보시기 바랍니다.,,,2025-11-26
723,120,120,355,83.9,25.0,75.0,60.7,B,recommended,일부 조건에서 조율이 필요할 수 있습니다.,,,2024-11-14
724,120,120,652,88.6,0.0,75.0,52.0,C,completed,일부 조건 불일치가 있어 확인이 필요합니다.,2025-09-05,2025-11-26,2025-07-28
725,120,120,860,76.3,75.0,75.0,80.2,A,completed,전문분야 일치도가 높고 케어 경험이 풍부합니다.,2025-08-17,2025-11-26,2025-11-04
726,120,120,711,88.5,25.0,75.0,58.9,C,completed,일부 조건 불일치가 있어 확인이 필요합니다.,2025-04-21,2025-09-15,2025-10-14
727,121,121,653,72.2,0.0,50.0,38.5,C,recommended,다른 후보도 함께 검토해 보시기 바랍니다.,,,2024-12-22
728,121,121,840,79.2,0.0,75.0,51.1,C,completed,다른 후보도 함께 검토해 보시기 바랍니다.,2025-06-29,2025-10-11,2025-06-18
729,121,121,404,75.5,25.0,75.0,57.2,C,recommended,일부 조건 불일치가 있어 확인이 필요합니다.,,,2025-06-12
730,121,121,77,78.1,25.0,75.0,54.3,C,recommended,다른 후보도 함께 검토해 보시기 바랍니다.,,,2025-07-30
731,121,121,607,89.0,0.0,75.0,45.7,C,recommended,추가 교육이나 지원이 필요할 수 있습니다.,,,2025-09-18
732,122,122,112,78.3,33.3,75.0,55.7,C,completed,다른 후보도 함께 검토해 보시기 바랍니다.,2025-04-28,2025-07-20,2025-06-22
733,122,122,160,82.6,33.3,75.0,56.9,C,active,일부 조건 불일치가 있어 확인이 필요합니다.,2025-05-26,,2024-12-05
734,122,122,109,80.6,33.3,75.0,61.3,B,active,일부 조건에서 조율이 필요할 수 있습니다.,2025-07-10,,2025-09-12
735,122,122,169,80.1,33.3,100.0,62.3,B,selected,기본적인 케어 역량을 갖추고 있습니다.,,,2025-05-28
736,122,122,461,79.6,66.7,75.0,72.2,B+,completed,성격 궁합이 양호하며 적응이 빠를 것으로 예상됩니다.,2025-10-03,2026-01-17,2025-08-29
737,122,122,478,69.1,33.3,75.0,59.8,C,recommended,일부 조건 불일치가 있어 확인이 필요합니다.,,,2024-11-08
738,122,122,322,73.0,33.3,75.0,58.1,C,completed,추가 교육이나 지원이 필요할 수 있습니다.,2025-09-10,2026-02-05,2025-09-16
739,122,122,417,79.2,66.7,75.0,76.4,B+,active,주요 질환에 대한 케어 경험이 있습니다.,2025-07-07,,2025-08-17
740,123,123,382,73.5,25.0,50.0,49.1,C,recommended,추가 교육이나 지원이 필요할 수 있습니다.,,,2025-11-15
741,123,123,703,78.4,0.0,50.0,44.9,C,recommended,추가 교육이나 지원이 필요할 수 있습니다.,,,2024-12-31
742,123,123,646,81.6,0.0,50.0,40.5,C,recommended,추가 교육이나 지원이 필요할 수 있습니다.,,,2025-10-10
743,123,123,961,76.6,25.0,50.0,53.4,C,completed,추가 교육이나 지원이 필요할 수 있습니다.,2025-05-12,2025-07-12,2025-04-04
744,123,123,661,76.5,50.0,50.0,58.6,C,selected,일부 조건 불일치가 있어 확인이 필요합니다.,,,2025-05-08
745,123,123,87,83.8,0.0,50.0,41.8,C,recommended,다른 후보도 함께 검토해 보시기 바랍니다.,,,2024-12-12
746,123,123,597,80.9,25.0,50.0,50.1,C,completed,추가 교육이나 지원이 필요할 수 있습니다.,2025-04-30,2025-07-23,2025-07-09
747,124,124,629,96.5,66.7,75.0,80.7,A,selected,성격 궁합이 좋아 원활한 소통이 기대됩니다.,,,2025-04-30
748,124,124,635,90.4,33.3,75.0,67.5,B,active,기본적인 케어 역량을 갖추고 있습니다.,2025-02-25,,2025-10-13
749,124,124,632,92.2,33.3,75.0,62.1,B,completed,기본적인 케어 역량을 갖추고 있습니다.,2025-08-19,2026-01-03,2025-01-01
750,124,124,252,91.4,66.7,75.0,74.9,B+,completed,성격 궁합이 양호하며 적응이 빠를 것으로 예상됩니다.,2025-01-23,2025-02-26,2024-11-26
751,125,125,353,73.5,0.0,50.0,35.0,C,recommended,다른 후보도 함께 검토해 보시기 바랍니다.,,,2025-01-25
752,125,125,935,82.1,50.0,75.0,64.7,B,completed,일부 조건에서 조율이 필요할 수 있습니다.,2025-06-07,2025-07-21,2025-02-28
753,125,125,580,90.3,50.0,75.0,75.4,B+,completed,주요 질환에 대한 케어 경험이 있습니다.,2025-08-08,2025-10-02,2024-12-25
754,125,125,515,75.7,50.0,75.0,68.4,B,recommended,적응 기간이 다소 필요할 수 있습니다.,,,2025-10-29
755,125,125,330,80.8,50.0,50.0,63.4,B,recommended,기본적인 케어 역량을 갖추고 있습니다.,,,2025-02-05
756,125,125,398,80.7,50.0,75.0,70.5,B+,completed,주요 질환에 대한 케어 경험이 있습니다.,2025-04-13,2025-08-11,2025-08-28
757,125,125,277,85.5,50.0,50.0,65.5,B,completed,적응 기간이 다소 필요할 수 있습니다.,2025-04-28,2025-06-04,2024-12-03
758,126,126,146,77.6,0.0,75.0,45.8,C,selected,다른 후보도 함께 검토해 보시기 바랍니다.,,,2025-08-29
759,126,126,577,68.8,50.0,75.0,62.7,B,completed,기본적인 케어 역량을 갖추고 있습니다.,2025-09-12,2025-10-26,2025-01-22
760,126,126,972,79.3,25.0,75.0,56.3,C,completed,추가 교육이나 지원이 필요할 수 있습니다.,2025-05-12,2025-08-01,2025-06-05
761,126,126,193,78.5,50.0,75.0,61.8,B,recommended,기본적인 케어 역량을 갖추고 있습니다.,,,2025-01-30
762,126,126,857,71.8,25.0,75.0,55.9,C,recommended,추가 교육이나 지원이 필요할 수 있습니다.,,,2024-10-26
763,126,126,830,77.7,50.0,75.0,62.1,B,recommended,적응 기간이 다소 필요할 수 있습니다.,,,2025-05-24
764,126,126,903,83.0,50.0,75.0,72.4,B+,completed,전반적으로 좋은 매칭입니다.,2025-04-20,2025-08-29,2025-10-06
765,126,126,994,82.8,75.0,75.0,74.1,B+,recommended,주요 질환에 대한 케어 경험이 있습니다.,,,2024-11-17
766,127,127,811,57.4,50.0,20.0,47.2,C,selected,일부 조건 불일치가 있어 확인이 필요합니다.,,,2024-12-06
767,127,127,655,68.3,25.0,20.0,42.8,C,completed,추가 교육이나 지원이 필요할 수 있습니다.,2024-12-18,2025-04-18,2024-12-21
768,127,127,984,77.1,25.0,20.0,40.8,C,completed,추가 교육이나 지원이 필요할 수 있습니다.,2025-05-31,2025-08-01,2024-11-18
769,127,127,499,75.8,50.0,20.0,56.0,C,recommended,다른 후보도 함께 검토해 보시기 바랍니다.,,,2024-10-28
770,127,127,665,65.8,50.0,20.0,52.7,C,completed,일부 조건 불일치가 있어 확인이 필요합니다.,2025-10-12,2025-12-27,2025-06-17
771,127,127,325,81.9,25.0,20.0,40.9,C,recommended,일부 조건 불일치가 있어 확인이 필요합니다.,,,2025-10-04
772,127,127,179,67.8,0.0,20.0,33.1,C,completed,일부 조건 불일치가 있어 확인이 필요합니다.,2025-08-17,2025-12-09,2025-10-18
773,128,128,652,79.0,0.0,75.0,48.5,C,recommended,일부 조건 불일치가 있어 확인이 필요합니다.,,,2024-11-18
774,128,128,907,78.8,33.3,50.0,57.3,C,recommended,다른 후보도 함께 검토해 보시기 바랍니다.,,,2025-11-21
775,128,128,987,85.8,33.3,75.0,59.8,C,completed,다른 후보도 함께 검토해 보시기 바랍니다.,2025-06-23,2025-08-09,2025-07-18
776,128,128,91,78.7,0.0,75.0,41.3,C,recommended,다른 후보도 함께 검토해 보시기 바랍니다.,,,2025-04-16
777,128,128,842,79.2,33.3,50.0,55.9,C,recommended,추가 교육이나 지원이 필요할 수 있습니다.,,,2025-04-29
778,129,129,903,80.8,0.0,50.0,40.6,C,completed,추가 교육이나 지원이 필요할 수 있습니다.,2025-01-06,2025-04-03,2025-04-09
779,129,129,388,70.9,66.7,50.0,61.9,B,completed,기본적인 케어 역량을 갖추고 있습니다.,2025-05-18,2025-08-22,2025-10-20
780,129,129,360,68.5,33.3,50.0,46.4,C,active,일부 조건 불일치가 있어 확인이 필요합니다.,2025-09-20,,2025-10-10
781,129,129,560,82.4,0.0,50.0,39.7,C,active,다른 후보도 함께 검토해 보시기 바랍니다.,2024-12-18,,2024-12-01
782,129,129,385,85.5,33.3,50.0,51.1,C,selected,일부 조건 불일치가 있어 확인이 필요합니다.,,,2025-09-03
783,129,129,104,76.7,0.0,75.0,46.7,C,recommended,다른 후보도 함께 검토해 보시기 바랍니다.,,,2025-09-07
784,129,129,849,75.7,0.0,75.0,40.8,C,recommended,다른 후보도 함께 검토해 보시기 바랍니다.,,,2025-08-13
785,130,130,420,84.5,33.3,20.0,50.2,C,recommended,다른 후보도 함께 검토해 보시기 바랍니다.,,,2024-12-23
786,130,130,714,78.5,0.0,20.0,30.3,C,cancelled,추가 교육이나 지원이 필요할 수 있습니다.,,,2025-10-08
787,130,130,568,81.9,0.0,20.0,29.2,C,selected,일부 조건 불일치가 있어 확인이 필요합니다.,,,2025-02-18
788,130,130,740,87.7,66.7,20.0,65.8,B,selected,기본적인 케어 역량을 갖추고 있습니다.,,,2025-10-30
789,130,130,948,79.6,100.0,20.0,71.5,B+,selected,성격 궁합이 양호하며 적응이 빠를 것으로 예상됩니다.,,,2025-10-13
790,131,131,844,74.0,0.0,75.0,40.6,C,cancelled,추가 교육이나 지원이 필요할 수 있습니다.,,,2025-08-31
791,131,131,678,71.2,0.0,75.0,45.1,C,recommended,추가 교육이나 지원이 필요할 수 있습니다.,,,2025-03-29
792,131,131,641,78.3,66.7,75.0,76.2,B+,completed,성격 궁합이 양호하며 적응이 빠를 것으로 예상됩니다.,2025-05-24,2025-10-02,2025-03-21
793,131,131,615,82.2,33.3,75.0,56.8,C,selected,일부 조건 불일치가 있어 확인이 필요합니다.,,,2025-05-12
794,131,131,492,88.8,33.3,50.0,53.8,C,selected,다른 후보도 함께 검토해 보시기 바랍니다.,,,2025-05-21
795,131,131,205,80.5,33.3,75.0,57.1,C,recommended,추가 교육이나 지원이 필요할 수 있습니다.,,,2025-07-15
796,132,132,477,83.3,0.0,75.0,44.4,C,completed,일부 조건 불일치가 있어 확인이 필요합니다.,2025-09-09,2025-10-30,2025-06-03
797,132,132,270,79.6,25.0,75.0,61.3,B,completed,적응 기간이 다소 필요할 수 있습니다.,2024-12-31,2025-03-29,2025-10-26
798,132,132,232,84.1,50.0,75.0,67.4,B,active,적응 기간이 다소 필요할 수 있습니다.,2025-01-27,,2025-03-28
799,132,132,858,71.0,25.0,75.0,54.3,C,active,다른 후보도 함께 검토해 보시기 바랍니다.,2025-06-30,,2025-06-26
800,132,132,276,73.4,25.0,50.0,44.0,C,cancelled,일부 조건 불일치가 있어 확인이 필요합니다.,,,2025-11-09
801,132,132,578,73.6,25.0,75.0,54.5,C,completed,일부 조건 불일치가 있어 확인이 필요합니다.,2025-02-06,2025-08-01,2025-01-13
802,132,132,64,76.2,50.0,75.0,62.1,B,recommended,기본적인 케어 역량을 갖추고 있습니다.,,,2025-08-10
803,133,133,130,82.5,0.0,75.0,47.0,C,selected,일부 조건 불일치가 있어 확인이 필요합니다.,,,2025-09-12
804,133,133,44,73.2,75.0,50.0,71.5,B+,active,성격 궁합이 양호하며 적응이 빠를 것으로 예상됩니다.,2025-06-18,,2024-11-19
805,133,133,434,72.8,0.0,75.0,48.4,C,recommended,추가 교육이나 지원이 필요할 수 있습니다.,,,2025-10-13
806,133,133,81,74.4,25.0,75.0,53.7,C,completed,다른 후보도 함께 검토해 보시기 바랍니다.,2025-04-08,2025-09-26,2025-07-08
807,133,133,700,84.5,0.0,75.0,51.2,C,cancelled,일부 조건 불일치가 있어 확인이 필요합니다.,,,2025-01-30
808,134,134,801,77.1,25.0,20.0,42.8,C,cancelled,추가 교육이나 지원이 필요할 수 있습니다.,,,2025-10-03
809,134,134,430,77.8,0.0,20.0,32.9,C,recommended,추가 교육이나 지원이 필요할 수 있습니다.,,,2025-07-03
810,134,134,116,75.6,25.0,20.0,45.1,C,recommended,다른 후보도 함께 검토해 보시기 바랍니다.,,,2025-04-30
811,134,134,425,85.8,25.0,20.0,42.7,C,cancelled,일부 조건 불일치가 있어 확인이 필요합니다.,,,2025-03-23
812,134,134,154,79.6,75.0,20.0,63.6,B,completed,기본적인 케어 역량을 갖추고 있습니다.,2025-02-28,2025-04-08,2025-07-08
813,134,134,152,73.3,0.0,20.0,31.7,C,recommended,일부 조건 불일치가 있어 확인이 필요합니다.,,,2025-05-05
814,134,134,581,73.7,50.0,20.0,46.2,C,cancelled,다른 후보도 함께 검토해 보시기 바랍니다.,,,2024-12-08
815,134,134,603,76.1,25.0,20.0,39.0,C,completed,다른 후보도 함께 검토해 보시기 바랍니다.,2025-02-27,2025-06-05,2025-11-16
816,135,135,288,62.1,0.0,75.0,36.5,C,selected,추가 교육이나 지원이 필요할 수 있습니다.,,,2025-09-19
817,135,135,864,73.6,50.0,50.0,56.3,C,selected,일부 조건 불일치가 있어 확인이 필요합니다.,,,2025-04-14
818,135,135,504,71.7,50.0,50.0,60.3,B,selected,일부 조건에서 조율이 필요할 수 있습니다.,,,2025-07-12
819,135,135,879,61.5,0.0,75.0,42.5,C,recommended,일부 조건 불일치가 있어 확인이 필요합니다.,,,2024-12-31
820,135,135,713,82.0,25.0,75.0,53.3,C,recommended,다른 후보도 함께 검토해 보시기 바랍니다.,,,2025-08-10
821,135,135,702,67.8,0.0,50.0,40.4,C,completed,일부 조건 불일치가 있어 확인이 필요합니다.,2025-04-03,2025-09-04,2025-05-19
822,136,136,68,74.1,25.0,75.0,51.0,C,recommended,일부 조건 불일치가 있어 확인이 필요합니다.,,,2025-02-08
823,136,136,319,72.7,25.0,75.0,49.5,C,recommended,추가 교육이나 지원이 필요할 수 있습니다.,,,2025-08-16
824,136,136,727,76.8,50.0,50.0,62.8,B,selected,기본적인 케어 역량을 갖추고 있습니다.,,,2025-11-10
825,136,136,519,87.4,75.0,75.0,78.9,B+,completed,성격 궁합이 양호하며 적응이 빠를 것으로 예상됩니다.,2025-04-27,2025-07-16,2025-05-22
826,136,136,414,82.8,25.0,75.0,56.7,C,cancelled,추가 교육이나 지원이 필요할 수 있습니다.,,,2024-12-13
827,137,137,248,78.9,33.3,20.0,45.4,C,recommended,다른 후보도 함께 검토해 보시기 바랍니다.,,,2025-01-30
828,137,137,382,61.8,33.3,75.0,54.2,C,recommended,다른 후보도 함께 검토해 보시기 바랍니다.,,,2025-09-04
829,137,137,501,83.3,33.3,75.0,64.6,B,completed,일부 조건에서 조율이 필요할 수 있습니다.,2025-06-18,2025-08-10,2025-11-12
830,137,137,609,81.5,66.7,75.0,77.5,B+,active,주요 질환에 대한 케어 경험이 있습니다.,2025-07-11,,2024-12-30
831,138,138,694,85.8,50.0,100.0,75.2,B+,recommended,전반적으로 좋은 매칭입니다.,,,2025-11-22
832,138,138,212,72.4,25.0,75.0,53.8,C,recommended,추가 교육이나 지원이 필요할 수 있습니다.,,,2024-12-30
833,138,138,276,68.3,25.0,50.0,43.2,C,recommended,추가 교육이나 지원이 필요할 수 있습니다.,,,2025-08-04
834,138,138,668,80.0,0.0,20.0,30.5,C,recommended,다른 후보도 함께 검토해 보시기 바랍니다.,,,2024-11-27
835,138,138,420,73.3,0.0,75.0,49.1,C,recommended,일부 조건 불일치가 있어 확인이 필요합니다.,,,2025-07-09
836,139,139,917,72.5,25.0,75.0,53.8,C,recommended,일부 조건 불일치가 있어 확인이 필요합니다.,,,2025-03-05
837,139,139,386,75.5,25.0,75.0,58.4,C,cancelled,다른 후보도 함께 검토해 보시기 바랍니다.,,,2025-01-31
838,139,139,873,83.5,25.0,20.0,40.2,C,recommended,일부 조건 불일치가 있어 확인이 필요합니다.,,,2024-12-22
839,139,139,358,81.9,50.0,75.0,72.1,B+,active,전반적으로 좋은 매칭입니다.,2025-04-20,,2024-12-30
840,139,139,471,78.8,25.0,50.0,51.0,C,active,다른 후보도 함께 검토해 보시기 바랍니다.,2025-06-06,,2024-12-11
841,139,139,259,77.3,25.0,75.0,51.9,C,recommended,추가 교육이나 지원이 필요할 수 있습니다.,,,2025-06-07
842,139,139,224,68.4,50.0,20.0,53.8,C,active,다른 후보도 함께 검토해 보시기 바랍니다.,2024-12-05,,2025-07-08
843,140,140,672,80.8,33.3,50.0,51.0,C,recommended,일부 조건 불일치가 있어 확인이 필요합니다.,,,2024-10-31
844,140,140,729,87.0,66.7,75.0,73.3,B+,cancelled,주요 질환에 대한 케어 경험이 있습니다.,,,2025-01-23
845,140,140,976,84.5,33.3,75.0,60.7,B,recommended,일부 조건에서 조율이 필요할 수 있습니다.,,,2024-12-13
846,140,140,914,88.6,0.0,75.0,46.2,C,recommended,추가 교육이나 지원이 필요할 수 있습니다.,,,2024-12-26
847,140,140,668,86.0,33.3,20.0,48.4,C,recommended,다른 후보도 함께 검토해 보시기 바랍니다.,,,2025-07-17
848,140,140,306,95.4,0.0,75.0,56.2,C,cancelled,다른 후보도 함께 검토해 보시기 바랍니다.,,,2025-05-12
849,141,141,598,83.7,25.0,75.0,54.9,C,selected,일부 조건 불일치가 있어 확인이 필요합니다.,,,2024-11-26
850,141,141,726,88.4,25.0,75.0,56.9,C,selected,일부 조건 불일치가 있어 확인이 필요합니다.,,,2025-01-04
851,141,141,586,80.0,50.0,75.0,69.6,B,recommended,적응 기간이 다소 필요할 수 있습니다.,,,2025-05-27
852,141,141,836,82.0,25.0,75.0,57.5,C,completed,추가 교육이나 지원이 필요할 수 있습니다.,2025-08-02,2026-01-21,2025-06-29
853,142,142,743,72.3,0.0,50.0,42.3,C,recommended,다른 후보도 함께 검토해 보시기 바랍니다.,,,2024-12-26
854,142,142,828,79.7,50.0,75.0,62.5,B,completed,적응 기간이 다소 필요할 수 있습니다.,2025-04-30,2025-07-26,2025-06-22
855,142,142,573,64.9,0.0,75.0,40.2,C,recommended,일부 조건 불일치가 있어 확인이 필요합니다.,,,2025-06-29
856,142,142,782,74.0,50.0,75.0,64.3,B,recommended,기본적인 케어 역량을 갖추고 있습니다.,,,2025-03-31
857,142,142,935,86.2,50.0,75.0,64.5,B,recommended,적응 기간이 다소 필요할 수 있습니다.,,,2025-02-01
858,142,142,188,88.7,25.0,50.0,54.3,C,recommended,일부 조건 불일치가 있어 확인이 필요합니다.,,,2025-10-21
859,143,143,911,95.6,0.0,50.0,46.3,C,selected,다른 후보도 함께 검토해 보시기 바랍니다.,,,2025-10-30
860,143,143,200,89.5,33.3,50.0,60.9,B,recommended,기본적인 케어 역량을 갖추고 있습니다.,,,2025-09-17
861,143,143,513,86.8,0.0,50.0,47.8,C,completed,일부 조건 불일치가 있어 확인이 필요합니다.,2025-05-06,2025-09-17,2025-04-06
862,143,143,123,77.7,33.3,50.0,49.8,C,recommended,추가 교육이나 지원이 필요할 수 있습니다.,,,2025-03-22
863,143,143,889,85.2,33.3,50.0,54.0,C,selected,추가 교육이나 지원이 필요할 수 있습니다.,,,2025-06-19
864,143,143,698,87.2,0.0,75.0,50.6,C,recommended,추가 교육이나 지원이 필요할 수 있습니다.,,,2025-04-09
865,143,143,391,90.6,33.3,50.0,55.3,C,recommended,추가 교육이나 지원이 필요할 수 있습니다.,,,2025-02-04
866,144,144,502,90.6,0.0,75.0,46.8,C,selected,다른 후보도 함께 검토해 보시기 바랍니다.,,,2025-01-06
867,144,144,805,88.7,66.7,75.0,75.7,B+,recommended,성격 궁합이 양호하며 적응이 빠를 것으로 예상됩니다.,,,2025-03-27
868,144,144,782,76.4,33.3,75.0,57.6,C,recommended,추가 교육이나 지원이 필요할 수 있습니다.,,,2025-02-26
869,144,144,799,77.2,0.0,75.0,42.8,C,completed,다른 후보도 함께 검토해 보시기 바랍니다.,2025-04-20,2025-05-23,2024-11-04
870,144,144,91,75.7,0.0,75.0,40.4,C,cancelled,추가 교육이나 지원이 필요할 수 있습니다.,,,2025-01-10
871,145,145,232,75.9,25.0,75.0,51.6,C,recommended,다른 후보도 함께 검토해 보시기 바랍니다.,,,2025-03-14
872,145,145,711,80.5,25.0,75.0,57.8,C,recommended,추가 교육이나 지원이 필요할 수 있습니다.,,,2025-10-24
873,145,145,899,68.4,25.0,75.0,55.9,C,active,다른 후보도 함께 검토해 보시기 바랍니다.,2025-05-29,,2025-04-07
874,145,145,353,84.7,50.0,50.0,64.4,B,selected,적응 기간이 다소 필요할 수 있습니다.,,,2025-03-03
875,145,145,320,83.7,25.0,75.0,56.4,C,recommended,일부 조건 불일치가 있어 확인이 필요합니다.,,,2025-09-19
876,146,146,924,78.0,50.0,75.0,70.5,B+,recommended,성격 궁합이 양호하며 적응이 빠를 것으로 예상됩니다.,,,2025-11-17
877,146,146,502,73.9,75.0,75.0,71.9,B+,completed,전반적으로 좋은 매칭입니다.,2025-08-22,2025-11-14,2025-11-15
878,146,146,368,77.3,25.0,75.0,52.0,C,active,추가 교육이나 지원이 필요할 수 있습니다.,2024-11-29,,2025-05-18
879,146,146,769,63.1,25.0,75.0,54.6,C,recommended,다른 후보도 함께 검토해 보시기 바랍니다.,,,2024-10-28
880,146,146,193,75.3,50.0,75.0,65.4,B,recommended,기본적인 케어 역량을 갖추고 있습니다.,,,2025-01-26
881,146,146,169,76.6,75.0,75.0,80.5,A,recommended,안정적인 케어 서비스 제공이 예상됩니다.,,,2025-10-02
882,147,147,50,78.5,25.0,75.0,55.7,C,active,일부 조건 불일치가 있어 확인이 필요합니다.,2025-08-26,,2025-07-20
883,147,147,707,74.8,25.0,75.0,54.7,C,recommended,추가 교육이나 지원이 필요할 수 있습니다.,,,2025-08-13
884,147,147,119,67.0,50.0,75.0,64.2,B,recommended,적응 기간이 다소 필요할 수 있습니다.,,,2025-11-22
885,147,147,427,84.7,50.0,75.0,66.4,B,completed,일부 조건에서 조율이 필요할 수 있습니다.,2025-09-07,2026-02-17,2025-01-12
886,148,148,851,89.1,25.0,75.0,57.7,C,recommended,추가 교육이나 지원이 필요할 수 있습니다.,,,2025-03-17
887,148,148,921,85.0,0.0,75.0,45.5,C,active,다른 후보도 함께 검토해 보시기 바랍니다.,2025-07-18,,2025-03-04
888,148,148,108,79.1,50.0,75.0,71.2,B+,recommended,성격 궁합이 양호하며 적응이 빠를 것으로 예상됩니다.,,,2024-12-01
889,148,148,524,83.2,50.0,75.0,67.0,B,recommended,기본적인 케어 역량을 갖추고 있습니다.,,,2025-11-06
890,148,148,737,80.7,0.0,50.0,41.2,C,recommended,추가 교육이나 지원이 필요할 수 있습니다.,,,2024-12-09
891,148,148,633,76.8,25.0,75.0,60.0,C,completed,추가 교육이나 지원이 필요할 수 있습니다.,2025-05-12,2025-08-10,2025-11-20
892,148,148,121,91.0,25.0,50.0,57.7,C,completed,추가 교육이나 지원이 필요할 수 있습니다.,2025-02-18,2025-04-27,2024-10-23
893,149,149,927,74.5,66.7,50.0,64.8,B,completed,일부 조건에서 조율이 필요할 수 있습니다.,2025-05-30,2025-09-04,2025-11-01
894,149,149,263,64.0,33.3,75.0,58.2,C,recommended,다른 후보도 함께 검토해 보시기 바랍니다.,,,2025-05-26
895,149,149,660,71.1,66.7,75.0,73.3,B+,completed,전반적으로 좋은 매칭입니다.,2025-05-21,2025-10-07,2025-09-28
896,149,149,237,68.1,0.0,75.0,37.7,C,recommended,추가 교육이나 지원이 필요할 수 있습니다.,,,2024-12-22
897,150,150,337,84.3,25.0,75.0,59.5,C,recommended,일부 조건 불일치가 있어 확인이 필요합니다.,,,2025-10-10
898,150,150,367,81.9,50.0,50.0,59.9,C,completed,추가 교육이나 지원이 필요할 수 있습니다.,2025-05-06,2025-07-21,2025-05-05
899,150,150,916,91.9,50.0,50.0,62.4,B,recommended,일부 조건에서 조율이 필요할 수 있습니다.,,,2024-12-08
900,150,150,449,84.2,25.0,50.0,55.5,C,recommended,다른 후보도 함께 검토해 보시기 바랍니다.,,,2024-12-29
901,150,150,979,81.7,50.0,75.0,71.2,B+,recommended,주요 질환에 대한 케어 경험이 있습니다.,,,2025-09-30
902,151,151,713,79.0,25.0,50.0,46.8,C,recommended,다른 후보도 함께 검토해 보시기 바랍니다.,,,2025-01-28
903,151,151,744,71.0,50.0,50.0,57.2,C,recommended,일부 조건 불일치가 있어 확인이 필요합니다.,,,2024-12-14
904,151,151,61,80.3,0.0,50.0,40.0,C,selected,일부 조건 불일치가 있어 확인이 필요합니다.,,,2025-05-16
905,151,151,966,76.0,25.0,50.0,51.9,C,recommended,일부 조건 불일치가 있어 확인이 필요합니다.,,,2025-11-12
906,151,151,865,65.1,25.0,75.0,55.2,C,completed,다른 후보도 함께 검토해 보시기 바랍니다.,2025-08-23,2026-01-23,2025-09-30
907,152,152,65,80.8,25.0,75.0,52.2,C,completed,일부 조건 불일치가 있어 확인이 필요합니다.,2025-02-02,2025-07-29,2025-02-10
908,152,152,268,89.5,0.0,75.0,53.8,C,recommended,일부 조건 불일치가 있어 확인이 필요합니다.,,,2025-03-04
909,152,152,671,86.2,75.0,75.0,80.8,A,selected,안정적인 케어 서비스 제공이 예상됩니다.,,,2025-10-09
910,152,152,322,92.2,0.0,75.0,50.4,C,recommended,일부 조건 불일치가 있어 확인이 필요합니다.,,,2025-07-22
911,153,153,355,80.1,66.7,75.0,76.7,B+,completed,주요 질환에 대한 케어 경험이 있습니다.,2024-12-19,2025-01-31,2025-01-01
912,153,153,680,82.2,0.0,75.0,51.0,C,recommended,다른 후보도 함께 검토해 보시기 바랍니다.,,,2025-09-03
913,153,153,693,86.5,33.3,75.0,58.1,C,active,다른 후보도 함께 검토해 보시기 바랍니다.,2025-02-19,,2025-07-26
914,153,153,657,76.6,0.0,75.0,43.9,C,recommended,다른 후보도 함께 검토해 보시기 바랍니다.,,,2025-11-01
915,153,153,395,81.1,66.7,20.0,60.1,B,active,적응 기간이 다소 필요할 수 있습니다.,2025-01-20,,2025-05-17
916,153,153,153,80.5,33.3,75.0,59.3,C,recommended,추가 교육이나 지원이 필요할 수 있습니다.,,,2025-10-17
917,153,153,860,73.5,33.3,75.0,57.4,C,recommended,일부 조건 불일치가 있어 확인이 필요합니다.,,,2025-04-11
918,154,154,878,82.5,0.0,75.0,43.8,C,cancelled,다른 후보도 함께 검토해 보시기 바랍니다.,,,2024-11-10
919,154,154,511,78.1,100.0,75.0,87.6,A,completed,성격 궁합이 좋아 원활한 소통이 기대됩니다.,2025-09-06,2026-01-17,2025-11-08
920,154,154,458,74.2,33.3,75.0,61.3,B,recommended,적응 기간이 다소 필요할 수 있습니다.,,,2025-01-14
921,154,154,324,75.9,100.0,75.0,86.7,A,completed,전문분야 일치도가 높고 케어 경험이 풍부합니다.,2025-02-10,2025-08-02,2024-12-26
922,155,155,846,78.8,25.0,75.0,54.7,C,recommended,일부 조건 불일치가 있어 확인이 필요합니다.,,,2025-01-23
923,155,155,56,70.1,25.0,75.0,53.0,C,completed,추가 교육이나 지원이 필요할 수 있습니다.,2025-04-25,2025-09-17,2025-10-08
924,155,155,837,85.6,0.0,50.0,37.5,C,completed,일부 조건 불일치가 있어 확인이 필요합니다.,2025-04-30,2025-08-12,2025-03-04
925,155,155,229,87.1,50.0,75.0,64.7,B,selected,기본적인 케어 역량을 갖추고 있습니다.,,,2025-03-19
926,155,155,865,81.3,50.0,50.0,57.4,C,recommended,일부 조건 불일치가 있어 확인이 필요합니다.,,,2024-11-11
927,155,155,466,81.5,25.0,75.0,59.5,C,recommended,추가 교육이나 지원이 필요할 수 있습니다.,,,2025-07-19
928,156,156,201,84.4,33.3,75.0,64.9,B,active,적응 기간이 다소 필요할 수 있습니다.,2025-07-23,,2025-06-06
929,156,156,193,80.2,66.7,75.0,69.6,B,completed,적응 기간이 다소 필요할 수 있습니다.,2025-03-30,2025-05-10,2024-12-17
930,156,156,124,76.7,0.0,50.0,38.9,C,recommended,일부 조건 불일치가 있어 확인이 필요합니다.,,,2025-03-13
931,156,156,953,77.2,33.3,75.0,55.4,C,recommended,다른 후보도 함께 검토해 보시기 바랍니다.,,,2025-11-24
932,156,156,873,86.4,0.0,20.0,35.6,C,completed,다른 후보도 함께 검토해 보시기 바랍니다.,2025-10-04,2026-03-24,2025-01-31
933,156,156,403,92.2,33.3,75.0,67.2,B,cancelled,기본적인 케어 역량을 갖추고 있습니다.,,,2024-12-07
934,156,156,221,74.0,66.7,75.0,72.1,B+,active,주요 질환에 대한 케어 경험이 있습니다.,2025-08-24,,2025-05-12
935,156,156,469,73.3,66.7,50.0,66.4,B,recommended,적응 기간이 다소 필요할 수 있습니다.,,,2025-06-15
936,157,157,903,80.2,33.3,100.0,64.1,B,recommended,일부 조건에서 조율이 필요할 수 있습니다.,,,2025-06-29
937,157,157,394,92.0,0.0,75.0,50.5,C,recommended,추가 교육이나 지원이 필요할 수 있습니다.,,,2025-09-17
938,157,157,429,73.3,33.3,75.0,56.9,C,cancelled,일부 조건 불일치가 있어 확인이 필요합니다.,,,2024-11-08
939,157,157,624,72.5,66.7,75.0,70.9,B+,recommended,전반적으로 좋은 매칭입니다.,,,2025-02-19
940,157,157,938,85.8,33.3,50.0,59.5,C,selected,일부 조건 불일치가 있어 확인이 필요합니다.,,,2024-11-14
941,157,157,710,70.4,0.0,75.0,47.7,C,recommended,일부 조건 불일치가 있어 확인이 필요합니다.,,,2025-08-07
942,157,157,781,84.9,66.7,50.0,65.9,B,active,적응 기간이 다소 필요할 수 있습니다.,2024-12-13,,2025-07-01
943,157,157,255,82.2,66.7,50.0,69.8,B,completed,적응 기간이 다소 필요할 수 있습니다.,2025-08-22,2025-11-05,2025-02-22
944,158,158,780,67.4,75.0,20.0,59.4,C,completed,다른 후보도 함께 검토해 보시기 바랍니다.,2025-03-29,2025-09-11,2025-04-24
945,158,158,361,78.5,0.0,20.0,28.6,C,recommended,다른 후보도 함께 검토해 보시기 바랍니다.,,,2025-09-13
946,158,158,576,82.8,50.0,50.0,57.0,C,recommended,추가 교육이나 지원이 필요할 수 있습니다.,,,2025-08-16
947,158,158,492,78.5,0.0,75.0,43.9,C,recommended,추가 교육이나 지원이 필요할 수 있습니다.,,,2025-07-03
948,159,159,150,69.7,50.0,75.0,60.2,B,completed,일부 조건에서 조율이 필요할 수 있습니다.,2025-01-24,2025-03-03,2025-04-09
949,159,159,860,77.7,25.0,75.0,58.3,C,completed,다른 후보도 함께 검토해 보시기 바랍니다.,2025-07-06,2025-12-26,2025-07-28
950,159,159,64,84.1,50.0,75.0,66.1,B,active,일부 조건에서 조율이 필요할 수 있습니다.,2025-10-04,,2025-05-12
951,159,159,708,85.9,25.0,50.0,51.7,C,selected,일부 조건 불일치가 있어 확인이 필요합니다.,,,2025-06-19
952,159,159,804,71.6,25.0,100.0,64.7,B,completed,적응 기간이 다소 필요할 수 있습니다.,2025-10-01,2025-11-03,2025-07-21
953,159,159,303,81.6,0.0,75.0,50.6,C,recommended,일부 조건 불일치가 있어 확인이 필요합니다.,,,2024-12-01
954,160,160,774,71.6,33.3,50.0,53.7,C,cancelled,추가 교육이나 지원이 필요할 수 있습니다.,,,2025-06-29
955,160,160,603,74.0,66.7,50.0,64.6,B,selected,적응 기간이 다소 필요할 수 있습니다.,,,2025-10-19
956,160,160,560,79.9,0.0,75.0,43.6,C,recommended,추가 교육이나 지원이 필요할 수 있습니다.,,,2024-11-15
957,160,160,757,89.6,66.7,50.0,70.7,B+,active,주요 질환에 대한 케어 경험이 있습니다.,2025-04-18,,2025-04-21
958,160,160,618,68.4,33.3,75.0,53.8,C,recommended,다른 후보도 함께 검토해 보시기 바랍니다.,,,2025-09-21
959,160,160,202,79.7,33.3,75.0,56.6,C,recommended,다른 후보도 함께 검토해 보시기 바랍니다.,,,2025-11-24
960,161,161,478,62.5,75.0,50.0,68.7,B,completed,적응 기간이 다소 필요할 수 있습니다.,2024-12-27,2025-02-08,2025-01-15
961,161,161,727,83.0,50.0,100.0,74.0,B+,recommended,전반적으로 좋은 매칭입니다.,,,2025-02-18
962,161,161,960,70.9,0.0,50.0,35.9,C,selected,일부 조건 불일치가 있어 확인이 필요합니다.,,,2025-06-17
963,161,161,159,85.6,25.0,20.0,45.2,C,recommended,추가 교육이나 지원이 필요할 수 있습니다.,,,2025-03-05
964,161,161,41,75.9,25.0,50.0,44.7,C,recommended,일부 조건 불일치가 있어 확인이 필요합니다.,,,2025-09-06
965,161,161,158,68.6,50.0,50.0,55.7,C,recommended,일부 조건 불일치가 있어 확인이 필요합니다.,,,2025-05-04
966,162,162,358,84.2,50.0,75.0,69.9,B,selected,일부 조건에서 조율이 필요할 수 있습니다.,,,2025-05-26
967,162,162,227,83.3,75.0,75.0,75.8,B+,completed,성격 궁합이 양호하며 적응이 빠를 것으로 예상됩니다.,2024-12-16,2025-05-30,2025-02-12
968,162,162,905,78.0,25.0,75.0,51.1,C,recommended,일부 조건 불일치가 있어 확인이 필요합니다.,,,2025-06-02
969,162,162,219,80.1,25.0,50.0,50.0,C,selected,일부 조건 불일치가 있어 확인이 필요합니다.,,,2025-01-16
970,163,163,250,88.0,33.3,75.0,65.9,B,selected,기본적인 케어 역량을 갖추고 있습니다.,,,2025-05-13
971,163,163,982,80.5,33.3,75.0,57.8,C,active,추가 교육이나 지원이 필요할 수 있습니다.,2025-06-06,,2025-03-07
972,163,163,41,75.5,0.0,75.0,48.4,C,cancelled,다른 후보도 함께 검토해 보시기 바랍니다.,,,2025-03-08
973,163,163,699,75.1,0.0,75.0,48.0,C,completed,추가 교육이나 지원이 필요할 수 있습니다.,2025-03-14,2025-08-15,2025-06-28
974,163,163,907,80.7,33.3,50.0,52.3,C,recommended,추가 교육이나 지원이 필요할 수 있습니다.,,,2025-10-08
975,163,163,329,78.0,33.3,75.0,56.1,C,recommended,일부 조건 불일치가 있어 확인이 필요합니다.,,,2025-02-26
976,163,163,391,84.3,0.0,75.0,43.3,C,recommended,추가 교육이나 지원이 필요할 수 있습니다.,,,2025-08-11
977,163,163,938,80.7,0.0,50.0,42.4,C,selected,추가 교육이나 지원이 필요할 수 있습니다.,,,2024-12-11
978,164,164,856,82.5,0.0,75.0,52.4,C,recommended,다른 후보도 함께 검토해 보시기 바랍니다.,,,2024-12-30
979,164,164,107,75.2,25.0,75.0,58.2,C,recommended,추가 교육이나 지원이 필요할 수 있습니다.,,,2024-11-09
980,164,164,211,81.4,50.0,75.0,69.1,B,active,일부 조건에서 조율이 필요할 수 있습니다.,2025-10-16,,2024-11-24
981,164,164,551,72.9,0.0,50.0,36.3,C,recommended,추가 교육이나 지원이 필요할 수 있습니다.,,,2025-10-20
982,164,164,849,75.8,25.0,50.0,44.6,C,completed,추가 교육이나 지원이 필요할 수 있습니다.,2025-06-22,2025-12-11,2025-02-05
983,164,164,720,85.4,0.0,75.0,47.7,C,recommended,다른 후보도 함께 검토해 보시기 바랍니다.,,,2025-01-08
984,164,164,900,83.9,25.0,100.0,63.4,B,recommended,일부 조건에서 조율이 필요할 수 있습니다.,,,2025-11-18
985,165,165,690,79.7,66.7,75.0,68.9,B,completed,적응 기간이 다소 필요할 수 있습니다.,2025-01-02,2025-02-12,2025-10-20
986,165,165,122,90.2,0.0,75.0,46.4,C,recommended,일부 조건 불일치가 있어 확인이 필요합니다.,,,2025-06-25
987,165,165,548,76.6,0.0,75.0,46.6,C,active,다른 후보도 함께 검토해 보시기 바랍니다.,2025-06-06,,2025-05-15
988,165,165,7,80.1,33.3,75.0,59.1,C,recommended,일부 조건 불일치가 있어 확인이 필요합니다.,,,2025-11-11
989,165,165,657,82.1,0.0,75.0,47.2,C,recommended,일부 조건 불일치가 있어 확인이 필요합니다.,,,2025-08-06
990,165,165,738,82.4,33.3,20.0,43.5,C,completed,다른 후보도 함께 검토해 보시기 바랍니다.,2025-04-11,2025-09-27,2025-01-06
991,165,165,634,83.7,33.3,75.0,65.2,B,completed,기본적인 케어 역량을 갖추고 있습니다.,2024-12-01,2025-04-05,2025-02-16
992,166,166,43,90.6,50.0,75.0,69.4,B,completed,일부 조건에서 조율이 필요할 수 있습니다.,2025-01-21,2025-03-13,2025-08-11
993,166,166,6,82.5,0.0,50.0,39.8,C,recommended,다른 후보도 함께 검토해 보시기 바랍니다.,,,2024-12-31
994,166,166,587,76.0,0.0,50.0,42.6,C,selected,추가 교육이나 지원이 필요할 수 있습니다.,,,2025-09-05
995,166,166,611,75.6,25.0,75.0,52.1,C,recommended,일부 조건 불일치가 있어 확인이 필요합니다.,,,2025-07-20
996,167,167,118,89.9,25.0,75.0,63.7,B,recommended,적응 기간이 다소 필요할 수 있습니다.,,,2025-04-04
997,167,167,186,74.2,25.0,75.0,56.2,C,cancelled,추가 교육이나 지원이 필요할 수 있습니다.,,,2025-07-01
998,167,167,688,68.5,25.0,75.0,54.4,C,recommended,다른 후보도 함께 검토해 보시기 바랍니다.,,,2025-10-07
999,167,167,819,75.1,25.0,75.0,52.0,C,cancelled,일부 조건 불일치가 있어 확인이 필요합니다.,,,2025-03-22
1000,167,167,581,70.7,25.0,75.0,58.0,C,recommended,다른 후보도 함께 검토해 보시기 바랍니다.,,,2025-09-22
1001,168,168,103,91.3,50.0,50.0,61.4,B,recommended,일부 조건에서 조율이 필요할 수 있습니다.,,,2025-04-10
1002,168,168,292,72.6,0.0,50.0,36.2,C,selected,일부 조건 불일치가 있어 확인이 필요합니다.,,,2025-06-23
1003,168,168,635,77.7,25.0,50.0,51.6,C,completed,일부 조건 불일치가 있어 확인이 필요합니다.,2025-08-11,2026-02-01,2025-05-24
1004,168,168,72,79.5,50.0,50.0,57.0,C,completed,추가 교육이나 지원이 필요할 수 있습니다.,2025-05-21,2025-08-22,2024-11-27
1005,168,168,922,82.7,75.0,50.0,69.2,B,completed,적응 기간이 다소 필요할 수 있습니다.,2025-04-27,2025-06-30,2024-11-16
1006,169,169,457,78.5,50.0,75.0,63.0,B,completed,일부 조건에서 조율이 필요할 수 있습니다.,2024-12-22,2025-02-10,2025-09-16
1007,169,169,368,74.8,25.0,75.0,52.6,C,active,추가 교육이나 지원이 필요할 수 있습니다.,2024-12-12,,2024-11-19
1008,169,169,794,80.3,25.0,75.0,52.6,C,completed,일부 조건 불일치가 있어 확인이 필요합니다.,2025-10-19,2026-03-27,2025-11-11
1009,169,169,313,80.0,50.0,100.0,72.1,B+,recommended,전반적으로 좋은 매칭입니다.,,,2025-08-10
1010,169,169,499,69.9,25.0,50.0,51.0,C,recommended,일부 조건 불일치가 있어 확인이 필요합니다.,,,2025-07-16
1011,169,169,565,81.4,0.0,75.0,47.7,C,recommended,일부 조건 불일치가 있어 확인이 필요합니다.,,,2025-03-30
1012,169,169,112,75.7,25.0,75.0,56.8,C,cancelled,추가 교육이나 지원이 필요할 수 있습니다.,,,2025-05-23
1013,170,170,229,86.8,25.0,100.0,61.7,B,completed,기본적인 케어 역량을 갖추고 있습니다.,2025-02-14,2025-07-24,2025-05-07
1014,170,170,913,89.8,50.0,75.0,71.8,B+,recommended,전반적으로 좋은 매칭입니다.,,,2024-12-11
1015,170,170,791,90.6,25.0,75.0,57.1,C,completed,다른 후보도 함께 검토해 보시기 바랍니다.,2025-02-07,2025-04-13,2025-09-06
1016,170,170,604,89.6,50.0,75.0,71.7,B+,completed,성격 궁합이 양호하며 적응이 빠를 것으로 예상됩니다.,2025-08-15,2026-01-15,2025-11-06
1017,170,170,751,78.4,25.0,100.0,59.8,C,recommended,다른 후보도 함께 검토해 보시기 바랍니다.,,,2025-05-21
1018,170,170,878,90.4,0.0,75.0,47.7,C,selected,일부 조건 불일치가 있어 확인이 필요합니다.,,,2025-08-13
1019,170,170,298,85.1,50.0,50.0,62.5,B,completed,일부 조건에서 조율이 필요할 수 있습니다.,2025-04-27,2025-09-03,2025-04-08
1020,171,171,106,63.5,0.0,75.0,38.7,C,recommended,일부 조건 불일치가 있어 확인이 필요합니다.,,,2025-07-15
1021,171,171,721,65.6,25.0,75.0,52.5,C,active,추가 교육이나 지원이 필요할 수 있습니다.,2025-01-10,,2025-05-18
1022,171,171,992,77.0,100.0,75.0,87.2,A,selected,성격 궁합이 좋아 원활한 소통이 기대됩니다.,,,2025-01-30
1023,171,171,534,79.2,50.0,75.0,68.0,B,completed,일부 조건에서 조율이 필요할 수 있습니다.,2025-09-19,2026-02-28,2025-05-18
1024,171,171,649,79.4,0.0,75.0,46.7,C,cancelled,다른 후보도 함께 검토해 보시기 바랍니다.,,,2025-06-03
1025,171,171,850,66.6,0.0,100.0,48.2,C,cancelled,다른 후보도 함께 검토해 보시기 바랍니다.,,,2025-01-21
1026,172,172,514,79.0,50.0,50.0,56.8,C,recommended,추가 교육이나 지원이 필요할 수 있습니다.,,,2025-03-08
1027,172,172,904,85.9,0.0,75.0,50.2,C,completed,추가 교육이나 지원이 필요할 수 있습니다.,2025-07-12,2025-09-18,2025-09-07
1028,172,172,143,73.8,50.0,75.0,67.8,B,completed,일부 조건에서 조율이 필요할 수 있습니다.,2025-07-03,2025-11-16,2024-11-23
1029,172,172,451,83.7,25.0,75.0,57.8,C,recommended,추가 교육이나 지원이 필요할 수 있습니다.,,,2025-01-28
1030,173,173,663,75.0,0.0,75.0,40.4,C,completed,추가 교육이나 지원이 필요할 수 있습니다.,2025-01-08,2025-03-20,2025-01-08
1031,173,173,854,75.8,50.0,50.0,55.5,C,recommended,추가 교육이나 지원이 필요할 수 있습니다.,,,2025-07-17
1032,173,173,421,79.4,50.0,75.0,70.8,B+,active,성격 궁합이 양호하며 적응이 빠를 것으로 예상됩니다.,2025-02-06,,2025-01-24
1033,173,173,23,76.2,50.0,75.0,70.1,B+,recommended,전반적으로 좋은 매칭입니다.,,,2025-11-17
1034,173,173,250,70.2,0.0,100.0,53.4,C,recommended,일부 조건 불일치가 있어 확인이 필요합니다.,,,2024-12-23
1035,174,174,970,81.1,25.0,75.0,60.8,B,recommended,기본적인 케어 역량을 갖추고 있습니다.,,,2025-08-06
1036,174,174,88,78.0,50.0,75.0,69.3,B,completed,적응 기간이 다소 필요할 수 있습니다.,2024-12-25,2025-03-01,2024-10-30
1037,174,174,222,84.1,50.0,75.0,68.3,B,recommended,기본적인 케어 역량을 갖추고 있습니다.,,,2024-11-21
1038,174,174,460,83.7,50.0,50.0,63.7,B,completed,기본적인 케어 역량을 갖추고 있습니다.,2025-03-10,2025-04-26,2025-05-17
1039,174,174,622,83.1,50.0,100.0,69.2,B,recommended,적응 기간이 다소 필요할 수 있습니다.,,,2025-03-13
1040,174,174,483,73.2,50.0,75.0,66.2,B,recommended,기본적인 케어 역량을 갖추고 있습니다.,,,2025-01-20
1041,175,175,182,81.2,66.7,50.0,68.6,B,active,적응 기간이 다소 필요할 수 있습니다.,2025-01-29,,2024-11-06
1042,175,175,488,65.8,33.3,50.0,45.1,C,completed,일부 조건 불일치가 있어 확인이 필요합니다.,2025-02-24,2025-04-28,2025-02-23
1043,175,175,924,74.0,33.3,75.0,59.5,C,recommended,일부 조건 불일치가 있어 확인이 필요합니다.,,,2025-04-25
1044,175,175,630,92.9,33.3,75.0,63.3,B,completed,일부 조건에서 조율이 필요할 수 있습니다.,2025-10-06,2026-03-20,2025-08-01
1045,176,176,359,83.4,25.0,20.0,46.1,C,completed,추가 교육이나 지원이 필요할 수 있습니다.,2025-09-08,2026-01-24,2025-07-19
1046,176,176,604,86.6,50.0,75.0,73.2,B+,active,성격 궁합이 양호하며 적응이 빠를 것으로 예상됩니다.,2025-09-16,,2025-01-24
1047,176,176,824,78.2,25.0,75.0,59.9,C,recommended,다른 후보도 함께 검토해 보시기 바랍니다.,,,2025-07-18
1048,176,176,760,85.1,0.0,100.0,51.7,C,recommended,일부 조건 불일치가 있어 확인이 필요합니다.,,,2024-11-11
1049,176,176,930,68.4,25.0,75.0,55.6,C,completed,추가 교육이나 지원이 필요할 수 있습니다.,2025-01-06,2025-06-18,2025-03-05
1050,176,176,780,80.7,75.0,20.0,60.3,B,recommended,일부 조건에서 조율이 필요할 수 있습니다.,,,2025-05-01
1051,176,176,858,74.3,0.0,100.0,49.6,C,completed,일부 조건 불일치가 있어 확인이 필요합니다.,2025-08-10,2025-12-27,2025-01-31
1052,177,177,579,80.6,50.0,75.0,64.0,B,active,적응 기간이 다소 필요할 수 있습니다.,2025-01-19,,2025-03-24
1053,177,177,375,67.2,25.0,75.0,49.1,C,cancelled,일부 조건 불일치가 있어 확인이 필요합니다.,,,2025-02-15
1054,177,177,627,70.7,75.0,75.0,73.3,B+,completed,성격 궁합이 양호하며 적응이 빠를 것으로 예상됩니다.,2025-05-24,2025-11-17,2024-10-26
1055,177,177,283,83.8,25.0,75.0,54.5,C,cancelled,일부 조건 불일치가 있어 확인이 필요합니다.,,,2025-09-27
1056,177,177,697,95.4,0.0,100.0,60.9,B,selected,일부 조건에서 조율이 필요할 수 있습니다.,,,2024-12-03
1057,177,177,407,71.8,25.0,50.0,52.1,C,completed,일부 조건 불일치가 있어 확인이 필요합니다.,2025-09-07,2025-11-30,2025-05-05
1058,177,177,774,83.3,25.0,50.0,52.8,C,recommended,일부 조건 불일치가 있어 확인이 필요합니다.,,,2024-11-30
1059,178,178,165,69.3,100.0,20.0,64.3,B,selected,기본적인 케어 역량을 갖추고 있습니다.,,,2025-09-13
1060,178,178,399,80.5,0.0,75.0,46.7,C,active,다른 후보도 함께 검토해 보시기 바랍니다.,2024-12-25,,2025-10-12
1061,178,178,988,74.3,100.0,75.0,80.4,A,completed,전문분야 일치도가 높고 케어 경험이 풍부합니다.,2025-07-07,2025-11-08,2025-01-19
1062,178,178,652,72.2,66.7,100.0,81.3,A,cancelled,성격 궁합이 좋아 원활한 소통이 기대됩니다.,,,2025-01-16
1063,179,179,294,78.4,25.0,75.0,52.9,C,completed,추가 교육이나 지원이 필요할 수 있습니다.,2025-02-17,2025-07-09,2025-08-15
1064,179,179,729,57.0,25.0,75.0,46.6,C,recommended,추가 교육이나 지원이 필요할 수 있습니다.,,,2025-01-24
1065,179,179,987,64.3,25.0,75.0,51.4,C,recommended,일부 조건 불일치가 있어 확인이 필요합니다.,,,2025-07-31
1066,179,179,612,69.4,50.0,75.0,64.2,B,completed,기본적인 케어 역량을 갖추고 있습니다.,2025-10-10,2026-02-09,2024-12-26
1067,179,179,59,65.5,0.0,75.0,37.5,C,recommended,다른 후보도 함께 검토해 보시기 바랍니다.,,,2024-10-23
1068,179,179,969,71.2,25.0,75.0,52.7,C,recommended,일부 조건 불일치가 있어 확인이 필요합니다.,,,2025-05-08
1069,179,179,793,74.5,50.0,50.0,57.6,C,recommended,추가 교육이나 지원이 필요할 수 있습니다.,,,2025-03-06
1070,179,179,840,81.4,25.0,75.0,52.4,C,recommended,일부 조건 불일치가 있어 확인이 필요합니다.,,,2025-10-22
1071,180,180,563,85.8,0.0,50.0,43.1,C,recommended,일부 조건 불일치가 있어 확인이 필요합니다.,,,2025-06-01
1072,180,180,292,84.4,0.0,50.0,40.5,C,recommended,다른 후보도 함께 검토해 보시기 바랍니다.,,,2025-08-03
1073,180,180,744,78.1,50.0,50.0,60.9,B,recommended,기본적인 케어 역량을 갖추고 있습니다.,,,2025-04-08
1074,180,180,850,81.1,50.0,50.0,65.2,B,recommended,적응 기간이 다소 필요할 수 있습니다.,,,2025-11-24
1075,181,181,180,88.6,33.3,75.0,63.1,B,cancelled,일부 조건에서 조율이 필요할 수 있습니다.,,,2025-09-28
1076,181,181,417,85.1,66.7,75.0,78.2,B+,active,전반적으로 좋은 매칭입니다.,2025-06-19,,2025-02-05
1077,181,181,519,88.9,33.3,75.0,60.7,B,selected,일부 조건에서 조율이 필요할 수 있습니다.,,,2025-05-17
1078,181,181,110,79.8,0.0,75.0,47.3,C,active,다른 후보도 함께 검토해 보시기 바랍니다.,2025-06-26,,2024-10-25
1079,181,181,573,75.4,33.3,75.0,58.1,C,recommended,다른 후보도 함께 검토해 보시기 바랍니다.,,,2025-01-30
1080,181,181,75,76.2,33.3,75.0,62.4,B,completed,일부 조건에서 조율이 필요할 수 있습니다.,2025-02-24,2025-04-24,2025-10-23
1081,182,182,820,69.4,0.0,75.0,43.2,C,completed,추가 교육이나 지원이 필요할 수 있습니다.,2025-10-24,2026-01-29,2025-07-02
1082,182,182,324,75.9,66.7,75.0,74.5,B+,recommended,성격 궁합이 양호하며 적응이 빠를 것으로 예상됩니다.,,,2025-10-19
1083,182,182,423,74.4,33.3,75.0,58.7,C,recommended,추가 교육이나 지원이 필요할 수 있습니다.,,,2025-03-28
1084,182,182,979,73.0,0.0,75.0,42.4,C,completed,다른 후보도 함께 검토해 보시기 바랍니다.,2025-07-09,2026-01-01,2025-08-25
1085,182,182,362,71.9,33.3,50.0,55.3,C,cancelled,추가 교육이나 지원이 필요할 수 있습니다.,,,2025-03-16
1086,183,183,241,77.9,0.0,75.0,43.1,C,recommended,추가 교육이나 지원이 필요할 수 있습니다.,,,2025-07-22
1087,183,183,754,84.8,66.7,75.0,78.4,B+,completed,주요 질환에 대한 케어 경험이 있습니다.,2025-04-29,2025-07-07,2025-09-26
1088,183,183,248,77.2,33.3,20.0,49.9,C,recommended,다른 후보도 함께 검토해 보시기 바랍니다.,,,2025-01-16
1089,183,183,894,89.2,0.0,75.0,45.0,C,cancelled,일부 조건 불일치가 있어 확인이 필요합니다.,,,2025-11-05
1090,183,183,272,78.5,33.3,75.0,63.0,B,recommended,일부 조건에서 조율이 필요할 수 있습니다.,,,2025-01-13
1091,184,184,505,76.2,33.3,75.0,56.5,C,cancelled,추가 교육이나 지원이 필요할 수 있습니다.,,,2024-10-31
1092,184,184,920,75.9,66.7,75.0,76.1,B+,completed,주요 질환에 대한 케어 경험이 있습니다.,2025-06-07,2025-10-16,2024-11-07
1093,184,184,903,74.5,0.0,75.0,45.1,C,selected,다른 후보도 함께 검토해 보시기 바랍니다.,,,2025-03-27
1094,184,184,919,79.5,33.3,100.0,70.5,B+,active,전반적으로 좋은 매칭입니다.,2025-10-12,,2025-06-02
1095,184,184,589,71.1,33.3,75.0,55.9,C,recommended,일부 조건 불일치가 있어 확인이 필요합니다.,,,2024-10-25
1096,184,184,890,87.5,33.3,75.0,59.4,C,recommended,추가 교육이나 지원이 필요할 수 있습니다.,,,2024-12-04
1097,185,185,472,83.3,25.0,75.0,58.7,C,recommended,다른 후보도 함께 검토해 보시기 바랍니다.,,,2025-05-25
1098,185,185,324,82.3,50.0,75.0,68.7,B,recommended,일부 조건에서 조율이 필요할 수 있습니다.,,,2025-08-23
1099,185,185,706,76.4,25.0,75.0,56.0,C,completed,다른 후보도 함께 검토해 보시기 바랍니다.,2025-06-29,2025-10-05,2025-01-17
1100,185,185,9,84.3,50.0,75.0,68.2,B,selected,기본적인 케어 역량을 갖추고 있습니다.,,,2025-04-26
1101,185,185,13,81.6,50.0,75.0,69.3,B,recommended,일부 조건에서 조율이 필요할 수 있습니다.,,,2025-05-24
1102,185,185,691,84.7,25.0,75.0,61.9,B,cancelled,일부 조건에서 조율이 필요할 수 있습니다.,,,2025-04-10
1103,185,185,216,87.3,75.0,50.0,69.9,B,completed,적응 기간이 다소 필요할 수 있습니다.,2025-08-22,2026-02-15,2025-08-01
1104,185,185,389,93.2,0.0,75.0,49.1,C,cancelled,추가 교육이나 지원이 필요할 수 있습니다.,,,2025-02-15
1105,186,186,877,77.8,0.0,75.0,42.5,C,cancelled,추가 교육이나 지원이 필요할 수 있습니다.,,,2025-08-28
1106,186,186,391,59.0,0.0,75.0,38.6,C,recommended,추가 교육이나 지원이 필요할 수 있습니다.,,,2025-01-08
1107,186,186,201,68.5,0.0,75.0,42.9,C,recommended,일부 조건 불일치가 있어 확인이 필요합니다.,,,2025-06-18
1108,186,186,150,72.0,100.0,75.0,86.8,A,completed,안정적인 케어 서비스 제공이 예상됩니다.,2025-05-28,2025-08-30,2025-02-09
1109,186,186,820,60.1,0.0,75.0,41.7,C,active,추가 교육이나 지원이 필요할 수 있습니다.,2025-09-28,,2025-07-19
1110,186,186,983,71.9,33.3,75.0,57.0,C,recommended,일부 조건 불일치가 있어 확인이 필요합니다.,,,2025-10-08
1111,186,186,757,76.5,33.3,50.0,52.1,C,completed,다른 후보도 함께 검토해 보시기 바랍니다.,2025-05-10,2025-08-14,2025-05-26
1112,187,187,21,88.1,25.0,75.0,64.2,B,recommended,기본적인 케어 역량을 갖추고 있습니다.,,,2025-02-04
1113,187,187,422,83.7,75.0,50.0,72.6,B+,recommended,전반적으로 좋은 매칭입니다.,,,2025-02-24
1114,187,187,125,91.3,25.0,20.0,43.7,C,selected,다른 후보도 함께 검토해 보시기 바랍니다.,,,2025-05-29
1115,187,187,360,82.0,25.0,50.0,49.4,C,selected,일부 조건 불일치가 있어 확인이 필요합니다.,,,2025-03-22
1116,187,187,889,79.5,50.0,50.0,63.1,B,active,기본적인 케어 역량을 갖추고 있습니다.,2025-03-14,,2025-05-15
1117,187,187,696,86.5,25.0,50.0,53.9,C,recommended,다른 후보도 함께 검토해 보시기 바랍니다.,,,2025-01-07
1118,188,188,890,88.4,50.0,50.0,61.8,B,completed,일부 조건에서 조율이 필요할 수 있습니다.,2024-12-09,2025-06-03,2025-10-21
1119,188,188,172,79.0,0.0,50.0,37.4,C,recommended,다른 후보도 함께 검토해 보시기 바랍니다.,,,2024-12-27
1120,188,188,656,84.9,25.0,50.0,50.1,C,recommended,다른 후보도 함께 검토해 보시기 바랍니다.,,,2025-01-21
1121,188,188,828,87.7,25.0,50.0,54.6,C,completed,다른 후보도 함께 검토해 보시기 바랍니다.,2025-06-12,2025-11-02,2024-11-09
1122,188,188,951,80.9,50.0,50.0,60.0,C,cancelled,추가 교육이나 지원이 필요할 수 있습니다.,,,2025-11-15
1123,189,189,746,79.3,0.0,50.0,42.7,C,completed,추가 교육이나 지원이 필요할 수 있습니다.,2025-09-18,2025-12-10,2025-05-07
1124,189,189,241,78.6,0.0,50.0,44.4,C,completed,추가 교육이나 지원이 필요할 수 있습니다.,2025-02-28,2025-08-17,2025-11-13
1125,189,189,678,75.7,0.0,50.0,41.6,C,active,추가 교육이나 지원이 필요할 수 있습니다.,2025-09-16,,2025-07-15
1126,189,189,258,84.6,25.0,20.0,45.8,C,selected,추가 교육이나 지원이 필요할 수 있습니다.,,,2024-12-26
1127,189,189,964,87.4,50.0,50.0,67.4,B,recommended,일부 조건에서 조율이 필요할 수 있습니다.,,,2025-06-21
1128,190,190,254,76.2,0.0,75.0,41.7,C,recommended,일부 조건 불일치가 있어 확인이 필요합니다.,,,2025-08-31
1129,190,190,756,71.2,33.3,50.0,46.0,C,recommended,일부 조건 불일치가 있어 확인이 필요합니다.,,,2025-05-28
1130,190,190,291,71.5,0.0,20.0,33.6,C,recommended,다른 후보도 함께 검토해 보시기 바랍니다.,,,2025-03-28
1131,190,190,454,66.3,33.3,75.0,55.0,C,completed,일부 조건 불일치가 있어 확인이 필요합니다.,2025-01-25,2025-05-04,2025-04-13
1132,190,190,642,79.2,66.7,75.0,73.5,B+,selected,전반적으로 좋은 매칭입니다.,,,2025-01-25
1133,191,191,647,81.1,50.0,75.0,68.5,B,recommended,적응 기간이 다소 필요할 수 있습니다.,,,2025-06-21
1134,191,191,767,80.1,0.0,75.0,50.9,C,recommended,다른 후보도 함께 검토해 보시기 바랍니다.,,,2025-02-23
1135,191,191,652,95.7,50.0,75.0,69.5,B,completed,일부 조건에서 조율이 필요할 수 있습니다.,2025-09-13,2026-02-03,2025-05-23
1136,191,191,899,69.3,25.0,75.0,51.0,C,recommended,추가 교육이나 지원이 필요할 수 있습니다.,,,2025-03-04
1137,191,191,578,71.6,25.0,75.0,57.0,C,completed,다른 후보도 함께 검토해 보시기 바랍니다.,2025-08-20,2025-12-16,2025-03-31
1138,191,191,446,77.2,25.0,50.0,53.7,C,recommended,다른 후보도 함께 검토해 보시기 바랍니다.,,,2025-06-26
1139,191,191,537,81.6,0.0,75.0,42.4,C,recommended,다른 후보도 함께 검토해 보시기 바랍니다.,,,2025-06-30
1140,192,192,237,90.8,0.0,100.0,57.4,C,selected,다른 후보도 함께 검토해 보시기 바랍니다.,,,2025-07-22
1141,192,192,816,79.3,0.0,75.0,43.1,C,completed,다른 후보도 함께 검토해 보시기 바랍니다.,2024-12-02,2025-04-10,2025-08-06
1142,192,192,8,74.1,33.3,50.0,53.0,C,recommended,일부 조건 불일치가 있어 확인이 필요합니다.,,,2024-10-31
1143,192,192,562,89.3,0.0,75.0,53.0,C,active,일부 조건 불일치가 있어 확인이 필요합니다.,2024-12-19,,2024-12-11
1144,192,192,383,71.0,100.0,75.0,81.3,A,completed,성격 궁합이 좋아 원활한 소통이 기대됩니다.,2024-11-30,2025-05-15,2025-04-29
1145,192,192,194,75.6,0.0,75.0,42.0,C,recommended,다른 후보도 함께 검토해 보시기 바랍니다.,,,2025-10-01
1146,192,192,422,70.8,33.3,75.0,58.2,C,completed,다른 후보도 함께 검토해 보시기 바랍니다.,2024-12-16,2025-05-10,2024-12-03
1147,192,192,904,75.0,33.3,75.0,56.5,C,completed,일부 조건 불일치가 있어 확인이 필요합니다.,2025-08-12,2025-09-23,2025-11-15
1148,193,193,276,69.0,25.0,50.0,44.0,C,active,추가 교육이나 지원이 필요할 수 있습니다.,2025-08-12,,2025-03-19
1149,193,193,129,85.7,25.0,50.0,49.7,C,completed,다른 후보도 함께 검토해 보시기 바랍니다.,2025-03-27,2025-07-14,2025-05-20
1150,193,193,733,76.0,50.0,50.0,57.4,C,completed,다른 후보도 함께 검토해 보시기 바랍니다.,2025-08-15,2025-09-28,2024-10-25
1151,193,193,449,85.6,0.0,50.0,42.2,C,completed,다른 후보도 함께 검토해 보시기 바랍니다.,2025-07-22,2025-10-24,2025-11-20
1152,193,193,745,78.5,25.0,75.0,53.7,C,completed,일부 조건 불일치가 있어 확인이 필요합니다.,2025-03-16,2025-06-17,2025-11-09
1153,193,193,9,79.8,25.0,75.0,59.4,C,active,일부 조건 불일치가 있어 확인이 필요합니다.,2025-02-04,,2025-08-12
1154,194,194,399,69.3,25.0,75.0,54.3,C,active,일부 조건 불일치가 있어 확인이 필요합니다.,2025-10-07,,2025-02-18
1155,194,194,698,82.3,25.0,50.0,51.5,C,selected,다른 후보도 함께 검토해 보시기 바랍니다.,,,2025-03-25
1156,194,194,985,81.0,50.0,75.0,68.5,B,completed,기본적인 케어 역량을 갖추고 있습니다.,2025-07-19,2025-11-18,2024-12-20
1157,194,194,320,73.4,25.0,75.0,51.8,C,recommended,다른 후보도 함께 검토해 보시기 바랍니다.,,,2025-06-13
1158,194,194,959,81.8,25.0,100.0,58.8,C,completed,추가 교육이나 지원이 필요할 수 있습니다.,2025-06-09,2025-12-05,2025-05-08
1159,194,194,331,78.3,25.0,75.0,60.9,B,completed,적응 기간이 다소 필요할 수 있습니다.,2025-01-04,2025-06-04,2025-01-25
1160,194,194,163,68.5,0.0,75.0,40.2,C,recommended,다른 후보도 함께 검토해 보시기 바랍니다.,,,2025-10-11
1161,195,195,347,74.3,33.3,75.0,54.6,C,completed,추가 교육이나 지원이 필요할 수 있습니다.,2025-01-27,2025-03-25,2025-03-22
1162,195,195,954,75.3,33.3,75.0,61.3,B,recommended,일부 조건에서 조율이 필요할 수 있습니다.,,,2025-04-16
1163,195,195,993,62.0,33.3,75.0,56.1,C,recommended,추가 교육이나 지원이 필요할 수 있습니다.,,,2024-12-09
1164,195,195,778,66.6,33.3,75.0,54.2,C,completed,추가 교육이나 지원이 필요할 수 있습니다.,2025-08-21,2025-11-23,2025-03-23
1165,195,195,641,81.8,33.3,75.0,58.7,C,recommended,일부 조건 불일치가 있어 확인이 필요합니다.,,,2025-03-21
1166,195,195,62,75.9,33.3,75.0,55.5,C,completed,다른 후보도 함께 검토해 보시기 바랍니다.,2025-07-25,2026-01-10,2025-06-14
1167,195,195,365,69.6,0.0,75.0,46.8,C,completed,추가 교육이나 지원이 필요할 수 있습니다.,2024-12-26,2025-06-15,2025-10-22
1168,195,195,661,65.8,33.3,75.0,53.1,C,selected,다른 후보도 함께 검토해 보시기 바랍니다.,,,2025-02-22
1169,196,196,465,92.5,50.0,75.0,73.4,B+,recommended,주요 질환에 대한 케어 경험이 있습니다.,,,2025-01-13
1170,196,196,1,84.1,0.0,50.0,45.5,C,recommended,일부 조건 불일치가 있어 확인이 필요합니다.,,,2025-07-27
1171,196,196,795,76.7,0.0,50.0,37.6,C,selected,추가 교육이나 지원이 필요할 수 있습니다.,,,2024-12-24
1172,196,196,654,82.8,25.0,75.0,62.4,B,cancelled,일부 조건에서 조율이 필요할 수 있습니다.,,,2025-08-21
1173,196,196,519,86.7,25.0,100.0,65.6,B,completed,기본적인 케어 역량을 갖추고 있습니다.,2025-02-16,2025-08-06,2025-01-17
1174,196,196,389,79.8,25.0,75.0,58.1,C,recommended,추가 교육이나 지원이 필요할 수 있습니다.,,,2025-10-08
1175,197,197,675,92.3,33.3,50.0,53.5,C,active,다른 후보도 함께 검토해 보시기 바랍니다.,2025-09-04,,2025-08-20
1176,197,197,69,87.7,66.7,20.0,58.3,C,selected,일부 조건 불일치가 있어 확인이 필요합니다.,,,2025-01-02
1177,197,197,45,74.8,0.0,75.0,48.3,C,completed,일부 조건 불일치가 있어 확인이 필요합니다.,2025-02-20,2025-08-03,2024-12-02
1178,197,197,856,85.3,33.3,75.0,60.6,B,recommended,적응 기간이 다소 필요할 수 있습니다.,,,2024-11-24
1179,197,197,961,80.6,0.0,75.0,42.7,C,completed,추가 교육이나 지원이 필요할 수 있습니다.,2025-07-14,2025-12-16,2025-04-01
1180,197,197,133,84.5,66.7,100.0,79.9,B+,completed,전반적으로 좋은 매칭입니다.,2025-03-30,2025-08-01,2025-10-28
1181,197,197,183,85.2,0.0,75.0,48.9,C,cancelled,일부 조건 불일치가 있어 확인이 필요합니다.,,,2025-10-21
1182,197,197,895,80.6,33.3,75.0,63.6,B,recommended,기본적인 케어 역량을 갖추고 있습니다.,,,2025-08-08
1183,198,198,100,75.4,75.0,20.0,61.6,B,completed,적응 기간이 다소 필요할 수 있습니다.,2025-06-23,2025-12-15,2025-08-27
1184,198,198,104,84.0,25.0,20.0,43.6,C,cancelled,추가 교육이나 지원이 필요할 수 있습니다.,,,2024-10-30
1185,198,198,743,78.8,25.0,20.0,44.0,C,recommended,다른 후보도 함께 검토해 보시기 바랍니다.,,,2024-12-16
1186,198,198,237,75.8,50.0,20.0,51.1,C,cancelled,일부 조건 불일치가 있어 확인이 필요합니다.,,,2025-04-22
1187,198,198,545,77.5,50.0,20.0,56.0,C,active,추가 교육이나 지원이 필요할 수 있습니다.,2025-08-04,,2025-02-18
1188,198,198,395,82.5,25.0,20.0,42.9,C,recommended,다른 후보도 함께 검토해 보시기 바랍니다.,,,2024-12-25
1189,198,198,195,82.8,50.0,20.0,50.6,C,recommended,일부 조건 불일치가 있어 확인이 필요합니다.,,,2025-04-14
1190,198,198,198,79.9,25.0,20.0,47.3,C,completed,다른 후보도 함께 검토해 보시기 바랍니다.,2025-05-20,2025-11-06,2025-05-20
1191,199,199,846,73.4,25.0,75.0,51.6,C,recommended,일부 조건 불일치가 있어 확인이 필요합니다.,,,2024-11-10
1192,199,199,744,65.6,50.0,75.0,59.2,C,selected,다른 후보도 함께 검토해 보시기 바랍니다.,,,2025-04-11
1193,199,199,332,80.3,25.0,75.0,61.5,B,recommended,기본적인 케어 역량을 갖추고 있습니다.,,,2024-11-20
1194,199,199,624,74.7,50.0,75.0,60.3,B,completed,적응 기간이 다소 필요할 수 있습니다.,2025-06-05,2025-07-09,2025-09-18
1195,199,199,247,69.6,50.0,75.0,58.2,C,recommended,추가 교육이나 지원이 필요할 수 있습니다.,,,2025-08-09
1196,199,199,577,73.6,50.0,75.0,68.1,B,completed,적응 기간이 다소 필요할 수 있습니다.,2025-10-17,2026-01-25,2025-03-10
1197,199,199,559,71.7,25.0,75.0,50.4,C,cancelled,추가 교육이나 지원이 필요할 수 있습니다.,,,2025-04-05
1198,200,200,160,72.5,25.0,75.0,51.6,C,cancelled,다른 후보도 함께 검토해 보시기 바랍니다.,,,2025-06-26
1199,200,200,142,73.0,25.0,75.0,50.2,C,completed,추가 교육이나 지원이 필요할 수 있습니다.,2025-04-07,2025-09-29,2024-11-16
1200,200,200,272,68.2,50.0,75.0,65.5,B,recommended,기본적인 케어 역량을 갖추고 있습니다.,,,2025-03-22
1201,200,200,376,78.9,25.0,50.0,53.4,C,completed,일부 조건 불일치가 있어 확인이 필요합니다.,2025-01-06,2025-03-01,2025-01-02
1202,200,200,911,83.3,0.0,75.0,51.0,C,recommended,다른 후보도 함께 검토해 보시기 바랍니다.,,,2025-10-17
1203,200,200,597,77.0,50.0,75.0,68.5,B,recommended,일부 조건에서 조율이 필요할 수 있습니다.,,,2025-06-01
1204,201,201,427,66.0,50.0,75.0,64.3,B,recommended,적응 기간이 다소 필요할 수 있습니다.,,,2025-11-21
1205,201,201,953,74.2,50.0,75.0,66.1,B,selected,적응 기간이 다소 필요할 수 있습니다.,,,2025-05-15
1206,201,201,889,74.4,50.0,100.0,66.6,B,completed,일부 조건에서 조율이 필요할 수 있습니다.,2025-02-02,2025-03-14,2025-02-23
1207,201,201,124,71.0,25.0,50.0,47.4,C,active,추가 교육이나 지원이 필요할 수 있습니다.,2025-07-07,,2025-11-01
1208,201,201,891,83.2,50.0,75.0,69.6,B,selected,일부 조건에서 조율이 필요할 수 있습니다.,,,2025-04-12
1209,201,201,789,76.7,25.0,75.0,58.1,C,recommended,일부 조건 불일치가 있어 확인이 필요합니다.,,,2025-03-13
1210,201,201,233,67.1,0.0,75.0,38.1,C,cancelled,다른 후보도 함께 검토해 보시기 바랍니다.,,,2025-07-01
1211,202,202,152,88.5,50.0,100.0,71.5,B+,selected,성격 궁합이 양호하며 적응이 빠를 것으로 예상됩니다.,,,2025-07-15
1212,202,202,136,78.8,0.0,75.0,42.2,C,recommended,일부 조건 불일치가 있어 확인이 필요합니다.,,,2025-04-18
1213,202,202,345,73.3,25.0,75.0,57.2,C,recommended,추가 교육이나 지원이 필요할 수 있습니다.,,,2024-11-01
1214,202,202,85,83.7,50.0,50.0,58.1,C,completed,다른 후보도 함께 검토해 보시기 바랍니다.,2025-01-15,2025-04-05,2025-05-08
1215,202,202,488,81.0,50.0,50.0,61.5,B,completed,기본적인 케어 역량을 갖추고 있습니다.,2025-02-02,2025-05-06,2025-10-21
1216,202,202,586,88.3,50.0,75.0,67.9,B,recommended,적응 기간이 다소 필요할 수 있습니다.,,,2025-10-12
1217,202,202,764,80.6,25.0,20.0,39.3,C,recommended,다른 후보도 함께 검토해 보시기 바랍니다.,,,2025-04-24
1218,203,203,357,75.9,50.0,75.0,60.6,B,completed,일부 조건에서 조율이 필요할 수 있습니다.,2025-05-25,2025-08-06,2025-01-15
1219,203,203,196,77.6,25.0,75.0,57.1,C,active,추가 교육이나 지원이 필요할 수 있습니다.,2025-03-17,,2025-07-30
1220,203,203,329,76.3,50.0,75.0,62.5,B,recommended,일부 조건에서 조율이 필요할 수 있습니다.,,,2025-09-08
1221,203,203,353,74.0,75.0,50.0,71.0,B+,cancelled,주요 질환에 대한 케어 경험이 있습니다.,,,2025-09-30
1222,203,203,609,80.3,75.0,75.0,79.3,B+,recommended,주요 질환에 대한 케어 경험이 있습니다.,,,2025-01-13
1223,203,203,672,82.2,50.0,50.0,65.5,B,selected,일부 조건에서 조율이 필요할 수 있습니다.,,,2025-11-19
1224,204,204,711,81.8,66.7,75.0,69.3,B,completed,기본적인 케어 역량을 갖추고 있습니다.,2025-07-13,2025-12-27,2025-08-14
1225,204,204,824,79.3,66.7,75.0,73.7,B+,selected,전반적으로 좋은 매칭입니다.,,,2024-11-18
1226,204,204,114,88.2,33.3,75.0,67.9,B,completed,적응 기간이 다소 필요할 수 있습니다.,2025-10-19,2026-02-22,2024-12-22
1227,204,204,313,76.6,66.7,75.0,68.9,B,selected,일부 조건에서 조율이 필요할 수 있습니다.,,,2025-08-16
1228,204,204,461,82.7,33.3,75.0,63.9,B,recommended,적응 기간이 다소 필요할 수 있습니다.,,,2025-07-11
1229,204,204,483,68.0,33.3,75.0,51.4,C,cancelled,일부 조건 불일치가 있어 확인이 필요합니다.,,,2025-11-22
1230,205,205,398,86.4,50.0,50.0,66.3,B,selected,적응 기간이 다소 필요할 수 있습니다.,,,2025-05-26
1231,205,205,677,88.3,25.0,50.0,57.1,C,completed,일부 조건 불일치가 있어 확인이 필요합니다.,2025-10-19,2026-01-31,2025-05-13
1232,205,205,278,83.9,25.0,50.0,52.0,C,recommended,일부 조건 불일치가 있어 확인이 필요합니다.,,,2025-10-07
1233,205,205,679,88.7,0.0,50.0,47.6,C,recommended,다른 후보도 함께 검토해 보시기 바랍니다.,,,2025-01-25
1234,206,206,91,73.5,0.0,75.0,46.6,C,recommended,추가 교육이나 지원이 필요할 수 있습니다.,,,2025-07-23
1235,206,206,191,66.9,33.3,75.0,59.7,C,active,다른 후보도 함께 검토해 보시기 바랍니다.,2025-05-25,,2025-03-21
1236,206,206,204,78.7,0.0,75.0,45.2,C,recommended,추가 교육이나 지원이 필요할 수 있습니다.,,,2025-11-17
1237,206,206,513,78.0,0.0,75.0,44.5,C,completed,일부 조건 불일치가 있어 확인이 필요합니다.,2025-05-01,2025-08-29,2025-06-25
1238,206,206,990,74.8,0.0,75.0,42.7,C,recommended,추가 교육이나 지원이 필요할 수 있습니다.,,,2025-01-10
1239,206,206,469,62.9,33.3,50.0,45.4,C,cancelled,다른 후보도 함께 검토해 보시기 바랍니다.,,,2025-11-11
1240,206,206,575,77.2,33.3,75.0,63.6,B,recommended,일부 조건에서 조율이 필요할 수 있습니다.,,,2025-08-03
1241,206,206,949,81.0,66.7,75.0,70.3,B+,completed,주요 질환에 대한 케어 경험이 있습니다.,2025-04-10,2025-06-14,2024-11-18
1242,207,207,894,83.4,33.3,50.0,54.3,C,completed,다른 후보도 함께 검토해 보시기 바랍니다.,2025-05-22,2025-09-13,2025-02-22
1243,207,207,641,90.9,33.3,50.0,54.0,C,completed,추가 교육이나 지원이 필요할 수 있습니다.,2025-01-24,2025-04-15,2025-06-21
1244,207,207,703,79.7,33.3,50.0,57.8,C,completed,일부 조건 불일치가 있어 확인이 필요합니다.,2025-03-22,2025-05-28,2025-02-10
1245,207,207,233,75.6,33.3,50.0,48.0,C,completed,추가 교육이나 지원이 필요할 수 있습니다.,2025-01-29,2025-03-30,2025-06-17
1246,207,207,428,82.4,66.7,50.0,70.3,B+,completed,성격 궁합이 양호하며 적응이 빠를 것으로 예상됩니다.,2025-05-18,2025-09-30,2025-06-24
1247,207,207,247,81.9,66.7,50.0,72.2,B+,recommended,성격 궁합이 양호하며 적응이 빠를 것으로 예상됩니다.,,,2025-09-10
1248,207,207,587,79.4,0.0,75.0,49.3,C,recommended,추가 교육이나 지원이 필요할 수 있습니다.,,,2025-09-20
1249,207,207,157,78.6,0.0,20.0,29.4,C,cancelled,일부 조건 불일치가 있어 확인이 필요합니다.,,,2025-01-15
1250,208,208,621,72.4,25.0,75.0,51.4,C,selected,추가 교육이나 지원이 필요할 수 있습니다.,,,2025-05-27
1251,208,208,581,73.3,25.0,75.0,50.2,C,completed,일부 조건 불일치가 있어 확인이 필요합니다.,2025-02-26,2025-05-01,2025-01-21
1252,208,208,628,79.3,0.0,75.0,45.2,C,recommended,다른 후보도 함께 검토해 보시기 바랍니다.,,,2025-03-20
1253,208,208,237,87.8,25.0,75.0,59.2,C,recommended,추가 교육이나 지원이 필요할 수 있습니다.,,,2025-08-20
1254,208,208,611,75.5,25.0,75.0,52.4,C,recommended,다른 후보도 함께 검토해 보시기 바랍니다.,,,2024-10-31
1255,208,208,238,82.4,25.0,75.0,62.3,B,completed,기본적인 케어 역량을 갖추고 있습니다.,2025-06-12,2025-10-25,2024-11-11
1256,209,209,68,91.5,50.0,75.0,74.4,B+,selected,성격 궁합이 양호하며 적응이 빠를 것으로 예상됩니다.,,,2024-12-09
1257,209,209,182,77.1,25.0,50.0,47.7,C,recommended,다른 후보도 함께 검토해 보시기 바랍니다.,,,2025-07-23
1258,209,209,950,81.4,25.0,75.0,56.5,C,recommended,추가 교육이나 지원이 필요할 수 있습니다.,,,2025-01-19
1259,209,209,978,67.4,75.0,75.0,74.7,B+,recommended,성격 궁합이 양호하며 적응이 빠를 것으로 예상됩니다.,,,2024-11-23
1260,209,209,450,80.9,50.0,75.0,65.2,B,active,적응 기간이 다소 필요할 수 있습니다.,2024-12-19,,2025-02-07
1261,210,210,550,73.9,50.0,75.0,60.7,B,recommended,일부 조건에서 조율이 필요할 수 있습니다.,,,2025-11-05
1262,210,210,538,76.4,0.0,75.0,49.3,C,completed,일부 조건 불일치가 있어 확인이 필요합니다.,2025-06-25,2025-12-04,2025-05-08
1263,210,210,657,70.2,0.0,75.0,43.9,C,recommended,일부 조건 불일치가 있어 확인이 필요합니다.,,,2024-10-31
1264,210,210,897,85.8,25.0,75.0,60.1,B,selected,기본적인 케어 역량을 갖추고 있습니다.,,,2025-08-21
1265,210,210,722,70.5,0.0,75.0,41.3,C,recommended,다른 후보도 함께 검토해 보시기 바랍니다.,,,2025-06-24
1266,210,210,806,70.1,25.0,50.0,49.8,C,recommended,다른 후보도 함께 검토해 보시기 바랍니다.,,,2025-04-04
1267,210,210,40,67.8,50.0,75.0,59.2,C,recommended,다른 후보도 함께 검토해 보시기 바랍니다.,,,2025-01-17
1268,210,210,534,74.2,25.0,75.0,58.9,C,recommended,일부 조건 불일치가 있어 확인이 필요합니다.,,,2025-03-07
1269,211,211,475,85.1,50.0,75.0,70.7,B+,active,주요 질환에 대한 케어 경험이 있습니다.,2025-09-01,,2024-10-24
1270,211,211,850,76.0,25.0,75.0,56.2,C,recommended,일부 조건 불일치가 있어 확인이 필요합니다.,,,2025-02-20
1271,211,211,662,92.6,75.0,75.0,77.5,B+,completed,성격 궁합이 양호하며 적응이 빠를 것으로 예상됩니다.,2025-03-31,2025-07-21,2025-11-14
1272,211,211,463,78.1,50.0,75.0,70.1,B+,completed,주요 질환에 대한 케어 경험이 있습니다.,2025-07-17,2025-12-10,2025-07-21
1273,211,211,93,85.9,25.0,75.0,62.9,B,completed,기본적인 케어 역량을 갖추고 있습니다.,2025-08-06,2025-10-06,2025-09-29
1274,212,212,88,74.8,33.3,75.0,63.0,B,recommended,적응 기간이 다소 필요할 수 있습니다.,,,2025-09-06
1275,212,212,537,90.9,33.3,75.0,62.7,B,selected,일부 조건에서 조율이 필요할 수 있습니다.,,,2025-11-04
1276,212,212,725,83.4,33.3,75.0,64.0,B,recommended,일부 조건에서 조율이 필요할 수 있습니다.,,,2025-02-10
1277,212,212,394,74.4,0.0,75.0,48.5,C,recommended,추가 교육이나 지원이 필요할 수 있습니다.,,,2025-09-04
1278,212,212,745,70.2,33.3,75.0,60.3,B,cancelled,기본적인 케어 역량을 갖추고 있습니다.,,,2024-10-29
1279,212,212,811,81.6,33.3,50.0,56.5,C,recommended,다른 후보도 함께 검토해 보시기 바랍니다.,,,2025-06-22
1280,213,213,748,66.0,25.0,75.0,48.6,C,recommended,추가 교육이나 지원이 필요할 수 있습니다.,,,2025-08-15
1281,213,213,788,87.8,25.0,75.0,54.5,C,selected,다른 후보도 함께 검토해 보시기 바랍니다.,,,2025-11-20
1282,213,213,985,85.9,25.0,75.0,58.4,C,completed,추가 교육이나 지원이 필요할 수 있습니다.,2025-02-15,2025-08-03,2025-01-19
1283,213,213,457,71.5,25.0,75.0,51.0,C,selected,일부 조건 불일치가 있어 확인이 필요합니다.,,,2025-03-28
1284,213,213,296,82.5,25.0,75.0,57.2,C,recommended,다른 후보도 함께 검토해 보시기 바랍니다.,,,2025-10-17
1285,213,213,642,76.0,50.0,75.0,66.4,B,recommended,기본적인 케어 역량을 갖추고 있습니다.,,,2025-07-24
1286,214,214,285,78.9,66.7,100.0,76.1,B+,completed,주요 질환에 대한 케어 경험이 있습니다.,2025-09-30,2026-01-27,2025-09-13
1287,214,214,635,75.5,0.0,75.0,45.9,C,recommended,일부 조건 불일치가 있어 확인이 필요합니다.,,,2025-06-27
1288,214,214,644,79.0,66.7,75.0,71.4,B+,selected,주요 질환에 대한 케어 경험이 있습니다.,,,2025-11-01
1289,214,214,571,93.5,33.3,75.0,60.9,B,recommended,기본적인 케어 역량을 갖추고 있습니다.,,,2025-09-05
1290,214,214,840,81.0,0.0,75.0,48.8,C,recommended,일부 조건 불일치가 있어 확인이 필요합니다.,,,2024-12-23
1291,214,214,846,70.9,33.3,75.0,58.8,C,recommended,일부 조건 불일치가 있어 확인이 필요합니다.,,,2025-02-06
1292,214,214,213,89.1,33.3,75.0,66.1,B,recommended,기본적인 케어 역량을 갖추고 있습니다.,,,2025-04-07
1293,214,214,51,77.8,0.0,75.0,48.5,C,selected,다른 후보도 함께 검토해 보시기 바랍니다.,,,2025-11-08
1294,215,215,787,82.7,25.0,75.0,61.7,B,completed,적응 기간이 다소 필요할 수 있습니다.,2025-09-24,2026-02-10,2025-10-24
1295,215,215,307,87.9,50.0,100.0,72.0,B+,completed,전반적으로 좋은 매칭입니다.,2025-06-10,2025-10-02,2025-04-29
1296,215,215,331,85.7,50.0,75.0,65.8,B,recommended,기본적인 케어 역량을 갖추고 있습니다.,,,2025-10-02
1297,215,215,378,81.4,50.0,75.0,68.0,B,recommended,적응 기간이 다소 필요할 수 있습니다.,,,2025-03-01
1298,216,216,496,83.7,25.0,75.0,62.4,B,recommended,적응 기간이 다소 필요할 수 있습니다.,,,2025-07-02
1299,216,216,742,81.5,25.0,75.0,56.6,C,active,다른 후보도 함께 검토해 보시기 바랍니다.,2025-05-19,,2025-03-02
1300,216,216,706,91.7,50.0,75.0,71.6,B+,completed,주요 질환에 대한 케어 경험이 있습니다.,2024-12-13,2025-04-12,2025-01-16
1301,216,216,620,91.0,25.0,75.0,62.9,B,recommended,일부 조건에서 조율이 필요할 수 있습니다.,,,2025-03-19
1302,217,217,905,77.7,33.3,75.0,64.1,B,completed,기본적인 케어 역량을 갖추고 있습니다.,2025-10-28,2025-12-27,2025-04-02
1303,217,217,625,78.7,0.0,75.0,48.7,C,recommended,추가 교육이나 지원이 필요할 수 있습니다.,,,2025-01-15
1304,217,217,239,76.9,33.3,75.0,64.0,B,active,기본적인 케어 역량을 갖추고 있습니다.,2025-03-31,,2025-06-09
1305,217,217,726,84.0,33.3,75.0,60.0,C,completed,추가 교육이나 지원이 필요할 수 있습니다.,2024-12-06,2025-02-28,2025-01-03
1306,217,217,298,84.0,33.3,50.0,52.8,C,completed,다른 후보도 함께 검토해 보시기 바랍니다.,2025-09-24,2026-01-10,2025-03-12
1307,218,218,703,86.3,75.0,75.0,81.2,A,completed,전문분야 일치도가 높고 케어 경험이 풍부합니다.,2024-12-17,2025-01-23,2025-08-19
1308,218,218,342,85.5,25.0,75.0,62.9,B,completed,기본적인 케어 역량을 갖추고 있습니다.,2025-02-25,2025-07-26,2024-12-31
1309,218,218,350,88.0,75.0,75.0,80.8,A,selected,안정적인 케어 서비스 제공이 예상됩니다.,,,2025-06-08
1310,218,218,406,83.3,50.0,75.0,67.5,B,completed,적응 기간이 다소 필요할 수 있습니다.,2025-03-31,2025-05-14,2025-06-26
1311,219,219,569,75.5,0.0,75.0,43.5,C,recommended,다른 후보도 함께 검토해 보시기 바랍니다.,,,2025-10-24
1312,219,219,549,76.5,50.0,75.0,70.2,B+,completed,성격 궁합이 양호하며 적응이 빠를 것으로 예상됩니다.,2025-06-07,2025-07-14,2025-05-18
1313,219,219,20,75.1,50.0,75.0,65.7,B,active,기본적인 케어 역량을 갖추고 있습니다.,2025-04-12,,2025-01-26
1314,219,219,214,76.5,50.0,75.0,61.7,B,completed,적응 기간이 다소 필요할 수 있습니다.,2025-05-24,2025-09-11,2025-11-10
1315,219,219,592,71.3,50.0,75.0,63.7,B,selected,기본적인 케어 역량을 갖추고 있습니다.,,,2025-05-20
1316,219,219,702,83.1,0.0,50.0,41.1,C,active,추가 교육이나 지원이 필요할 수 있습니다.,2025-05-27,,2025-03-03
1317,220,220,180,77.1,50.0,75.0,62.8,B,active,일부 조건에서 조율이 필요할 수 있습니다.,2025-09-11,,2025-03-12
1318,220,220,115,86.4,25.0,75.0,54.2,C,completed,추가 교육이나 지원이 필요할 수 있습니다.,2025-02-23,2025-07-31,2025-08-21
1319,220,220,384,81.6,25.0,50.0,53.4,C,recommended,일부 조건 불일치가 있어 확인이 필요합니다.,,,2025-06-21
1320,220,220,804,53.1,0.0,75.0,40.1,C,recommended,추가 교육이나 지원이 필요할 수 있습니다.,,,2024-10-29
1321,220,220,39,79.4,0.0,75.0,50.3,C,recommended,일부 조건 불일치가 있어 확인이 필요합니다.,,,2024-12-15
1322,220,220,797,73.7,25.0,50.0,53.2,C,recommended,추가 교육이나 지원이 필요할 수 있습니다.,,,2024-11-21
1323,221,221,471,84.1,25.0,75.0,58.4,C,completed,추가 교육이나 지원이 필요할 수 있습니다.,2025-10-26,2026-02-12,2024-12-10
1324,221,221,397,85.9,25.0,50.0,50.9,C,recommended,추가 교육이나 지원이 필요할 수 있습니다.,,,2025-10-05
1325,221,221,731,81.4,50.0,50.0,61.2,B,cancelled,적응 기간이 다소 필요할 수 있습니다.,,,2024-11-10
1326,221,221,886,76.5,0.0,50.0,37.4,C,recommended,일부 조건 불일치가 있어 확인이 필요합니다.,,,2024-11-03
1327,222,222,655,85.7,75.0,75.0,76.6,B+,recommended,전반적으로 좋은 매칭입니다.,,,2025-06-16
1328,222,222,914,85.5,25.0,75.0,61.4,B,completed,기본적인 케어 역량을 갖추고 있습니다.,2025-08-29,2025-12-06,2025-09-07
1329,222,222,215,91.0,50.0,75.0,75.2,B+,completed,주요 질환에 대한 케어 경험이 있습니다.,2025-01-15,2025-06-25,2025-08-13
1330,222,222,329,75.1,50.0,75.0,63.2,B,selected,기본적인 케어 역량을 갖추고 있습니다.,,,2024-12-01
1331,222,222,206,77.6,50.0,75.0,68.9,B,active,기본적인 케어 역량을 갖추고 있습니다.,2025-01-08,,2025-08-31
1332,222,222,198,84.6,25.0,75.0,54.1,C,completed,일부 조건 불일치가 있어 확인이 필요합니다.,2024-12-19,2025-04-14,2025-04-13
1333,223,223,925,85.7,33.3,75.0,61.3,B,recommended,기본적인 케어 역량을 갖추고 있습니다.,,,2024-12-01
1334,223,223,692,88.8,33.3,100.0,70.4,B+,cancelled,전반적으로 좋은 매칭입니다.,,,2025-01-08
1335,223,223,52,85.5,0.0,75.0,52.0,C,cancelled,일부 조건 불일치가 있어 확인이 필요합니다.,,,2025-04-12
1336,223,223,109,82.6,66.7,75.0,75.5,B+,completed,주요 질환에 대한 케어 경험이 있습니다.,2025-05-22,2025-09-14,2024-11-26
1337,223,223,393,82.5,33.3,75.0,56.7,C,recommended,다른 후보도 함께 검토해 보시기 바랍니다.,,,2025-02-09
1338,223,223,56,78.9,0.0,75.0,42.7,C,active,추가 교육이나 지원이 필요할 수 있습니다.,2025-03-03,,2025-04-07
1339,223,223,89,89.3,33.3,75.0,61.5,B,recommended,적응 기간이 다소 필요할 수 있습니다.,,,2024-11-28
1340,224,224,482,74.5,66.7,75.0,72.7,B+,recommended,성격 궁합이 양호하며 적응이 빠를 것으로 예상됩니다.,,,2025-05-10
1341,224,224,238,80.4,33.3,75.0,57.1,C,recommended,일부 조건 불일치가 있어 확인이 필요합니다.,,,2025-06-10
1342,224,224,971,87.7,0.0,75.0,52.3,C,recommended,다른 후보도 함께 검토해 보시기 바랍니다.,,,2025-04-08
1343,224,224,230,85.7,0.0,75.0,48.6,C,completed,추가 교육이나 지원이 필요할 수 있습니다.,2025-09-25,2026-02-23,2025-05-31
1344,224,224,148,79.6,33.3,75.0,57.8,C,completed,추가 교육이나 지원이 필요할 수 있습니다.,2025-05-03,2025-10-27,2025-03-11
1345,224,224,882,68.5,0.0,50.0,39.5,C,completed,일부 조건 불일치가 있어 확인이 필요합니다.,2025-05-15,2025-11-03,2025-10-21
1346,224,224,918,76.6,33.3,75.0,58.5,C,recommended,일부 조건 불일치가 있어 확인이 필요합니다.,,,2025-04-29
1347,225,225,636,96.0,50.0,75.0,72.2,B+,recommended,주요 질환에 대한 케어 경험이 있습니다.,,,2025-06-05
1348,225,225,250,76.0,0.0,75.0,42.4,C,recommended,일부 조건 불일치가 있어 확인이 필요합니다.,,,2025-01-28
1349,225,225,562,78.9,25.0,75.0,55.7,C,cancelled,다른 후보도 함께 검토해 보시기 바랍니다.,,,2025-02-09
1350,225,225,163,74.9,25.0,75.0,57.8,C,recommended,일부 조건 불일치가 있어 확인이 필요합니다.,,,2024-12-06
1351,225,225,998,80.5,0.0,75.0,44.3,C,completed,다른 후보도 함께 검토해 보시기 바랍니다.,2025-09-19,2026-03-14,2025-09-29
1352,226,226,569,83.2,0.0,75.0,52.4,C,selected,추가 교육이나 지원이 필요할 수 있습니다.,,,2025-01-24
1353,226,226,100,69.1,25.0,75.0,49.0,C,recommended,일부 조건 불일치가 있어 확인이 필요합니다.,,,2024-10-28
1354,226,226,842,75.5,0.0,50.0,42.1,C,completed,일부 조건 불일치가 있어 확인이 필요합니다.,2025-05-14,2025-10-17,2024-12-23
1355,226,226,456,88.0,25.0,75.0,62.7,B,selected,적응 기간이 다소 필요할 수 있습니다.,,,2024-11-05
1356,226,226,181,84.7,50.0,50.0,63.5,B,completed,적응 기간이 다소 필요할 수 있습니다.,2025-10-28,2026-01-03,2025-09-11
1357,226,226,316,90.9,25.0,75.0,59.5,C,cancelled,일부 조건 불일치가 있어 확인이 필요합니다.,,,2025-04-12
1358,227,227,211,78.7,66.7,75.0,73.7,B+,selected,전반적으로 좋은 매칭입니다.,,,2025-06-24
1359,227,227,698,86.4,33.3,50.0,60.3,B,recommended,일부 조건에서 조율이 필요할 수 있습니다.,,,2024-11-24
1360,227,227,899,69.7,33.3,75.0,61.3,B,active,기본적인 케어 역량을 갖추고 있습니다.,2025-05-05,,2025-02-01
1361,227,227,325,80.0,0.0,20.0,28.1,C,cancelled,일부 조건 불일치가 있어 확인이 필요합니다.,,,2025-05-04
1362,227,227,307,86.4,66.7,75.0,79.1,B+,recommended,성격 궁합이 양호하며 적응이 빠를 것으로 예상됩니다.,,,2025-10-26
1363,228,228,923,81.1,33.3,75.0,61.1,B,completed,일부 조건에서 조율이 필요할 수 있습니다.,2025-04-28,2025-06-25,2025-11-11
1364,228,228,563,82.5,0.0,75.0,48.5,C,active,다른 후보도 함께 검토해 보시기 바랍니다.,2024-12-12,,2024-11-27
1365,228,228,992,81.6,66.7,75.0,72.8,B+,completed,전반적으로 좋은 매칭입니다.,2025-04-16,2025-09-04,2025-08-10
1366,228,228,55,82.5,33.3,75.0,57.3,C,recommended,일부 조건 불일치가 있어 확인이 필요합니다.,,,2025-05-14
1367,228,228,1,79.6,0.0,50.0,43.8,C,completed,추가 교육이나 지원이 필요할 수 있습니다.,2025-04-27,2025-09-10,2025-07-02
1368,228,228,721,66.3,33.3,75.0,51.6,C,cancelled,추가 교육이나 지원이 필요할 수 있습니다.,,,2025-10-21
1369,229,229,148,81.1,25.0,75.0,58.7,C,recommended,추가 교육이나 지원이 필요할 수 있습니다.,,,2025-10-14
1370,229,229,739,78.6,25.0,75.0,52.6,C,recommended,다른 후보도 함께 검토해 보시기 바랍니다.,,,2025-04-07
1371,229,229,907,74.0,75.0,50.0,72.3,B+,cancelled,전반적으로 좋은 매칭입니다.,,,2025-01-21
1372,229,229,499,78.5,25.0,50.0,54.3,C,recommended,일부 조건 불일치가 있어 확인이 필요합니다.,,,2025-08-26
1373,230,230,522,66.7,75.0,75.0,69.4,B,completed,적응 기간이 다소 필요할 수 있습니다.,2025-03-25,2025-04-25,2025-03-16
1374,230,230,435,53.0,50.0,75.0,59.4,C,recommended,다른 후보도 함께 검토해 보시기 바랍니다.,,,2025-04-30
1375,230,230,566,74.9,25.0,50.0,53.0,C,recommended,일부 조건 불일치가 있어 확인이 필요합니다.,,,2025-05-23
1376,230,230,840,66.6,25.0,75.0,47.4,C,completed,다른 후보도 함께 검토해 보시기 바랍니다.,2025-10-09,2026-04-02,2024-12-01
1377,230,230,461,66.4,25.0,75.0,51.8,C,recommended,일부 조건 불일치가 있어 확인이 필요합니다.,,,2025-10-17
1378,230,230,394,68.5,0.0,75.0,39.1,C,selected,일부 조건 불일치가 있어 확인이 필요합니다.,,,2025-03-02
1379,230,230,364,83.2,0.0,75.0,52.7,C,recommended,다른 후보도 함께 검토해 보시기 바랍니다.,,,2025-04-02
1380,231,231,81,76.9,0.0,75.0,48.1,C,selected,일부 조건 불일치가 있어 확인이 필요합니다.,,,2025-10-18
1381,231,231,536,86.7,0.0,75.0,50.9,C,recommended,일부 조건 불일치가 있어 확인이 필요합니다.,,,2025-02-03
1382,231,231,912,77.8,0.0,75.0,44.1,C,recommended,추가 교육이나 지원이 필요할 수 있습니다.,,,2025-06-04
1383,231,231,625,86.1,25.0,75.0,59.2,C,cancelled,추가 교육이나 지원이 필요할 수 있습니다.,,,2025-03-31
1384,231,231,91,86.4,25.0,75.0,58.5,C,recommended,다른 후보도 함께 검토해 보시기 바랍니다.,,,2025-02-06
1385,231,231,252,90.9,75.0,75.0,82.9,A,completed,성격 궁합이 좋아 원활한 소통이 기대됩니다.,2025-03-27,2025-07-25,2025-07-01
1386,231,231,484,77.2,25.0,75.0,60.0,C,recommended,일부 조건 불일치가 있어 확인이 필요합니다.,,,2025-06-24
1387,231,231,646,85.3,25.0,75.0,60.9,B,completed,기본적인 케어 역량을 갖추고 있습니다.,2025-01-13,2025-04-19,2025-01-08
1388,232,232,53,82.3,50.0,20.0,53.6,C,recommended,추가 교육이나 지원이 필요할 수 있습니다.,,,2025-03-13
1389,232,232,673,86.1,0.0,20.0,30.9,C,cancelled,다른 후보도 함께 검토해 보시기 바랍니다.,,,2025-07-20
1390,232,232,299,83.6,75.0,20.0,60.6,B,selected,일부 조건에서 조율이 필요할 수 있습니다.,,,2025-07-09
1391,232,232,829,85.7,50.0,20.0,58.6,C,recommended,추가 교육이나 지원이 필요할 수 있습니다.,,,2024-11-12
1392,232,232,756,85.4,100.0,20.0,71.0,B+,recommended,주요 질환에 대한 케어 경험이 있습니다.,,,2025-01-28
1393,232,232,640,77.4,0.0,20.0,34.5,C,recommended,일부 조건 불일치가 있어 확인이 필요합니다.,,,2025-04-12
1394,232,232,28,87.3,50.0,20.0,54.3,C,selected,추가 교육이나 지원이 필요할 수 있습니다.,,,2025-07-16
1395,232,232,294,89.3,25.0,20.0,49.1,C,recommended,추가 교육이나 지원이 필요할 수 있습니다.,,,2025-03-23
1396,233,233,819,73.2,25.0,75.0,59.2,C,completed,다른 후보도 함께 검토해 보시기 바랍니다.,2025-08-15,2025-10-23,2024-11-06
1397,233,233,541,77.5,50.0,50.0,57.0,C,recommended,다른 후보도 함께 검토해 보시기 바랍니다.,,,2024-11-20
1398,233,233,883,71.0,50.0,75.0,65.0,B,recommended,기본적인 케어 역량을 갖추고 있습니다.,,,2025-02-04
1399,233,233,34,79.2,25.0,75.0,58.8,C,selected,다른 후보도 함께 검토해 보시기 바랍니다.,,,2025-10-30
1400,233,233,352,76.9,50.0,75.0,67.1,B,completed,기본적인 케어 역량을 갖추고 있습니다.,2025-08-30,2025-10-12,2025-04-03
1401,234,234,765,87.2,25.0,75.0,61.1,B,recommended,일부 조건에서 조율이 필요할 수 있습니다.,,,2025-03-29
1402,234,234,972,81.4,25.0,75.0,54.9,C,recommended,일부 조건 불일치가 있어 확인이 필요합니다.,,,2025-04-18
1403,234,234,771,77.6,25.0,75.0,51.0,C,recommended,다른 후보도 함께 검토해 보시기 바랍니다.,,,2025-05-15
1404,234,234,945,92.3,100.0,75.0,92.8,A+,completed,성격 궁합과 전문분야가 매우 우수합니다.,2025-01-30,2025-03-11,2025-02-27
1405,234,234,546,77.3,25.0,75.0,56.9,C,active,다른 후보도 함께 검토해 보시기 바랍니다.,2024-11-29,,2025-06-08
1406,234,234,240,73.7,50.0,75.0,62.2,B,selected,기본적인 케어 역량을 갖추고 있습니다.,,,2025-07-19
1407,234,234,389,85.5,50.0,75.0,70.2,B+,completed,전반적으로 좋은 매칭입니다.,2025-04-11,2025-09-06,2024-11-08
1408,235,235,789,73.2,75.0,75.0,74.8,B+,completed,주요 질환에 대한 케어 경험이 있습니다.,2025-10-24,2025-12-10,2025-04-30
1409,235,235,200,84.5,25.0,75.0,60.2,B,active,기본적인 케어 역량을 갖추고 있습니다.,2025-05-02,,2024-11-20
1410,235,235,533,80.3,50.0,75.0,64.7,B,completed,기본적인 케어 역량을 갖추고 있습니다.,2025-07-22,2025-08-29,2025-01-13
1411,235,235,346,72.5,75.0,75.0,75.7,B+,recommended,주요 질환에 대한 케어 경험이 있습니다.,,,2025-01-24
1412,235,235,694,78.4,75.0,75.0,77.6,B+,recommended,전반적으로 좋은 매칭입니다.,,,2025-09-26
1413,235,235,707,76.2,50.0,75.0,61.3,B,recommended,적응 기간이 다소 필요할 수 있습니다.,,,2025-09-21
1414,235,235,185,71.8,75.0,50.0,66.4,B,recommended,적응 기간이 다소 필요할 수 있습니다.,,,2025-02-10
1415,235,235,321,75.3,50.0,50.0,61.9,B,active,기본적인 케어 역량을 갖추고 있습니다.,2025-07-26,,2024-12-05
1416,236,236,260,83.7,33.3,75.0,57.1,C,cancelled,다른 후보도 함께 검토해 보시기 바랍니다.,,,2025-07-08
1417,236,236,302,84.1,0.0,75.0,50.9,C,recommended,일부 조건 불일치가 있어 확인이 필요합니다.,,,2024-12-20
1418,236,236,479,78.2,0.0,75.0,48.8,C,recommended,다른 후보도 함께 검토해 보시기 바랍니다.,,,2025-07-18
1419,236,236,677,78.1,33.3,75.0,56.0,C,recommended,추가 교육이나 지원이 필요할 수 있습니다.,,,2025-07-08
1420,236,236,959,86.2,66.7,75.0,78.3,B+,completed,성격 궁합이 양호하며 적응이 빠를 것으로 예상됩니다.,2025-04-16,2025-08-23,2025-10-27
1421,237,237,452,88.9,25.0,75.0,61.0,B,recommended,기본적인 케어 역량을 갖추고 있습니다.,,,2024-12-31
1422,237,237,72,72.3,25.0,75.0,54.0,C,selected,추가 교육이나 지원이 필요할 수 있습니다.,,,2025-02-23
1423,237,237,504,81.2,50.0,50.0,63.6,B,recommended,기본적인 케어 역량을 갖추고 있습니다.,,,2025-01-16
1424,237,237,951,83.7,50.0,75.0,69.5,B,recommended,일부 조건에서 조율이 필요할 수 있습니다.,,,2024-11-25
1425,237,237,206,68.8,0.0,75.0,40.4,C,cancelled,추가 교육이나 지원이 필요할 수 있습니다.,,,2025-10-20
1426,238,238,586,84.4,33.3,75.0,61.1,B,cancelled,일부 조건에서 조율이 필요할 수 있습니다.,,,2025-09-11
1427,238,238,746,86.3,33.3,75.0,63.8,B,recommended,기본적인 케어 역량을 갖추고 있습니다.,,,2025-11-07
1428,238,238,257,80.4,66.7,75.0,75.2,B+,cancelled,성격 궁합이 양호하며 적응이 빠를 것으로 예상됩니다.,,,2025-09-10
1429,238,238,796,77.6,0.0,50.0,41.7,C,active,일부 조건 불일치가 있어 확인이 필요합니다.,2025-04-11,,2025-11-25
1430,239,239,725,74.8,50.0,75.0,67.2,B,completed,기본적인 케어 역량을 갖추고 있습니다.,2025-09-23,2026-03-10,2025-11-25
1431,239,239,963,89.9,50.0,75.0,73.4,B+,selected,성격 궁합이 양호하며 적응이 빠를 것으로 예상됩니다.,,,2025-09-25
1432,239,239,790,77.2,75.0,75.0,76.5,B+,completed,전반적으로 좋은 매칭입니다.,2025-04-28,2025-08-21,2025-06-24
1433,239,239,503,80.9,25.0,75.0,62.0,B,selected,적응 기간이 다소 필요할 수 있습니다.,,,2025-10-11
1434,239,239,490,65.0,0.0,75.0,40.2,C,active,추가 교육이나 지원이 필요할 수 있습니다.,2025-05-07,,2025-04-05
1435,239,239,447,93.0,75.0,50.0,77.7,B+,recommended,성격 궁합이 양호하며 적응이 빠를 것으로 예상됩니다.,,,2024-12-30
1436,239,239,414,83.9,50.0,75.0,65.1,B,recommended,적응 기간이 다소 필요할 수 있습니다.,,,2025-11-06
1437,239,239,865,79.3,75.0,50.0,74.9,B+,recommended,전반적으로 좋은 매칭입니다.,,,2025-08-21
1438,240,240,713,80.4,75.0,50.0,69.2,B,completed,적응 기간이 다소 필요할 수 있습니다.,2025-09-15,2026-02-04,2025-08-21
1439,240,240,400,75.0,75.0,50.0,64.0,B,recommended,적응 기간이 다소 필요할 수 있습니다.,,,2025-07-27
1440,240,240,918,75.2,0.0,50.0,38.7,C,active,일부 조건 불일치가 있어 확인이 필요합니다.,2025-09-26,,2025-01-01
1441,240,240,110,89.1,50.0,50.0,61.8,B,cancelled,적응 기간이 다소 필요할 수 있습니다.,,,2025-04-10
1442,240,240,646,78.1,25.0,50.0,54.5,C,recommended,추가 교육이나 지원이 필요할 수 있습니다.,,,2025-11-08
1443,240,240,706,73.1,0.0,50.0,36.5,C,active,일부 조건 불일치가 있어 확인이 필요합니다.,2025-05-09,,2025-11-05
1444,241,241,122,90.1,0.0,75.0,54.7,C,recommended,일부 조건 불일치가 있어 확인이 필요합니다.,,,2025-09-11
1445,241,241,217,84.3,75.0,75.0,80.7,A,completed,전문분야 일치도가 높고 케어 경험이 풍부합니다.,2025-07-01,2025-08-18,2024-11-15
1446,241,241,827,71.3,50.0,75.0,58.9,C,recommended,일부 조건 불일치가 있어 확인이 필요합니다.,,,2025-11-03
1447,241,241,670,80.2,0.0,75.0,44.2,C,active,추가 교육이나 지원이 필요할 수 있습니다.,2024-11-30,,2025-11-19
1448,241,241,684,75.7,50.0,75.0,62.0,B,completed,기본적인 케어 역량을 갖추고 있습니다.,2025-10-03,2026-01-19,2025-04-07
1449,241,241,536,80.5,0.0,75.0,42.5,C,cancelled,추가 교육이나 지원이 필요할 수 있습니다.,,,2025-09-29
1450,241,241,470,88.9,0.0,50.0,43.6,C,active,추가 교육이나 지원이 필요할 수 있습니다.,2024-12-17,,2025-10-25
1451,242,242,437,88.4,25.0,50.0,55.2,C,recommended,다른 후보도 함께 검토해 보시기 바랍니다.,,,2025-09-26
1452,242,242,346,69.9,25.0,50.0,51.7,C,selected,일부 조건 불일치가 있어 확인이 필요합니다.,,,2025-02-20
1453,242,242,831,77.2,50.0,50.0,55.9,C,completed,일부 조건 불일치가 있어 확인이 필요합니다.,2025-07-11,2025-08-21,2025-08-30
1454,242,242,856,88.6,25.0,50.0,51.2,C,selected,다른 후보도 함께 검토해 보시기 바랍니다.,,,2025-09-01
1455,242,242,756,77.5,50.0,75.0,67.9,B,recommended,적응 기간이 다소 필요할 수 있습니다.,,,2025-09-03
1456,243,243,250,75.3,0.0,50.0,42.3,C,cancelled,일부 조건 불일치가 있어 확인이 필요합니다.,,,2025-05-18
1457,243,243,948,83.1,0.0,50.0,44.4,C,active,다른 후보도 함께 검토해 보시기 바랍니다.,2025-10-20,,2025-10-16
1458,243,243,596,85.2,0.0,50.0,37.4,C,active,추가 교육이나 지원이 필요할 수 있습니다.,2025-07-29,,2024-11-30
1459,243,243,42,79.4,0.0,50.0,41.8,C,recommended,다른 후보도 함께 검토해 보시기 바랍니다.,,,2025-04-27
1460,243,243,137,77.6,50.0,50.0,61.6,B,completed,기본적인 케어 역량을 갖추고 있습니다.,2025-02-27,2025-04-30,2025-09-14
1461,243,243,103,88.2,50.0,50.0,62.9,B,selected,기본적인 케어 역량을 갖추고 있습니다.,,,2025-08-29
1462,243,243,811,63.8,25.0,75.0,52.2,C,active,일부 조건 불일치가 있어 확인이 필요합니다.,2025-10-09,,2025-08-26
1463,244,244,627,79.4,50.0,75.0,65.0,B,recommended,기본적인 케어 역량을 갖추고 있습니다.,,,2025-02-14
1464,244,244,974,76.7,50.0,75.0,62.9,B,completed,기본적인 케어 역량을 갖추고 있습니다.,2025-08-29,2026-02-10,2025-01-14
1465,244,244,91,77.4,25.0,75.0,55.9,C,cancelled,다른 후보도 함께 검토해 보시기 바랍니다.,,,2024-10-28
1466,244,244,643,72.6,50.0,75.0,65.4,B,recommended,기본적인 케어 역량을 갖추고 있습니다.,,,2025-07-08
1467,244,244,847,72.6,75.0,50.0,63.5,B,cancelled,기본적인 케어 역량을 갖추고 있습니다.,,,2025-09-11
1468,244,244,802,78.2,50.0,75.0,68.0,B,selected,일부 조건에서 조율이 필요할 수 있습니다.,,,2025-03-17
1469,244,244,309,70.2,50.0,75.0,60.1,B,completed,적응 기간이 다소 필요할 수 있습니다.,2025-10-06,2025-11-18,2025-05-24
1470,245,245,343,88.5,33.3,75.0,58.5,C,completed,추가 교육이나 지원이 필요할 수 있습니다.,2025-10-02,2026-03-18,2025-09-07
1471,245,245,632,87.9,0.0,75.0,49.7,C,selected,추가 교육이나 지원이 필요할 수 있습니다.,,,2025-07-29
1472,245,245,825,77.3,66.7,75.0,74.7,B+,completed,성격 궁합이 양호하며 적응이 빠를 것으로 예상됩니다.,2024-12-29,2025-06-25,2025-04-26
1473,245,245,912,90.1,0.0,75.0,54.3,C,completed,다른 후보도 함께 검토해 보시기 바랍니다.,2025-07-03,2025-08-30,2025-08-02
1474,245,245,777,91.4,66.7,75.0,76.5,B+,active,성격 궁합이 양호하며 적응이 빠를 것으로 예상됩니다.,2025-07-18,,2025-08-06
1475,245,245,465,85.5,0.0,75.0,44.4,C,recommended,일부 조건 불일치가 있어 확인이 필요합니다.,,,2025-03-23
1476,246,246,912,70.2,0.0,75.0,47.6,C,active,추가 교육이나 지원이 필요할 수 있습니다.,2025-03-10,,2025-05-12
1477,246,246,447,78.4,50.0,50.0,58.7,C,completed,일부 조건 불일치가 있어 확인이 필요합니다.,2025-03-08,2025-05-26,2025-05-27
1478,246,246,149,78.9,75.0,75.0,74.7,B+,completed,주요 질환에 대한 케어 경험이 있습니다.,2025-10-12,2026-04-05,2025-07-06
1479,246,246,222,80.9,0.0,75.0,46.7,C,completed,추가 교육이나 지원이 필요할 수 있습니다.,2025-08-02,2025-11-27,2025-06-28
1480,247,247,928,84.8,50.0,50.0,61.3,B,selected,적응 기간이 다소 필요할 수 있습니다.,,,2025-03-21
1481,247,247,175,89.7,0.0,50.0,47.5,C,completed,다른 후보도 함께 검토해 보시기 바랍니다.,2025-07-10,2025-12-08,2025-07-07
1482,247,247,592,80.2,75.0,50.0,72.9,B+,recommended,주요 질환에 대한 케어 경험이 있습니다.,,,2025-07-23
1483,247,247,994,83.4,50.0,50.0,60.0,C,selected,일부 조건 불일치가 있어 확인이 필요합니다.,,,2025-08-05
1484,247,247,567,82.0,100.0,50.0,85.1,A,recommended,안정적인 케어 서비스 제공이 예상됩니다.,,,2025-09-11
1485,247,247,876,84.9,0.0,50.0,46.4,C,recommended,추가 교육이나 지원이 필요할 수 있습니다.,,,2025-04-27
1486,247,247,236,81.9,50.0,100.0,78.5,B+,selected,주요 질환에 대한 케어 경험이 있습니다.,,,2025-03-31
1487,247,247,89,82.3,50.0,50.0,63.6,B,selected,적응 기간이 다소 필요할 수 있습니다.,,,2025-11-09
1488,248,248,544,80.0,0.0,50.0,36.5,C,active,추가 교육이나 지원이 필요할 수 있습니다.,2025-02-17,,2025-10-15
1489,248,248,404,75.2,25.0,75.0,55.7,C,recommended,추가 교육이나 지원이 필요할 수 있습니다.,,,2024-12-07
1490,248,248,491,86.5,25.0,50.0,55.1,C,recommended,추가 교육이나 지원이 필요할 수 있습니다.,,,2025-09-20
1491,248,248,830,71.2,50.0,75.0,62.2,B,recommended,기본적인 케어 역량을 갖추고 있습니다.,,,2024-12-30
1492,248,248,818,92.6,50.0,75.0,76.1,B+,selected,주요 질환에 대한 케어 경험이 있습니다.,,,2025-03-26
1493,248,248,714,88.8,50.0,75.0,71.5,B+,recommended,주요 질환에 대한 케어 경험이 있습니다.,,,2024-12-01
1494,248,248,842,91.0,50.0,50.0,64.0,B,recommended,적응 기간이 다소 필요할 수 있습니다.,,,2024-11-09
1495,249,249,25,70.1,25.0,75.0,52.3,C,selected,다른 후보도 함께 검토해 보시기 바랍니다.,,,2025-01-10
1496,249,249,1000,73.6,50.0,75.0,64.2,B,completed,적응 기간이 다소 필요할 수 있습니다.,2024-12-08,2025-01-07,2025-10-21
1497,249,249,466,74.5,25.0,75.0,53.1,C,selected,추가 교육이나 지원이 필요할 수 있습니다.,,,2025-06-28
1498,249,249,475,65.8,75.0,75.0,71.0,B+,selected,성격 궁합이 양호하며 적응이 빠를 것으로 예상됩니다.,,,2024-12-04
1499,249,249,791,75.3,25.0,75.0,59.6,C,recommended,일부 조건 불일치가 있어 확인이 필요합니다.,,,2025-02-05
1500,249,249,142,65.8,50.0,75.0,64.7,B,completed,적응 기간이 다소 필요할 수 있습니다.,2025-09-17,2026-01-10,2025-10-29
1501,249,249,896,56.8,0.0,75.0,37.3,C,selected,추가 교육이나 지원이 필요할 수 있습니다.,,,2025-10-01
1502,249,249,721,87.5,0.0,75.0,48.2,C,recommended,다른 후보도 함께 검토해 보시기 바랍니다.,,,2025-01-14
1503,250,250,375,50.5,25.0,75.0,47.0,C,recommended,추가 교육이나 지원이 필요할 수 있습니다.,,,2025-02-12
1504,250,250,376,72.8,25.0,50.0,50.1,C,recommended,추가 교육이나 지원이 필요할 수 있습니다.,,,2025-09-17
1505,250,250,180,72.6,25.0,75.0,59.0,C,recommended,추가 교육이나 지원이 필요할 수 있습니다.,,,2025-02-23
1506,250,250,664,63.6,25.0,75.0,47.1,C,recommended,다른 후보도 함께 검토해 보시기 바랍니다.,,,2024-11-14
1507,251,251,893,68.1,33.3,75.0,54.1,C,selected,다른 후보도 함께 검토해 보시기 바랍니다.,,,2025-03-14
1508,251,251,983,58.1,66.7,100.0,73.8,B+,active,주요 질환에 대한 케어 경험이 있습니다.,2025-06-09,,2025-10-25
1509,251,251,720,72.6,33.3,75.0,56.2,C,selected,다른 후보도 함께 검토해 보시기 바랍니다.,,,2025-03-23
1510,251,251,215,67.7,66.7,75.0,69.1,B,completed,적응 기간이 다소 필요할 수 있습니다.,2025-08-27,2026-01-24,2025-02-27
1511,251,251,772,68.8,33.3,100.0,66.4,B,completed,적응 기간이 다소 필요할 수 있습니다.,2025-03-11,2025-07-13,2024-12-07
1512,251,251,763,77.9,33.3,75.0,56.2,C,completed,추가 교육이나 지원이 필요할 수 있습니다.,2025-03-08,2025-04-29,2025-05-10
1513,251,251,780,65.9,66.7,20.0,59.3,C,cancelled,추가 교육이나 지원이 필요할 수 있습니다.,,,2025-10-02
1514,251,251,231,81.8,33.3,50.0,51.1,C,recommended,추가 교육이나 지원이 필요할 수 있습니다.,,,2024-12-05
1515,252,252,509,86.9,33.3,75.0,67.0,B,recommended,기본적인 케어 역량을 갖추고 있습니다.,,,2025-06-29
1516,252,252,155,93.3,33.3,75.0,63.9,B,recommended,적응 기간이 다소 필요할 수 있습니다.,,,2025-02-22
1517,252,252,896,80.0,33.3,75.0,64.4,B,completed,일부 조건에서 조율이 필요할 수 있습니다.,2025-02-28,2025-06-26,2025-04-13
1518,252,252,210,83.7,33.3,75.0,59.3,C,completed,추가 교육이나 지원이 필요할 수 있습니다.,2025-09-26,2025-10-31,2025-03-05
1519,252,252,534,84.8,33.3,75.0,62.6,B,recommended,적응 기간이 다소 필요할 수 있습니다.,,,2024-12-31
1520,253,253,498,83.9,50.0,75.0,68.6,B,completed,적응 기간이 다소 필요할 수 있습니다.,2025-03-08,2025-06-23,2025-09-20
1521,253,253,608,71.7,50.0,75.0,60.6,B,recommended,일부 조건에서 조율이 필요할 수 있습니다.,,,2025-08-02
1522,253,253,682,72.5,25.0,75.0,54.0,C,cancelled,다른 후보도 함께 검토해 보시기 바랍니다.,,,2024-10-28
1523,253,253,714,79.9,0.0,75.0,50.2,C,recommended,추가 교육이나 지원이 필요할 수 있습니다.,,,2025-05-30
1524,253,253,543,75.8,50.0,75.0,63.1,B,recommended,기본적인 케어 역량을 갖추고 있습니다.,,,2025-01-14
1525,253,253,863,80.9,25.0,50.0,55.1,C,recommended,일부 조건 불일치가 있어 확인이 필요합니다.,,,2025-02-25
1526,254,254,187,94.5,33.3,20.0,55.4,C,recommended,추가 교육이나 지원이 필요할 수 있습니다.,,,2025-09-05
1527,254,254,997,91.8,66.7,20.0,61.2,B,recommended,기본적인 케어 역량을 갖추고 있습니다.,,,2025-06-17
1528,254,254,180,89.9,33.3,20.0,50.6,C,recommended,다른 후보도 함께 검토해 보시기 바랍니다.,,,2025-07-16
1529,254,254,860,91.2,0.0,20.0,35.6,C,completed,일부 조건 불일치가 있어 확인이 필요합니다.,2025-07-15,2026-01-04,2025-11-09
1530,254,254,726,89.2,66.7,20.0,59.4,C,selected,다른 후보도 함께 검토해 보시기 바랍니다.,,,2025-02-23
1531,254,254,710,71.5,33.3,20.0,48.1,C,recommended,일부 조건 불일치가 있어 확인이 필요합니다.,,,2025-06-25
1532,255,255,943,73.2,50.0,75.0,64.4,B,active,일부 조건에서 조율이 필요할 수 있습니다.,2025-08-15,,2025-06-16
1533,255,255,26,83.8,0.0,20.0,30.9,C,completed,다른 후보도 함께 검토해 보시기 바랍니다.,2025-01-22,2025-06-30,2024-12-30
1534,255,255,415,80.0,0.0,75.0,50.7,C,recommended,일부 조건 불일치가 있어 확인이 필요합니다.,,,2024-12-20
1535,255,255,954,79.4,75.0,75.0,73.0,B+,selected,전반적으로 좋은 매칭입니다.,,,2024-11-18
1536,256,256,347,85.0,33.3,75.0,58.2,C,recommended,일부 조건 불일치가 있어 확인이 필요합니다.,,,2025-09-28
1537,256,256,706,76.3,0.0,75.0,43.5,C,recommended,다른 후보도 함께 검토해 보시기 바랍니다.,,,2025-01-14
1538,256,256,116,87.0,0.0,75.0,52.6,C,active,다른 후보도 함께 검토해 보시기 바랍니다.,2025-03-14,,2025-10-10
1539,256,256,750,89.4,66.7,50.0,68.7,B,recommended,적응 기간이 다소 필요할 수 있습니다.,,,2025-01-02
1540,256,256,491,86.2,0.0,50.0,39.6,C,selected,일부 조건 불일치가 있어 확인이 필요합니다.,,,2025-08-05
1541,256,256,922,83.8,33.3,75.0,64.2,B,completed,기본적인 케어 역량을 갖추고 있습니다.,2025-06-08,2025-08-27,2025-10-15
1542,256,256,42,86.5,0.0,75.0,50.8,C,recommended,추가 교육이나 지원이 필요할 수 있습니다.,,,2025-03-09
1543,257,257,200,82.8,50.0,75.0,63.3,B,active,일부 조건에서 조율이 필요할 수 있습니다.,2025-04-27,,2025-09-12
1544,257,257,503,83.8,25.0,75.0,60.2,B,recommended,일부 조건에서 조율이 필요할 수 있습니다.,,,2025-05-21
1545,257,257,326,76.0,50.0,75.0,64.2,B,cancelled,기본적인 케어 역량을 갖추고 있습니다.,,,2025-07-04
1546,257,257,618,79.7,0.0,75.0,45.1,C,recommended,다른 후보도 함께 검토해 보시기 바랍니다.,,,2025-04-12
1547,257,257,620,81.7,50.0,75.0,71.1,B+,completed,전반적으로 좋은 매칭입니다.,2025-09-14,2025-12-08,2025-04-13
1548,257,257,524,88.2,25.0,75.0,62.7,B,active,기본적인 케어 역량을 갖추고 있습니다.,2025-06-03,,2024-11-19
1549,257,257,967,80.8,0.0,75.0,51.7,C,recommended,다른 후보도 함께 검토해 보시기 바랍니다.,,,2024-11-18
1550,258,258,143,69.8,33.3,75.0,54.6,C,active,다른 후보도 함께 검토해 보시기 바랍니다.,2025-02-02,,2025-10-24
1551,258,258,856,80.6,33.3,75.0,64.6,B,cancelled,적응 기간이 다소 필요할 수 있습니다.,,,2024-11-04
1552,258,258,602,86.0,66.7,75.0,74.3,B+,active,성격 궁합이 양호하며 적응이 빠를 것으로 예상됩니다.,2025-10-25,,2025-01-03
1553,258,258,613,83.4,0.0,75.0,52.1,C,completed,일부 조건 불일치가 있어 확인이 필요합니다.,2025-03-30,2025-06-12,2025-04-04
1554,258,258,89,86.8,66.7,75.0,72.8,B+,completed,전반적으로 좋은 매칭입니다.,2025-04-16,2025-07-29,2025-03-20
1555,258,258,148,86.0,0.0,75.0,52.2,C,recommended,다른 후보도 함께 검토해 보시기 바랍니다.,,,2025-03-19
1556,258,258,213,83.9,0.0,75.0,48.7,C,recommended,다른 후보도 함께 검토해 보시기 바랍니다.,,,2025-08-04
1557,259,259,811,75.2,66.7,75.0,69.7,B,active,적응 기간이 다소 필요할 수 있습니다.,2024-12-05,,2025-03-30
1558,259,259,3,89.2,33.3,50.0,53.3,C,recommended,일부 조건 불일치가 있어 확인이 필요합니다.,,,2025-07-02
1559,259,259,158,80.6,0.0,50.0,39.9,C,completed,추가 교육이나 지원이 필요할 수 있습니다.,2025-02-19,2025-05-22,2025-09-26
1560,259,259,269,87.1,33.3,50.0,61.2,B,completed,적응 기간이 다소 필요할 수 있습니다.,2025-09-24,2026-01-24,2025-03-25
1561,260,260,998,84.3,0.0,75.0,49.0,C,recommended,다른 후보도 함께 검토해 보시기 바랍니다.,,,2025-09-04
1562,260,260,711,79.0,25.0,75.0,57.2,C,recommended,추가 교육이나 지원이 필요할 수 있습니다.,,,2025-06-16
1563,260,260,838,93.5,25.0,50.0,54.8,C,completed,추가 교육이나 지원이 필요할 수 있습니다.,2025-08-20,2025-12-19,2025-10-30
1564,260,260,123,86.5,25.0,75.0,60.4,B,recommended,일부 조건에서 조율이 필요할 수 있습니다.,,,2025-11-02
1565,260,260,383,76.5,25.0,75.0,53.4,C,completed,일부 조건 불일치가 있어 확인이 필요합니다.,2025-01-30,2025-03-20,2025-08-19
1566,260,260,525,89.3,50.0,75.0,72.7,B+,selected,전반적으로 좋은 매칭입니다.,,,2024-11-06
1567,260,260,751,76.2,25.0,75.0,52.1,C,active,다른 후보도 함께 검토해 보시기 바랍니다.,2025-05-16,,2024-12-11
1568,261,261,278,80.9,0.0,75.0,47.4,C,recommended,다른 후보도 함께 검토해 보시기 바랍니다.,,,2025-09-14
1569,261,261,702,94.3,33.3,50.0,54.0,C,active,다른 후보도 함께 검토해 보시기 바랍니다.,2025-02-05,,2025-05-20
1570,261,261,715,83.3,66.7,75.0,77.4,B+,active,성격 궁합이 양호하며 적응이 빠를 것으로 예상됩니다.,2025-04-01,,2025-09-04
1571,261,261,705,79.6,33.3,50.0,49.7,C,selected,추가 교육이나 지원이 필요할 수 있습니다.,,,2025-03-14
1572,261,261,372,83.5,66.7,75.0,71.9,B+,recommended,주요 질환에 대한 케어 경험이 있습니다.,,,2025-02-13
1573,261,261,99,77.1,33.3,75.0,60.2,B,completed,적응 기간이 다소 필요할 수 있습니다.,2025-02-01,2025-07-17,2025-02-17
1574,262,262,472,81.5,25.0,50.0,46.2,C,completed,일부 조건 불일치가 있어 확인이 필요합니다.,2025-05-03,2025-08-20,2025-05-25
1575,262,262,939,79.2,25.0,50.0,54.1,C,recommended,일부 조건 불일치가 있어 확인이 필요합니다.,,,2025-03-04
1576,262,262,79,79.9,50.0,75.0,69.3,B,recommended,일부 조건에서 조율이 필요할 수 있습니다.,,,2025-08-30
1577,262,262,120,75.5,25.0,50.0,51.0,C,recommended,추가 교육이나 지원이 필요할 수 있습니다.,,,2024-11-10
1578,262,262,839,82.1,0.0,50.0,44.4,C,active,추가 교육이나 지원이 필요할 수 있습니다.,2025-07-07,,2024-12-06
1579,262,262,135,95.0,25.0,50.0,52.2,C,selected,추가 교육이나 지원이 필요할 수 있습니다.,,,2025-06-22
1580,262,262,946,86.6,50.0,50.0,59.1,C,selected,추가 교육이나 지원이 필요할 수 있습니다.,,,2025-10-17
1581,263,263,708,79.2,25.0,50.0,50.1,C,recommended,다른 후보도 함께 검토해 보시기 바랍니다.,,,2025-11-05
1582,263,263,782,70.5,75.0,75.0,70.4,B+,selected,주요 질환에 대한 케어 경험이 있습니다.,,,2024-12-24
1583,263,263,803,75.7,25.0,75.0,55.4,C,selected,추가 교육이나 지원이 필요할 수 있습니다.,,,2025-03-31
1584,263,263,115,88.6,25.0,75.0,55.9,C,recommended,다른 후보도 함께 검토해 보시기 바랍니다.,,,2025-11-04
1585,263,263,80,80.2,25.0,75.0,52.5,C,cancelled,일부 조건 불일치가 있어 확인이 필요합니다.,,,2025-11-21
1586,263,263,20,84.0,25.0,75.0,60.7,B,recommended,기본적인 케어 역량을 갖추고 있습니다.,,,2025-01-22
1587,263,263,794,85.6,75.0,75.0,75.8,B+,completed,전반적으로 좋은 매칭입니다.,2025-07-18,2025-10-03,2025-05-31
1588,264,264,972,88.6,0.0,75.0,49.8,C,recommended,일부 조건 불일치가 있어 확인이 필요합니다.,,,2025-01-17
1589,264,264,594,71.7,25.0,75.0,51.2,C,recommended,일부 조건 불일치가 있어 확인이 필요합니다.,,,2025-10-23
1590,264,264,357,66.6,50.0,75.0,58.1,C,completed,일부 조건 불일치가 있어 확인이 필요합니다.,2025-01-05,2025-02-07,2025-08-07
1591,264,264,361,72.1,25.0,20.0,37.0,C,active,추가 교육이나 지원이 필요할 수 있습니다.,2025-01-26,,2024-11-20
1592,264,264,165,78.0,75.0,20.0,58.3,C,cancelled,추가 교육이나 지원이 필요할 수 있습니다.,,,2025-03-13
1593,264,264,876,70.8,25.0,75.0,57.0,C,recommended,다른 후보도 함께 검토해 보시기 바랍니다.,,,2025-05-23
1594,265,265,190,78.7,66.7,50.0,71.5,B+,recommended,성격 궁합이 양호하며 적응이 빠를 것으로 예상됩니다.,,,2025-08-09
1595,265,265,451,83.3,100.0,75.0,88.1,A,completed,성격 궁합이 좋아 원활한 소통이 기대됩니다.,2025-04-03,2025-05-31,2025-09-24
1596,265,265,690,82.9,33.3,75.0,57.5,C,selected,다른 후보도 함께 검토해 보시기 바랍니다.,,,2024-12-01
1597,265,265,981,81.8,0.0,75.0,45.3,C,recommended,일부 조건 불일치가 있어 확인이 필요합니다.,,,2025-11-06
1598,265,265,110,79.7,33.3,75.0,55.8,C,recommended,다른 후보도 함께 검토해 보시기 바랍니다.,,,2025-09-28
1599,265,265,186,81.9,0.0,75.0,46.3,C,recommended,다른 후보도 함께 검토해 보시기 바랍니다.,,,2025-01-23
1600,265,265,855,79.9,66.7,75.0,75.7,B+,completed,전반적으로 좋은 매칭입니다.,2025-03-15,2025-06-10,2025-05-02
1601,265,265,364,82.5,66.7,75.0,71.2,B+,recommended,주요 질환에 대한 케어 경험이 있습니다.,,,2025-03-28
1602,266,266,184,77.9,50.0,75.0,65.0,B,recommended,적응 기간이 다소 필요할 수 있습니다.,,,2024-12-24
1603,266,266,14,67.9,50.0,75.0,64.3,B,recommended,기본적인 케어 역량을 갖추고 있습니다.,,,2025-09-14
1604,266,266,691,82.2,0.0,75.0,46.5,C,recommended,일부 조건 불일치가 있어 확인이 필요합니다.,,,2025-01-28
1605,266,266,504,78.5,25.0,50.0,54.8,C,recommended,일부 조건 불일치가 있어 확인이 필요합니다.,,,2025-09-01
1606,266,266,689,80.9,50.0,75.0,62.7,B,active,일부 조건에서 조율이 필요할 수 있습니다.,2025-07-19,,2025-08-16
1607,266,266,108,92.1,50.0,100.0,78.2,B+,recommended,성격 궁합이 양호하며 적응이 빠를 것으로 예상됩니다.,,,2025-09-25
1608,267,267,859,71.5,25.0,75.0,56.4,C,completed,일부 조건 불일치가 있어 확인이 필요합니다.,2025-01-04,2025-04-13,2025-05-06
1609,267,267,435,81.3,75.0,75.0,78.2,B+,recommended,성격 궁합이 양호하며 적응이 빠를 것으로 예상됩니다.,,,2025-03-23
1610,267,267,743,77.5,25.0,50.0,49.8,C,selected,추가 교육이나 지원이 필요할 수 있습니다.,,,2024-10-29
1611,267,267,512,82.5,25.0,75.0,57.2,C,completed,다른 후보도 함께 검토해 보시기 바랍니다.,2025-08-27,2025-11-29,2025-03-17
1612,267,267,286,80.3,0.0,20.0,28.4,C,active,추가 교육이나 지원이 필요할 수 있습니다.,2025-10-01,,2025-03-16
1613,268,268,996,58.6,0.0,75.0,41.0,C,selected,추가 교육이나 지원이 필요할 수 있습니다.,,,2025-06-24
1614,268,268,184,67.9,50.0,75.0,63.7,B,recommended,기본적인 케어 역량을 갖추고 있습니다.,,,2024-11-02
1615,268,268,392,71.0,0.0,20.0,25.6,C,recommended,일부 조건 불일치가 있어 확인이 필요합니다.,,,2024-10-30
1616,268,268,620,73.7,0.0,75.0,44.5,C,active,추가 교육이나 지원이 필요할 수 있습니다.,2025-03-04,,2025-06-29
1617,269,269,503,79.1,25.0,75.0,56.9,C,cancelled,추가 교육이나 지원이 필요할 수 있습니다.,,,2024-10-31
1618,269,269,517,84.3,50.0,75.0,63.6,B,completed,일부 조건에서 조율이 필요할 수 있습니다.,2025-03-22,2025-05-21,2025-04-10
1619,269,269,268,90.3,25.0,75.0,59.8,C,selected,추가 교육이나 지원이 필요할 수 있습니다.,,,2025-11-10
1620,269,269,556,84.9,25.0,75.0,55.2,C,completed,다른 후보도 함께 검토해 보시기 바랍니다.,2025-05-26,2025-08-06,2025-04-20
1621,269,269,352,89.6,50.0,100.0,75.2,B+,active,전반적으로 좋은 매칭입니다.,2025-09-02,,2024-12-16
1622,269,269,829,76.4,25.0,75.0,55.4,C,recommended,일부 조건 불일치가 있어 확인이 필요합니다.,,,2024-12-11
1623,269,269,881,85.5,25.0,75.0,59.1,C,selected,다른 후보도 함께 검토해 보시기 바랍니다.,,,2025-03-28
1624,270,270,875,95.5,0.0,50.0,50.6,C,cancelled,일부 조건 불일치가 있어 확인이 필요합니다.,,,2024-12-15
1625,270,270,161,85.2,25.0,50.0,50.9,C,recommended,다른 후보도 함께 검토해 보시기 바랍니다.,,,2025-06-15
1626,270,270,519,93.0,25.0,50.0,50.7,C,active,추가 교육이나 지원이 필요할 수 있습니다.,2024-12-30,,2025-09-22
1627,270,270,58,89.2,50.0,75.0,73.3,B+,recommended,성격 궁합이 양호하며 적응이 빠를 것으로 예상됩니다.,,,2024-11-12
1628,270,270,401,89.5,50.0,50.0,64.7,B,active,일부 조건에서 조율이 필요할 수 있습니다.,2024-12-12,,2025-05-16
1629,270,270,270,71.6,50.0,50.0,53.5,C,recommended,다른 후보도 함께 검토해 보시기 바랍니다.,,,2025-05-28
1630,270,270,507,66.6,25.0,50.0,44.9,C,recommended,추가 교육이나 지원이 필요할 수 있습니다.,,,2024-12-23
1631,270,270,606,93.3,25.0,50.0,52.6,C,completed,일부 조건 불일치가 있어 확인이 필요합니다.,2025-06-30,2025-10-17,2025-10-14
1632,271,271,118,78.4,0.0,100.0,47.8,C,recommended,일부 조건 불일치가 있어 확인이 필요합니다.,,,2025-04-24
1633,271,271,346,71.4,33.3,75.0,57.8,C,active,다른 후보도 함께 검토해 보시기 바랍니다.,2025-03-27,,2025-11-16
1634,271,271,174,70.9,0.0,75.0,45.5,C,completed,다른 후보도 함께 검토해 보시기 바랍니다.,2024-12-31,2025-02-04,2025-05-17
1635,271,271,21,70.5,66.7,50.0,64.6,B,completed,적응 기간이 다소 필요할 수 있습니다.,2025-02-20,2025-04-16,2024-12-16
1636,271,271,552,64.2,33.3,75.0,54.6,C,recommended,일부 조건 불일치가 있어 확인이 필요합니다.,,,2025-06-06
1637,271,271,334,71.2,33.3,75.0,53.7,C,recommended,다른 후보도 함께 검토해 보시기 바랍니다.,,,2025-05-24
1638,272,272,207,70.5,66.7,75.0,73.5,B+,recommended,전반적으로 좋은 매칭입니다.,,,2025-08-09
1639,272,272,509,73.2,33.3,75.0,55.6,C,cancelled,추가 교육이나 지원이 필요할 수 있습니다.,,,2025-06-27
1640,272,272,651,74.3,0.0,50.0,43.5,C,cancelled,다른 후보도 함께 검토해 보시기 바랍니다.,,,2025-08-03
1641,272,272,868,82.7,33.3,75.0,62.3,B,active,적응 기간이 다소 필요할 수 있습니다.,2025-09-11,,2025-02-03
1642,272,272,998,91.6,0.0,75.0,46.8,C,completed,추가 교육이나 지원이 필요할 수 있습니다.,2025-05-09,2025-08-16,2025-02-09
1643,272,272,807,88.4,33.3,75.0,62.3,B,active,기본적인 케어 역량을 갖추고 있습니다.,2025-05-04,,2024-12-28
1644,272,272,78,82.9,33.3,50.0,58.1,C,active,다른 후보도 함께 검토해 보시기 바랍니다.,2025-02-12,,2025-04-19
1645,273,273,321,74.2,50.0,75.0,66.4,B,recommended,적응 기간이 다소 필요할 수 있습니다.,,,2025-08-26
1646,273,273,205,80.6,25.0,50.0,54.5,C,completed,추가 교육이나 지원이 필요할 수 있습니다.,2024-12-11,2025-05-22,2025-02-04
1647,273,273,425,70.8,25.0,50.0,51.9,C,recommended,일부 조건 불일치가 있어 확인이 필요합니다.,,,2025-04-01
1648,273,273,412,74.8,50.0,50.0,56.3,C,completed,일부 조건 불일치가 있어 확인이 필요합니다.,2024-12-06,2025-05-21,2024-10-29
1649,273,273,258,84.0,75.0,20.0,66.7,B,completed,기본적인 케어 역량을 갖추고 있습니다.,2025-09-28,2026-03-10,2025-05-24
1650,273,273,640,66.0,25.0,20.0,34.6,C,completed,다른 후보도 함께 검토해 보시기 바랍니다.,2025-05-28,2025-10-16,2025-06-16
1651,273,273,528,83.6,50.0,50.0,63.1,B,recommended,일부 조건에서 조율이 필요할 수 있습니다.,,,2025-07-13
1652,273,273,465,80.0,50.0,50.0,63.7,B,recommended,적응 기간이 다소 필요할 수 있습니다.,,,2025-09-05
1653,274,274,704,69.3,25.0,50.0,43.2,C,recommended,추가 교육이나 지원이 필요할 수 있습니다.,,,2025-07-24
1654,274,274,616,77.3,75.0,75.0,78.8,B+,selected,성격 궁합이 양호하며 적응이 빠를 것으로 예상됩니다.,,,2025-04-03
1655,274,274,242,77.2,50.0,75.0,65.6,B,recommended,일부 조건에서 조율이 필요할 수 있습니다.,,,2025-04-24
1656,274,274,416,83.5,50.0,50.0,63.2,B,completed,기본적인 케어 역량을 갖추고 있습니다.,2025-10-10,2025-12-30,2025-07-10
1657,274,274,245,84.2,75.0,75.0,81.1,A,completed,전문분야 일치도가 높고 케어 경험이 풍부합니다.,2025-06-08,2025-11-25,2025-01-01
1658,274,274,117,82.6,25.0,75.0,57.5,C,recommended,추가 교육이나 지원이 필요할 수 있습니다.,,,2025-10-29
1659,275,275,322,79.0,33.3,75.0,55.4,C,recommended,다른 후보도 함께 검토해 보시기 바랍니다.,,,2025-05-24
1660,275,275,617,63.4,0.0,50.0,36.4,C,recommended,추가 교육이나 지원이 필요할 수 있습니다.,,,2025-05-07
1661,275,275,306,70.3,33.3,75.0,61.1,B,active,기본적인 케어 역량을 갖추고 있습니다.,2025-08-18,,2025-09-30
1662,275,275,888,82.6,0.0,75.0,48.4,C,selected,일부 조건 불일치가 있어 확인이 필요합니다.,,,2025-09-26
1663,276,276,681,73.6,25.0,75.0,54.5,C,cancelled,추가 교육이나 지원이 필요할 수 있습니다.,,,2025-07-28
1664,276,276,849,90.4,25.0,50.0,55.2,C,recommended,다른 후보도 함께 검토해 보시기 바랍니다.,,,2025-06-11
1665,276,276,595,86.5,50.0,50.0,66.1,B,cancelled,적응 기간이 다소 필요할 수 있습니다.,,,2025-05-11
1666,276,276,973,87.1,25.0,75.0,62.3,B,completed,기본적인 케어 역량을 갖추고 있습니다.,2025-06-30,2025-11-15,2025-09-14
1667,276,276,794,76.7,50.0,75.0,70.3,B+,recommended,성격 궁합이 양호하며 적응이 빠를 것으로 예상됩니다.,,,2025-05-01
1668,276,276,954,76.5,25.0,75.0,53.1,C,cancelled,일부 조건 불일치가 있어 확인이 필요합니다.,,,2025-10-29
1669,276,276,538,80.4,0.0,75.0,46.8,C,recommended,다른 후보도 함께 검토해 보시기 바랍니다.,,,2024-12-03
1670,276,276,258,87.1,25.0,20.0,50.0,C,completed,다른 후보도 함께 검토해 보시기 바랍니다.,2025-05-19,2025-11-04,2025-03-28
1671,277,277,372,92.3,0.0,75.0,49.1,C,recommended,일부 조건 불일치가 있어 확인이 필요합니다.,,,2025-01-20
1672,277,277,487,88.3,0.0,75.0,45.0,C,completed,다른 후보도 함께 검토해 보시기 바랍니다.,2025-10-01,2025-12-31,2025-02-17
1673,277,277,733,79.5,25.0,50.0,54.9,C,completed,일부 조건 불일치가 있어 확인이 필요합니다.,2025-04-26,2025-06-26,2025-07-28
1674,277,277,377,79.2,0.0,75.0,41.6,C,completed,다른 후보도 함께 검토해 보시기 바랍니다.,2025-04-10,2025-07-14,2025-10-11
1675,277,277,842,76.7,25.0,50.0,47.3,C,completed,일부 조건 불일치가 있어 확인이 필요합니다.,2025-08-07,2025-12-27,2025-06-17
1676,278,278,809,70.6,0.0,50.0,41.6,C,recommended,다른 후보도 함께 검토해 보시기 바랍니다.,,,2024-11-14
1677,278,278,35,77.9,50.0,100.0,71.4,B+,recommended,성격 궁합이 양호하며 적응이 빠를 것으로 예상됩니다.,,,2024-11-24
1678,278,278,281,78.0,25.0,75.0,55.3,C,recommended,추가 교육이나 지원이 필요할 수 있습니다.,,,2025-09-05
1679,278,278,888,75.1,25.0,75.0,57.0,C,recommended,일부 조건 불일치가 있어 확인이 필요합니다.,,,2025-10-24
1680,278,278,83,83.4,25.0,75.0,56.5,C,active,일부 조건 불일치가 있어 확인이 필요합니다.,2024-12-24,,2025-02-19
1681,278,278,843,83.5,50.0,50.0,64.1,B,recommended,일부 조건에서 조율이 필요할 수 있습니다.,,,2024-12-06
1682,278,278,799,75.6,0.0,75.0,40.5,C,cancelled,추가 교육이나 지원이 필요할 수 있습니다.,,,2025-01-02
1683,279,279,646,80.2,75.0,75.0,71.8,B+,completed,성격 궁합이 양호하며 적응이 빠를 것으로 예상됩니다.,2025-07-18,2025-11-03,2025-02-05
1684,279,279,455,72.5,75.0,75.0,71.6,B+,completed,전반적으로 좋은 매칭입니다.,2024-11-30,2025-02-01,2024-12-10
1685,279,279,811,77.0,25.0,50.0,49.0,C,recommended,일부 조건 불일치가 있어 확인이 필요합니다.,,,2025-09-19
1686,279,279,657,79.6,0.0,75.0,44.2,C,completed,다른 후보도 함께 검토해 보시기 바랍니다.,2024-12-29,2025-04-21,2025-08-17
1687,279,279,140,81.0,25.0,50.0,47.7,C,cancelled,다른 후보도 함께 검토해 보시기 바랍니다.,,,2025-02-07
1688,280,280,22,79.6,50.0,75.0,68.1,B,selected,적응 기간이 다소 필요할 수 있습니다.,,,2025-08-01
1689,280,280,971,90.7,0.0,75.0,54.6,C,selected,다른 후보도 함께 검토해 보시기 바랍니다.,,,2025-08-17
1690,280,280,24,90.4,0.0,75.0,48.0,C,completed,다른 후보도 함께 검토해 보시기 바랍니다.,2025-08-03,2025-09-14,2025-01-14
1691,280,280,946,93.3,25.0,75.0,57.9,C,recommended,다른 후보도 함께 검토해 보시기 바랍니다.,,,2025-08-31
1692,280,280,572,79.5,25.0,75.0,61.1,B,active,기본적인 케어 역량을 갖추고 있습니다.,2025-08-29,,2024-11-24
1693,281,281,446,91.1,0.0,50.0,40.6,C,recommended,일부 조건 불일치가 있어 확인이 필요합니다.,,,2025-08-14
1694,281,281,792,91.8,25.0,75.0,57.8,C,recommended,다른 후보도 함께 검토해 보시기 바랍니다.,,,2025-07-02
1695,281,281,943,81.7,25.0,75.0,59.8,C,recommended,다른 후보도 함께 검토해 보시기 바랍니다.,,,2025-09-21
1696,281,281,951,90.2,50.0,75.0,69.6,B,recommended,기본적인 케어 역량을 갖추고 있습니다.,,,2025-01-23
1697,281,281,465,82.4,75.0,75.0,74.7,B+,recommended,성격 궁합이 양호하며 적응이 빠를 것으로 예상됩니다.,,,2024-11-19
1698,281,281,848,74.9,50.0,75.0,66.7,B,recommended,일부 조건에서 조율이 필요할 수 있습니다.,,,2025-08-26
1699,281,281,690,88.0,50.0,75.0,68.6,B,cancelled,기본적인 케어 역량을 갖추고 있습니다.,,,2025-11-12
1700,281,281,507,82.5,0.0,75.0,45.5,C,selected,다른 후보도 함께 검토해 보시기 바랍니다.,,,2025-07-29
1701,282,282,462,79.5,66.7,75.0,69.1,B,cancelled,일부 조건에서 조율이 필요할 수 있습니다.,,,2025-09-19
1702,282,282,930,69.4,0.0,75.0,46.8,C,recommended,일부 조건 불일치가 있어 확인이 필요합니다.,,,2025-05-07
1703,282,282,255,88.7,33.3,50.0,58.8,C,recommended,일부 조건 불일치가 있어 확인이 필요합니다.,,,2025-05-14
1704,282,282,379,94.1,0.0,50.0,47.5,C,selected,일부 조건 불일치가 있어 확인이 필요합니다.,,,2025-01-25
1705,282,282,597,85.4,66.7,75.0,72.9,B+,selected,주요 질환에 대한 케어 경험이 있습니다.,,,2025-02-14
1706,282,282,701,71.6,66.7,75.0,66.1,B,recommended,일부 조건에서 조율이 필요할 수 있습니다.,,,2025-07-29
1707,282,282,663,74.6,33.3,75.0,57.9,C,active,일부 조건 불일치가 있어 확인이 필요합니다.,2025-04-30,,2024-12-18
1708,282,282,470,82.3,33.3,50.0,59.3,C,recommended,일부 조건 불일치가 있어 확인이 필요합니다.,,,2024-11-28
1709,283,283,6,75.4,25.0,50.0,47.7,C,selected,다른 후보도 함께 검토해 보시기 바랍니다.,,,2024-12-18
1710,283,283,260,87.6,50.0,75.0,68.1,B,completed,적응 기간이 다소 필요할 수 있습니다.,2025-01-15,2025-02-24,2025-08-27
1711,283,283,517,85.9,50.0,75.0,68.7,B,recommended,일부 조건에서 조율이 필요할 수 있습니다.,,,2025-04-01
1712,283,283,635,79.0,25.0,75.0,52.7,C,recommended,다른 후보도 함께 검토해 보시기 바랍니다.,,,2024-11-28
1713,284,284,444,76.7,25.0,20.0,45.6,C,completed,다른 후보도 함께 검토해 보시기 바랍니다.,2025-06-07,2025-10-07,2025-07-05
1714,284,284,146,72.0,0.0,75.0,45.1,C,recommended,다른 후보도 함께 검토해 보시기 바랍니다.,,,2025-03-07
1715,284,284,267,82.3,50.0,75.0,65.7,B,recommended,기본적인 케어 역량을 갖추고 있습니다.,,,2025-06-18
1716,284,284,120,70.9,25.0,75.0,55.9,C,cancelled,다른 후보도 함께 검토해 보시기 바랍니다.,,,2024-10-31
1717,284,284,321,77.2,25.0,50.0,54.0,C,recommended,일부 조건 불일치가 있어 확인이 필요합니다.,,,2024-12-25
1718,284,284,46,78.3,25.0,75.0,57.5,C,active,추가 교육이나 지원이 필요할 수 있습니다.,2025-03-17,,2025-08-22
1719,284,284,131,81.7,75.0,50.0,67.6,B,cancelled,기본적인 케어 역량을 갖추고 있습니다.,,,2025-08-25
1720,284,284,512,81.0,0.0,75.0,42.5,C,recommended,다른 후보도 함께 검토해 보시기 바랍니다.,,,2025-09-04
1721,285,285,447,93.1,75.0,50.0,73.7,B+,recommended,전반적으로 좋은 매칭입니다.,,,2025-02-12
1722,285,285,119,75.0,25.0,50.0,48.6,C,recommended,다른 후보도 함께 검토해 보시기 바랍니다.,,,2025-09-30
1723,285,285,917,82.6,50.0,50.0,64.9,B,recommended,기본적인 케어 역량을 갖추고 있습니다.,,,2025-09-24
1724,285,285,950,93.4,25.0,50.0,53.7,C,recommended,추가 교육이나 지원이 필요할 수 있습니다.,,,2025-07-04
1725,285,285,507,68.9,25.0,50.0,43.4,C,active,일부 조건 불일치가 있어 확인이 필요합니다.,2025-08-03,,2025-03-11
1726,285,285,42,79.7,0.0,50.0,43.6,C,recommended,일부 조건 불일치가 있어 확인이 필요합니다.,,,2024-12-22
1727,285,285,453,85.1,0.0,75.0,49.4,C,selected,일부 조건 불일치가 있어 확인이 필요합니다.,,,2025-11-24
1728,286,286,786,85.7,25.0,75.0,58.7,C,cancelled,추가 교육이나 지원이 필요할 수 있습니다.,,,2025-06-11
1729,286,286,585,87.8,0.0,75.0,44.8,C,completed,다른 후보도 함께 검토해 보시기 바랍니다.,2025-08-27,2026-01-04,2025-01-28
1730,286,286,185,74.3,75.0,50.0,71.9,B+,active,주요 질환에 대한 케어 경험이 있습니다.,2025-08-11,,2025-10-16
1731,286,286,427,78.3,25.0,75.0,55.8,C,recommended,일부 조건 불일치가 있어 확인이 필요합니다.,,,2024-12-24
1732,286,286,943,86.8,25.0,75.0,58.9,C,active,다른 후보도 함께 검토해 보시기 바랍니다.,2024-12-11,,2025-01-26
1733,286,286,79,78.3,50.0,50.0,61.5,B,active,기본적인 케어 역량을 갖추고 있습니다.,2025-05-13,,2024-12-26
1734,286,286,253,81.0,50.0,75.0,68.3,B,selected,일부 조건에서 조율이 필요할 수 있습니다.,,,2025-06-13
1735,286,286,787,87.1,25.0,75.0,63.7,B,recommended,적응 기간이 다소 필요할 수 있습니다.,,,2025-02-08
1736,287,287,217,84.3,100.0,75.0,86.1,A,completed,안정적인 케어 서비스 제공이 예상됩니다.,2025-09-30,2025-11-17,2025-01-22
1737,287,287,884,83.1,33.3,75.0,58.7,C,recommended,추가 교육이나 지원이 필요할 수 있습니다.,,,2024-10-28
1738,287,287,50,76.7,0.0,75.0,49.3,C,recommended,추가 교육이나 지원이 필요할 수 있습니다.,,,2025-11-16
1739,287,287,821,84.5,33.3,75.0,65.2,B,selected,기본적인 케어 역량을 갖추고 있습니다.,,,2025-05-12
1740,287,287,660,85.0,100.0,75.0,91.3,A+,active,모든 조건이 탁월하게 일치합니다.,2025-06-05,,2024-11-06
1741,288,288,124,70.8,50.0,50.0,59.6,C,completed,다른 후보도 함께 검토해 보시기 바랍니다.,2025-05-23,2025-07-25,2024-12-21
1742,288,288,306,66.0,0.0,75.0,42.0,C,completed,다른 후보도 함께 검토해 보시기 바랍니다.,2025-02-20,2025-07-14,2025-03-28
1743,288,288,503,82.5,0.0,75.0,46.9,C,completed,일부 조건 불일치가 있어 확인이 필요합니다.,2025-03-26,2025-07-28,2025-08-23
1744,288,288,821,74.3,25.0,75.0,50.7,C,recommended,일부 조건 불일치가 있어 확인이 필요합니다.,,,2025-06-05
1745,288,288,443,67.1,25.0,75.0,57.0,C,recommended,일부 조건 불일치가 있어 확인이 필요합니다.,,,2025-08-04
1746,289,289,954,80.7,66.7,75.0,73.9,B+,selected,성격 궁합이 양호하며 적응이 빠를 것으로 예상됩니다.,,,2025-04-01
1747,289,289,508,79.1,0.0,50.0,39.6,C,recommended,다른 후보도 함께 검토해 보시기 바랍니다.,,,2025-06-26
1748,289,289,540,68.7,33.3,75.0,52.6,C,recommended,추가 교육이나 지원이 필요할 수 있습니다.,,,2024-12-11
1749,289,289,645,69.4,66.7,75.0,73.7,B+,completed,성격 궁합이 양호하며 적응이 빠를 것으로 예상됩니다.,2025-06-23,2025-12-03,2025-06-28
1750,289,289,663,71.6,33.3,75.0,52.9,C,recommended,추가 교육이나 지원이 필요할 수 있습니다.,,,2025-03-09
1751,290,290,523,84.2,0.0,75.0,47.9,C,selected,일부 조건 불일치가 있어 확인이 필요합니다.,,,2025-02-08
1752,290,290,436,78.6,0.0,75.0,49.4,C,recommended,다른 후보도 함께 검토해 보시기 바랍니다.,,,2025-07-19
1753,290,290,423,84.5,0.0,75.0,49.2,C,recommended,일부 조건 불일치가 있어 확인이 필요합니다.,,,2025-11-18
1754,290,290,97,81.8,50.0,75.0,63.5,B,recommended,적응 기간이 다소 필요할 수 있습니다.,,,2025-04-04
1755,291,291,806,68.9,25.0,50.0,42.4,C,cancelled,일부 조건 불일치가 있어 확인이 필요합니다.,,,2025-06-27
1756,291,291,187,84.8,50.0,50.0,60.3,B,completed,적응 기간이 다소 필요할 수 있습니다.,2025-03-10,2025-08-02,2025-07-14
1757,291,291,864,61.4,50.0,50.0,51.1,C,cancelled,추가 교육이나 지원이 필요할 수 있습니다.,,,2024-11-09
1758,291,291,403,85.0,25.0,75.0,63.3,B,selected,일부 조건에서 조율이 필요할 수 있습니다.,,,2024-12-17
1759,291,291,47,76.4,0.0,75.0,41.6,C,recommended,일부 조건 불일치가 있어 확인이 필요합니다.,,,2025-11-17
1760,292,292,405,84.9,25.0,20.0,46.3,C,selected,다른 후보도 함께 검토해 보시기 바랍니다.,,,2024-12-07
1761,292,292,120,75.9,0.0,20.0,30.6,C,recommended,일부 조건 불일치가 있어 확인이 필요합니다.,,,2024-11-10
1762,292,292,14,84.9,50.0,20.0,55.7,C,completed,일부 조건 불일치가 있어 확인이 필요합니다.,2025-02-21,2025-06-08,2025-01-15
1763,292,292,176,88.0,50.0,20.0,60.4,B,recommended,적응 기간이 다소 필요할 수 있습니다.,,,2025-05-08
1764,293,293,90,92.0,25.0,75.0,64.1,B,selected,적응 기간이 다소 필요할 수 있습니다.,,,2025-08-22
1765,293,293,129,83.2,25.0,50.0,55.2,C,recommended,추가 교육이나 지원이 필요할 수 있습니다.,,,2025-03-25
1766,293,293,139,87.8,0.0,75.0,51.0,C,recommended,일부 조건 불일치가 있어 확인이 필요합니다.,,,2025-07-26
1767,293,293,15,81.5,50.0,75.0,66.6,B,completed,기본적인 케어 역량을 갖추고 있습니다.,2024-12-12,2025-05-28,2025-10-13
1768,293,293,196,89.4,25.0,75.0,56.5,C,recommended,다른 후보도 함께 검토해 보시기 바랍니다.,,,2025-11-15
1769,293,293,115,91.4,25.0,75.0,56.9,C,recommended,추가 교육이나 지원이 필요할 수 있습니다.,,,2024-11-13
1770,294,294,987,66.7,75.0,75.0,69.5,B,selected,일부 조건에서 조율이 필요할 수 있습니다.,,,2025-02-08
1771,294,294,497,70.1,75.0,75.0,76.6,B+,active,주요 질환에 대한 케어 경험이 있습니다.,2025-04-11,,2025-06-09
1772,294,294,483,73.0,25.0,75.0,49.4,C,completed,다른 후보도 함께 검토해 보시기 바랍니다.,2024-12-10,2025-04-29,2025-03-18
1773,294,294,21,67.8,50.0,50.0,58.5,C,completed,다른 후보도 함께 검토해 보시기 바랍니다.,2025-06-02,2025-07-11,2025-05-06
1774,294,294,881,76.3,25.0,75.0,57.7,C,cancelled,일부 조건 불일치가 있어 확인이 필요합니다.,,,2025-03-22
1775,294,294,461,77.9,25.0,75.0,53.3,C,completed,추가 교육이나 지원이 필요할 수 있습니다.,2025-09-27,2026-03-11,2025-04-24
1776,294,294,600,72.7,75.0,50.0,63.6,B,recommended,적응 기간이 다소 필요할 수 있습니다.,,,2025-04-27
1777,295,295,120,74.0,33.3,75.0,60.0,C,active,추가 교육이나 지원이 필요할 수 있습니다.,2025-10-18,,2025-07-02
1778,295,295,507,80.2,33.3,75.0,62.4,B,selected,일부 조건에서 조율이 필요할 수 있습니다.,,,2025-06-03
1779,295,295,638,69.8,66.7,75.0,69.2,B,recommended,적응 기간이 다소 필요할 수 있습니다.,,,2025-08-06
1780,295,295,962,72.7,33.3,75.0,58.4,C,completed,추가 교육이나 지원이 필요할 수 있습니다.,2025-05-08,2025-10-04,2025-06-29
1781,295,295,662,86.9,66.7,75.0,80.4,A,recommended,안정적인 케어 서비스 제공이 예상됩니다.,,,2024-12-27
1782,295,295,356,77.7,33.3,75.0,61.6,B,completed,적응 기간이 다소 필요할 수 있습니다.,2025-03-01,2025-05-11,2025-08-12
1783,295,295,460,89.8,33.3,50.0,53.1,C,recommended,다른 후보도 함께 검토해 보시기 바랍니다.,,,2025-09-21
1784,296,296,205,66.5,25.0,75.0,55.0,C,active,다른 후보도 함께 검토해 보시기 바랍니다.,2025-02-18,,2025-07-29
1785,296,296,161,73.5,0.0,75.0,41.6,C,active,추가 교육이나 지원이 필요할 수 있습니다.,2025-10-04,,2025-05-27
1786,296,296,621,60.5,25.0,75.0,53.7,C,completed,추가 교육이나 지원이 필요할 수 있습니다.,2025-04-29,2025-07-08,2025-03-14
1787,296,296,504,70.3,50.0,50.0,55.5,C,active,일부 조건 불일치가 있어 확인이 필요합니다.,2025-08-31,,2025-08-02
1788,296,296,104,65.3,25.0,50.0,41.6,C,selected,추가 교육이나 지원이 필요할 수 있습니다.,,,2025-03-22
1789,297,297,349,82.5,0.0,50.0,45.1,C,recommended,다른 후보도 함께 검토해 보시기 바랍니다.,,,2025-09-10
1790,297,297,804,70.9,25.0,75.0,57.1,C,selected,일부 조건 불일치가 있어 확인이 필요합니다.,,,2025-01-21
1791,297,297,364,73.9,50.0,75.0,66.3,B,recommended,적응 기간이 다소 필요할 수 있습니다.,,,2025-11-01
1792,297,297,788,89.5,25.0,75.0,64.3,B,completed,기본적인 케어 역량을 갖추고 있습니다.,2025-03-18,2025-08-12,2025-10-03
1793,297,297,48,85.1,50.0,75.0,71.4,B+,active,전반적으로 좋은 매칭입니다.,2025-09-06,,2025-11-05
1794,297,297,789,69.5,25.0,75.0,53.1,C,active,일부 조건 불일치가 있어 확인이 필요합니다.,2025-08-04,,2025-09-27
1795,298,298,933,91.9,33.3,50.0,60.1,B,recommended,적응 기간이 다소 필요할 수 있습니다.,,,2025-03-16
1796,298,298,371,76.1,33.3,75.0,61.0,B,recommended,기본적인 케어 역량을 갖추고 있습니다.,,,2025-09-09
1797,298,298,161,76.4,33.3,50.0,54.1,C,completed,추가 교육이나 지원이 필요할 수 있습니다.,2025-05-10,2025-07-14,2025-08-15
1798,298,298,746,72.0,33.3,50.0,53.7,C,recommended,추가 교육이나 지원이 필요할 수 있습니다.,,,2025-07-24
1799,298,298,300,69.5,33.3,50.0,53.5,C,recommended,다른 후보도 함께 검토해 보시기 바랍니다.,,,2025-06-05
1800,299,299,518,73.5,50.0,75.0,67.0,B,recommended,일부 조건에서 조율이 필요할 수 있습니다.,,,2025-01-08
1801,299,299,176,83.7,50.0,50.0,63.4,B,cancelled,기본적인 케어 역량을 갖추고 있습니다.,,,2024-11-06
1802,299,299,88,80.5,25.0,75.0,59.5,C,completed,추가 교육이나 지원이 필요할 수 있습니다.,2025-03-27,2025-06-23,2025-04-21
1803,299,299,273,90.4,25.0,75.0,64.4,B,selected,적응 기간이 다소 필요할 수 있습니다.,,,2024-12-12
1804,299,299,382,70.5,25.0,75.0,52.0,C,recommended,추가 교육이나 지원이 필요할 수 있습니다.,,,2025-04-14
1805,299,299,733,80.9,50.0,50.0,57.3,C,recommended,추가 교육이나 지원이 필요할 수 있습니다.,,,2024-11-24
1806,300,300,967,91.9,25.0,75.0,60.3,B,completed,적응 기간이 다소 필요할 수 있습니다.,2025-04-10,2025-05-19,2025-01-02
1807,300,300,72,71.1,25.0,75.0,49.2,C,active,일부 조건 불일치가 있어 확인이 필요합니다.,2024-12-09,,2024-12-23
1808,300,300,87,70.6,50.0,75.0,67.2,B,recommended,일부 조건에서 조율이 필요할 수 있습니다.,,,2025-04-26
1809,300,300,347,85.4,25.0,75.0,57.7,C,recommended,일부 조건 불일치가 있어 확인이 필요합니다.,,,2024-12-03
1810,300,300,323,90.1,25.0,75.0,60.8,B,recommended,일부 조건에서 조율이 필요할 수 있습니다.,,,2024-11-22
1811,300,300,412,84.0,50.0,75.0,70.6,B+,completed,성격 궁합이 양호하며 적응이 빠를 것으로 예상됩니다.,2025-05-05,2025-06-06,2025-03-01
1812,300,300,791,76.3,25.0,75.0,57.5,C,completed,일부 조건 불일치가 있어 확인이 필요합니다.,2025-03-14,2025-06-04,2025-01-11
1813,300,300,169,74.8,50.0,75.0,64.4,B,recommended,일부 조건에서 조율이 필요할 수 있습니다.,,,2024-12-29
1814,301,301,795,86.7,0.0,50.0,41.2,C,recommended,일부 조건 불일치가 있어 확인이 필요합니다.,,,2024-11-23
1815,301,301,203,92.7,66.7,75.0,80.3,A,recommended,전문분야 일치도가 높고 케어 경험이 풍부합니다.,,,2025-03-05
1816,301,301,903,86.3,0.0,75.0,53.9,C,cancelled,다른 후보도 함께 검토해 보시기 바랍니다.,,,2025-08-09
1817,301,301,309,75.8,0.0,75.0,41.2,C,recommended,일부 조건 불일치가 있어 확인이 필요합니다.,,,2025-06-20
1818,301,301,87,77.7,33.3,75.0,59.5,C,completed,추가 교육이나 지원이 필요할 수 있습니다.,2024-12-07,2025-02-15,2025-11-12
1819,301,301,38,94.4,33.3,75.0,66.1,B,completed,적응 기간이 다소 필요할 수 있습니다.,2025-06-27,2025-10-12,2025-04-24
1820,301,301,551,85.5,0.0,50.0,44.8,C,recommended,다른 후보도 함께 검토해 보시기 바랍니다.,,,2025-07-17
1821,302,302,363,71.5,66.7,75.0,68.4,B,recommended,적응 기간이 다소 필요할 수 있습니다.,,,2025-11-24
1822,302,302,127,81.2,0.0,75.0,46.7,C,recommended,추가 교육이나 지원이 필요할 수 있습니다.,,,2024-11-10
1823,302,302,49,85.7,66.7,75.0,80.3,A,completed,안정적인 케어 서비스 제공이 예상됩니다.,2025-01-12,2025-06-27,2025-07-30
1824,302,302,775,73.8,33.3,75.0,59.6,C,completed,일부 조건 불일치가 있어 확인이 필요합니다.,2025-01-08,2025-03-14,2025-05-17
1825,302,302,667,77.0,33.3,75.0,55.1,C,active,일부 조건 불일치가 있어 확인이 필요합니다.,2025-02-06,,2025-08-20
1826,302,302,964,78.6,33.3,75.0,62.8,B,active,일부 조건에서 조율이 필요할 수 있습니다.,2025-04-27,,2025-10-07
1827,302,302,128,84.3,66.7,50.0,65.1,B,recommended,일부 조건에서 조율이 필요할 수 있습니다.,,,2025-04-30
1828,302,302,460,86.2,66.7,50.0,65.2,B,cancelled,기본적인 케어 역량을 갖추고 있습니다.,,,2025-04-23
1829,303,303,488,88.5,50.0,75.0,71.5,B+,completed,전반적으로 좋은 매칭입니다.,2025-04-05,2025-10-02,2025-03-06
1830,303,303,220,82.8,25.0,50.0,52.3,C,recommended,일부 조건 불일치가 있어 확인이 필요합니다.,,,2025-04-24
1831,303,303,457,88.3,50.0,50.0,68.4,B,cancelled,적응 기간이 다소 필요할 수 있습니다.,,,2025-03-21
1832,303,303,80,81.0,50.0,50.0,63.2,B,active,기본적인 케어 역량을 갖추고 있습니다.,2025-03-29,,2025-09-14
1833,303,303,379,83.6,0.0,75.0,48.1,C,selected,다른 후보도 함께 검토해 보시기 바랍니다.,,,2024-11-27
1834,304,304,133,78.4,33.3,100.0,67.7,B,completed,기본적인 케어 역량을 갖추고 있습니다.,2025-03-09,2025-08-07,2024-11-09
1835,304,304,992,79.1,66.7,75.0,71.8,B+,completed,주요 질환에 대한 케어 경험이 있습니다.,2025-08-29,2026-01-10,2025-09-26
1836,304,304,722,88.2,33.3,75.0,58.4,C,active,추가 교육이나 지원이 필요할 수 있습니다.,2025-08-11,,2025-05-20
1837,304,304,526,80.5,33.3,75.0,58.3,C,recommended,다른 후보도 함께 검토해 보시기 바랍니다.,,,2025-06-24
1838,304,304,884,77.2,33.3,75.0,57.0,C,recommended,추가 교육이나 지원이 필요할 수 있습니다.,,,2025-09-14
1839,304,304,542,74.8,33.3,75.0,54.7,C,cancelled,일부 조건 불일치가 있어 확인이 필요합니다.,,,2025-04-25
1840,304,304,121,82.0,0.0,50.0,36.7,C,recommended,다른 후보도 함께 검토해 보시기 바랍니다.,,,2025-07-04
1841,305,305,188,88.5,0.0,50.0,39.7,C,recommended,다른 후보도 함께 검토해 보시기 바랍니다.,,,2025-10-23
1842,305,305,839,92.2,33.3,75.0,68.1,B,selected,일부 조건에서 조율이 필요할 수 있습니다.,,,2025-03-25
1843,305,305,758,84.5,66.7,50.0,69.5,B,selected,적응 기간이 다소 필요할 수 있습니다.,,,2025-04-09
1844,305,305,501,87.9,33.3,75.0,66.9,B,active,일부 조건에서 조율이 필요할 수 있습니다.,2025-04-18,,2024-11-23
1845,305,305,3,88.9,33.3,75.0,66.5,B,completed,적응 기간이 다소 필요할 수 있습니다.,2025-08-22,2025-10-26,2025-01-05
1846,306,306,153,78.3,0.0,75.0,47.8,C,recommended,다른 후보도 함께 검토해 보시기 바랍니다.,,,2025-05-12
1847,306,306,888,89.5,0.0,75.0,47.4,C,recommended,다른 후보도 함께 검토해 보시기 바랍니다.,,,2025-06-06
1848,306,306,746,74.9,33.3,75.0,58.7,C,recommended,일부 조건 불일치가 있어 확인이 필요합니다.,,,2025-04-14
1849,306,306,334,80.1,66.7,75.0,75.8,B+,completed,주요 질환에 대한 케어 경험이 있습니다.,2024-12-02,2025-01-23,2024-11-29
1850,306,306,92,80.5,33.3,75.0,63.2,B,completed,적응 기간이 다소 필요할 수 있습니다.,2025-05-23,2025-11-12,2025-09-24
1851,306,306,820,75.9,0.0,75.0,42.2,C,recommended,일부 조건 불일치가 있어 확인이 필요합니다.,,,2025-02-22
1852,306,306,640,77.3,0.0,20.0,32.8,C,completed,일부 조건 불일치가 있어 확인이 필요합니다.,2025-10-01,2026-03-25,2025-08-22
1853,307,307,124,78.4,25.0,50.0,46.7,C,completed,추가 교육이나 지원이 필요할 수 있습니다.,2025-10-19,2026-01-27,2025-07-24
1854,307,307,675,82.3,50.0,50.0,60.7,B,completed,일부 조건에서 조율이 필요할 수 있습니다.,2025-01-28,2025-05-20,2025-01-29
1855,307,307,959,94.1,25.0,75.0,60.1,B,completed,기본적인 케어 역량을 갖추고 있습니다.,2025-07-28,2025-12-11,2025-03-01
1856,307,307,545,70.9,0.0,50.0,33.2,C,recommended,추가 교육이나 지원이 필요할 수 있습니다.,,,2025-02-22
1857,308,308,293,73.5,75.0,75.0,70.4,B+,completed,전반적으로 좋은 매칭입니다.,2025-05-24,2025-10-05,2025-09-01
1858,308,308,148,85.3,0.0,75.0,45.4,C,recommended,일부 조건 불일치가 있어 확인이 필요합니다.,,,2025-10-28
1859,308,308,188,86.3,50.0,50.0,60.7,B,completed,기본적인 케어 역량을 갖추고 있습니다.,2025-09-08,2025-12-28,2025-04-29
1860,308,308,262,71.6,25.0,75.0,52.6,C,completed,추가 교육이나 지원이 필요할 수 있습니다.,2025-08-28,2025-10-10,2025-07-27
1861,308,308,787,82.5,25.0,75.0,55.0,C,completed,다른 후보도 함께 검토해 보시기 바랍니다.,2025-02-10,2025-07-19,2025-09-29
1862,309,309,567,80.0,66.7,75.0,70.8,B+,completed,전반적으로 좋은 매칭입니다.,2025-10-19,2026-01-25,2025-01-30
1863,309,309,417,85.0,0.0,75.0,51.1,C,recommended,일부 조건 불일치가 있어 확인이 필요합니다.,,,2025-09-23
1864,309,309,68,81.6,33.3,75.0,58.7,C,selected,다른 후보도 함께 검토해 보시기 바랍니다.,,,2025-04-12
1865,309,309,496,93.3,0.0,75.0,47.2,C,cancelled,일부 조건 불일치가 있어 확인이 필요합니다.,,,2025-03-15
1866,309,309,30,85.7,33.3,75.0,59.1,C,cancelled,추가 교육이나 지원이 필요할 수 있습니다.,,,2025-05-19
1867,309,309,418,85.7,33.3,75.0,62.5,B,recommended,기본적인 케어 역량을 갖추고 있습니다.,,,2025-07-24
1868,309,309,649,80.0,33.3,75.0,60.5,B,recommended,일부 조건에서 조율이 필요할 수 있습니다.,,,2025-02-15
1869,310,310,43,88.8,33.3,50.0,54.8,C,recommended,추가 교육이나 지원이 필요할 수 있습니다.,,,2025-11-26
1870,310,310,2,71.3,66.7,50.0,59.7,C,completed,일부 조건 불일치가 있어 확인이 필요합니다.,2025-02-24,2025-06-03,2025-07-21
1871,310,310,833,82.7,33.3,50.0,59.8,C,completed,일부 조건 불일치가 있어 확인이 필요합니다.,2024-12-09,2025-03-03,2025-03-10
1872,310,310,476,71.2,0.0,75.0,46.1,C,recommended,일부 조건 불일치가 있어 확인이 필요합니다.,,,2025-10-22
1873,310,310,985,76.0,0.0,50.0,37.1,C,selected,다른 후보도 함께 검토해 보시기 바랍니다.,,,2024-12-04
1874,310,310,850,64.9,0.0,50.0,31.4,C,completed,다른 후보도 함께 검토해 보시기 바랍니다.,2025-08-18,2026-02-06,2025-04-19
1875,310,310,636,84.4,66.7,50.0,73.3,B+,completed,전반적으로 좋은 매칭입니다.,2025-05-19,2025-09-13,2025-07-16
1876,311,311,280,78.5,0.0,75.0,50.8,C,selected,다른 후보도 함께 검토해 보시기 바랍니다.,,,2025-11-18
1877,311,311,252,83.6,50.0,75.0,72.2,B+,active,전반적으로 좋은 매칭입니다.,2025-08-21,,2025-11-25
1878,311,311,679,83.6,25.0,75.0,59.1,C,selected,추가 교육이나 지원이 필요할 수 있습니다.,,,2025-11-22
1879,311,311,330,88.0,50.0,50.0,65.0,B,recommended,일부 조건에서 조율이 필요할 수 있습니다.,,,2025-02-15
1880,311,311,350,84.1,75.0,75.0,82.1,A,completed,안정적인 케어 서비스 제공이 예상됩니다.,2025-02-20,2025-06-30,2025-10-16
1881,311,311,216,84.8,25.0,50.0,53.7,C,active,추가 교육이나 지원이 필요할 수 있습니다.,2025-01-26,,2024-12-18
1882,311,311,471,71.0,25.0,50.0,46.8,C,completed,다른 후보도 함께 검토해 보시기 바랍니다.,2025-08-26,2025-12-24,2025-01-23
1883,312,312,128,78.5,75.0,50.0,66.9,B,completed,적응 기간이 다소 필요할 수 있습니다.,2025-10-24,2026-01-18,2025-11-16
1884,312,312,474,79.8,25.0,50.0,54.6,C,completed,추가 교육이나 지원이 필요할 수 있습니다.,2025-04-28,2025-07-16,2025-01-16
1885,312,312,380,55.6,50.0,75.0,55.4,C,recommended,다른 후보도 함께 검토해 보시기 바랍니다.,,,2025-05-25
1886,312,312,959,71.4,50.0,75.0,59.1,C,recommended,다른 후보도 함께 검토해 보시기 바랍니다.,,,2024-12-01
1887,313,313,215,87.6,50.0,75.0,67.2,B,recommended,적응 기간이 다소 필요할 수 있습니다.,,,2025-03-19
1888,313,313,8,84.7,50.0,50.0,58.9,C,recommended,추가 교육이나 지원이 필요할 수 있습니다.,,,2024-12-24
1889,313,313,201,80.1,25.0,75.0,59.2,C,completed,추가 교육이나 지원이 필요할 수 있습니다.,2024-12-24,2025-06-16,2025-10-24
1890,313,313,841,78.4,0.0,75.0,41.8,C,cancelled,다른 후보도 함께 검토해 보시기 바랍니다.,,,2025-02-08
1891,313,313,654,91.7,0.0,75.0,54.4,C,recommended,일부 조건 불일치가 있어 확인이 필요합니다.,,,2024-11-18
1892,313,313,406,86.8,25.0,75.0,62.0,B,selected,기본적인 케어 역량을 갖추고 있습니다.,,,2024-12-14
1893,313,313,114,83.0,50.0,75.0,63.0,B,completed,적응 기간이 다소 필요할 수 있습니다.,2025-01-29,2025-05-03,2025-02-13
1894,313,313,891,78.1,50.0,100.0,76.7,B+,recommended,전반적으로 좋은 매칭입니다.,,,2024-12-17
1895,314,314,875,85.9,33.3,75.0,65.6,B,active,일부 조건에서 조율이 필요할 수 있습니다.,2025-04-03,,2025-09-25
1896,314,314,962,79.6,0.0,75.0,48.4,C,completed,다른 후보도 함께 검토해 보시기 바랍니다.,2025-03-04,2025-08-07,2025-03-07
1897,314,314,331,84.1,0.0,75.0,45.4,C,selected,다른 후보도 함께 검토해 보시기 바랍니다.,,,2025-04-25
1898,314,314,443,78.1,66.7,75.0,73.1,B+,recommended,성격 궁합이 양호하며 적응이 빠를 것으로 예상됩니다.,,,2025-11-24
1899,315,315,200,89.6,25.0,75.0,65.0,B,selected,기본적인 케어 역량을 갖추고 있습니다.,,,2024-12-08
1900,315,315,343,86.4,25.0,75.0,58.2,C,completed,추가 교육이나 지원이 필요할 수 있습니다.,2025-09-20,2025-12-22,2025-09-03
1901,315,315,84,94.2,50.0,75.0,73.0,B+,active,주요 질환에 대한 케어 경험이 있습니다.,2025-09-09,,2025-03-26
1902,315,315,902,81.1,75.0,75.0,76.5,B+,recommended,주요 질환에 대한 케어 경험이 있습니다.,,,2025-01-27
1903,315,315,586,86.9,75.0,75.0,82.1,A,completed,전문분야 일치도가 높고 케어 경험이 풍부합니다.,2025-05-10,2025-08-12,2025-10-02
1904,315,315,828,78.0,25.0,75.0,59.4,C,recommended,다른 후보도 함께 검토해 보시기 바랍니다.,,,2025-03-05
1905,315,315,26,88.2,0.0,20.0,38.8,C,completed,추가 교육이나 지원이 필요할 수 있습니다.,2025-09-21,2026-02-10,2025-01-10
1906,316,316,998,80.7,0.0,75.0,45.8,C,recommended,일부 조건 불일치가 있어 확인이 필요합니다.,,,2025-10-24
1907,316,316,63,75.1,0.0,50.0,41.6,C,cancelled,추가 교육이나 지원이 필요할 수 있습니다.,,,2025-04-14
1908,316,316,939,88.4,50.0,75.0,65.2,B,selected,적응 기간이 다소 필요할 수 있습니다.,,,2025-01-10
1909,316,316,35,91.8,25.0,75.0,60.2,B,recommended,기본적인 케어 역량을 갖추고 있습니다.,,,2024-12-15
1910,317,317,573,74.2,25.0,75.0,53.5,C,recommended,추가 교육이나 지원이 필요할 수 있습니다.,,,2025-01-14
1911,317,317,54,76.8,75.0,75.0,78.2,B+,selected,주요 질환에 대한 케어 경험이 있습니다.,,,2025-01-24
1912,317,317,302,87.7,25.0,75.0,62.3,B,completed,일부 조건에서 조율이 필요할 수 있습니다.,2024-12-13,2025-01-14,2025-05-14
1913,317,317,871,86.4,25.0,75.0,62.8,B,cancelled,적응 기간이 다소 필요할 수 있습니다.,,,2025-10-06
1914,318,318,667,67.7,25.0,75.0,52.6,C,recommended,일부 조건 불일치가 있어 확인이 필요합니다.,,,2025-08-20
1915,318,318,961,65.0,0.0,75.0,37.6,C,recommended,추가 교육이나 지원이 필요할 수 있습니다.,,,2025-01-26
1916,318,318,692,80.4,25.0,100.0,65.3,B,completed,적응 기간이 다소 필요할 수 있습니다.,2024-12-29,2025-03-18,2025-09-23
1917,318,318,802,74.3,25.0,75.0,53.3,C,completed,추가 교육이나 지원이 필요할 수 있습니다.,2025-02-24,2025-07-17,2025-07-25
1918,318,318,27,73.6,25.0,50.0,43.9,C,selected,다른 후보도 함께 검토해 보시기 바랍니다.,,,2025-01-31
1919,318,318,465,84.1,50.0,75.0,67.5,B,selected,적응 기간이 다소 필요할 수 있습니다.,,,2024-11-05
1920,319,319,319,89.3,33.3,75.0,59.8,C,recommended,다른 후보도 함께 검토해 보시기 바랍니다.,,,2025-01-22
1921,319,319,598,68.5,33.3,75.0,54.5,C,active,추가 교육이나 지원이 필요할 수 있습니다.,2025-04-23,,2025-03-06
1922,319,319,907,70.2,66.7,50.0,64.6,B,recommended,적응 기간이 다소 필요할 수 있습니다.,,,2025-09-13
1923,319,319,555,83.6,0.0,50.0,37.3,C,selected,일부 조건 불일치가 있어 확인이 필요합니다.,,,2025-02-13
1924,319,319,795,86.1,0.0,50.0,46.2,C,recommended,다른 후보도 함께 검토해 보시기 바랍니다.,,,2025-06-03
1925,319,319,150,82.5,33.3,75.0,57.9,C,completed,추가 교육이나 지원이 필요할 수 있습니다.,2025-07-18,2025-10-07,2025-06-05
1926,320,320,615,77.5,25.0,75.0,54.2,C,recommended,다른 후보도 함께 검토해 보시기 바랍니다.,,,2025-04-26
1927,320,320,710,66.6,25.0,75.0,50.4,C,selected,추가 교육이나 지원이 필요할 수 있습니다.,,,2025-04-08
1928,320,320,340,87.5,50.0,75.0,73.1,B+,selected,주요 질환에 대한 케어 경험이 있습니다.,,,2025-03-18
1929,320,320,873,81.0,25.0,20.0,40.5,C,active,일부 조건 불일치가 있어 확인이 필요합니다.,2025-10-27,,2025-08-04
1930,320,320,593,77.8,25.0,20.0,44.1,C,recommended,다른 후보도 함께 검토해 보시기 바랍니다.,,,2025-01-11
1931,320,320,580,86.1,25.0,75.0,56.0,C,selected,다른 후보도 함께 검토해 보시기 바랍니다.,,,2024-11-15
1932,320,320,987,78.2,50.0,75.0,68.8,B,active,적응 기간이 다소 필요할 수 있습니다.,2025-05-12,,2025-05-18
1933,321,321,410,70.2,0.0,75.0,38.4,C,selected,다른 후보도 함께 검토해 보시기 바랍니다.,,,2025-11-11
1934,321,321,189,79.6,33.3,75.0,60.5,B,active,일부 조건에서 조율이 필요할 수 있습니다.,2025-08-17,,2025-04-15
1935,321,321,846,81.2,0.0,75.0,44.1,C,active,다른 후보도 함께 검토해 보시기 바랍니다.,2025-01-02,,2025-11-04
1936,321,321,7,79.4,66.7,75.0,78.0,B+,completed,성격 궁합이 양호하며 적응이 빠를 것으로 예상됩니다.,2025-07-19,2025-10-07,2025-08-29
1937,321,321,372,71.9,100.0,75.0,86.1,A,selected,성격 궁합이 좋아 원활한 소통이 기대됩니다.,,,2025-02-16
1938,322,322,183,80.9,0.0,50.0,38.4,C,completed,일부 조건 불일치가 있어 확인이 필요합니다.,2025-09-07,2025-10-12,2025-09-17
1939,322,322,201,77.1,25.0,50.0,47.9,C,recommended,추가 교육이나 지원이 필요할 수 있습니다.,,,2025-06-23
1940,322,322,23,85.2,50.0,50.0,61.9,B,recommended,일부 조건에서 조율이 필요할 수 있습니다.,,,2025-05-20
1941,322,322,181,79.6,25.0,75.0,58.2,C,recommended,일부 조건 불일치가 있어 확인이 필요합니다.,,,2025-01-11
1942,322,322,864,83.7,0.0,75.0,51.9,C,recommended,일부 조건 불일치가 있어 확인이 필요합니다.,,,2025-10-24
1943,323,323,148,75.9,50.0,20.0,54.5,C,completed,다른 후보도 함께 검토해 보시기 바랍니다.,2025-07-22,2026-01-04,2024-12-06
1944,323,323,904,71.8,0.0,20.0,29.4,C,completed,추가 교육이나 지원이 필요할 수 있습니다.,2024-12-07,2025-03-09,2024-11-01
1945,323,323,947,78.8,50.0,20.0,56.1,C,completed,다른 후보도 함께 검토해 보시기 바랍니다.,2025-05-31,2025-08-07,2025-07-23
1946,323,323,134,83.9,50.0,20.0,58.1,C,selected,일부 조건 불일치가 있어 확인이 필요합니다.,,,2025-01-31
1947,324,324,215,84.1,100.0,100.0,95.6,A+,active,모든 조건이 탁월하게 일치합니다.,2025-08-04,,2025-05-12
1948,324,324,745,71.5,33.3,75.0,59.6,C,recommended,일부 조건 불일치가 있어 확인이 필요합니다.,,,2024-11-07
1949,324,324,84,77.8,33.3,75.0,59.4,C,recommended,다른 후보도 함께 검토해 보시기 바랍니다.,,,2025-03-06
1950,324,324,804,60.8,0.0,75.0,39.7,C,recommended,다른 후보도 함께 검토해 보시기 바랍니다.,,,2024-11-27
1951,324,324,482,72.1,33.3,75.0,56.1,C,recommended,일부 조건 불일치가 있어 확인이 필요합니다.,,,2025-03-24
1952,324,324,810,70.0,33.3,75.0,58.8,C,recommended,다른 후보도 함께 검토해 보시기 바랍니다.,,,2025-03-29
1953,324,324,680,80.1,33.3,75.0,57.8,C,selected,다른 후보도 함께 검토해 보시기 바랍니다.,,,2025-01-04
1954,325,325,666,78.4,33.3,75.0,56.9,C,completed,다른 후보도 함께 검토해 보시기 바랍니다.,2025-07-09,2025-10-25,2025-05-17
1955,325,325,38,85.9,33.3,75.0,59.7,C,cancelled,추가 교육이나 지원이 필요할 수 있습니다.,,,2025-09-19
1956,325,325,213,86.3,0.0,75.0,51.5,C,cancelled,다른 후보도 함께 검토해 보시기 바랍니다.,,,2025-04-13
1957,325,325,225,84.9,0.0,50.0,42.4,C,active,일부 조건 불일치가 있어 확인이 필요합니다.,2025-07-03,,2025-11-05
1958,325,325,917,75.0,66.7,75.0,71.3,B+,selected,전반적으로 좋은 매칭입니다.,,,2025-06-07
1959,325,325,208,91.1,33.3,50.0,57.0,C,active,다른 후보도 함께 검토해 보시기 바랍니다.,2025-03-03,,2025-05-01
1960,325,325,463,79.5,0.0,75.0,45.3,C,completed,다른 후보도 함께 검토해 보시기 바랍니다.,2025-02-16,2025-06-07,2025-05-15
1961,325,325,884,68.3,0.0,75.0,40.0,C,recommended,일부 조건 불일치가 있어 확인이 필요합니다.,,,2025-10-19
1962,326,326,924,68.1,75.0,75.0,73.0,B+,selected,주요 질환에 대한 케어 경험이 있습니다.,,,2025-07-08
1963,326,326,85,84.3,0.0,50.0,46.3,C,completed,추가 교육이나 지원이 필요할 수 있습니다.,2025-09-08,2025-11-07,2025-05-26
1964,326,326,302,78.1,25.0,75.0,54.4,C,recommended,일부 조건 불일치가 있어 확인이 필요합니다.,,,2025-06-11
1965,326,326,863,81.5,0.0,50.0,38.5,C,selected,일부 조건 불일치가 있어 확인이 필요합니다.,,,2024-10-29
1966,326,326,514,79.8,25.0,50.0,52.3,C,selected,다른 후보도 함께 검토해 보시기 바랍니다.,,,2025-08-21
1967,326,326,526,79.2,25.0,75.0,58.5,C,recommended,추가 교육이나 지원이 필요할 수 있습니다.,,,2024-11-06
1968,327,327,935,88.1,50.0,75.0,72.4,B+,selected,성격 궁합이 양호하며 적응이 빠를 것으로 예상됩니다.,,,2025-05-03
1969,327,327,268,79.4,25.0,75.0,59.8,C,recommended,일부 조건 불일치가 있어 확인이 필요합니다.,,,2025-11-20
1970,327,327,9,90.6,25.0,75.0,60.2,B,recommended,적응 기간이 다소 필요할 수 있습니다.,,,2024-11-02
1971,327,327,789,75.3,0.0,75.0,49.6,C,recommended,다른 후보도 함께 검토해 보시기 바랍니다.,,,2025-08-02
1972,327,327,307,85.4,50.0,75.0,65.9,B,completed,기본적인 케어 역량을 갖추고 있습니다.,2025-07-13,2025-12-11,2025-03-07
1973,327,327,289,75.9,50.0,75.0,67.9,B,recommended,적응 기간이 다소 필요할 수 있습니다.,,,2025-04-04
1974,327,327,843,90.9,50.0,50.0,62.7,B,active,일부 조건에서 조율이 필요할 수 있습니다.,2025-09-15,,2025-08-22
1975,327,327,355,77.2,50.0,75.0,65.1,B,recommended,적응 기간이 다소 필요할 수 있습니다.,,,2025-04-27
1976,328,328,450,87.2,50.0,75.0,68.0,B,completed,일부 조건에서 조율이 필요할 수 있습니다.,2025-01-06,2025-03-09,2024-11-14
1977,328,328,461,76.8,25.0,75.0,59.0,C,recommended,다른 후보도 함께 검토해 보시기 바랍니다.,,,2025-08-03
1978,328,328,874,76.3,50.0,75.0,64.6,B,selected,적응 기간이 다소 필요할 수 있습니다.,,,2024-11-06
1979,328,328,572,85.4,50.0,75.0,67.7,B,completed,일부 조건에서 조율이 필요할 수 있습니다.,2025-01-26,2025-05-12,2025-01-30
1980,328,328,31,91.9,25.0,75.0,65.2,B,completed,적응 기간이 다소 필요할 수 있습니다.,2025-08-11,2025-12-03,2025-01-08
1981,329,329,888,83.9,33.3,75.0,58.3,C,recommended,추가 교육이나 지원이 필요할 수 있습니다.,,,2025-06-11
1982,329,329,401,93.4,0.0,75.0,52.1,C,completed,추가 교육이나 지원이 필요할 수 있습니다.,2025-03-11,2025-06-26,2025-08-31
1983,329,329,391,83.1,33.3,75.0,57.9,C,recommended,일부 조건 불일치가 있어 확인이 필요합니다.,,,2025-01-22
1984,329,329,210,76.5,33.3,75.0,58.7,C,recommended,추가 교육이나 지원이 필요할 수 있습니다.,,,2025-08-17
1985,329,329,972,94.6,0.0,75.0,47.5,C,recommended,다른 후보도 함께 검토해 보시기 바랍니다.,,,2025-07-04
1986,329,329,66,83.1,66.7,75.0,71.5,B+,recommended,성격 궁합이 양호하며 적응이 빠를 것으로 예상됩니다.,,,2024-12-24
1987,329,329,548,93.5,0.0,75.0,51.7,C,completed,다른 후보도 함께 검토해 보시기 바랍니다.,2025-03-10,2025-04-23,2025-03-06
1988,329,329,396,96.2,0.0,75.0,56.0,C,recommended,다른 후보도 함께 검토해 보시기 바랍니다.,,,2025-05-10
1989,330,330,114,87.3,25.0,50.0,55.5,C,recommended,다른 후보도 함께 검토해 보시기 바랍니다.,,,2025-08-13
1990,330,330,133,77.9,25.0,50.0,46.1,C,completed,다른 후보도 함께 검토해 보시기 바랍니다.,2025-07-15,2025-11-01,2024-11-28
1991,330,330,550,78.5,75.0,50.0,71.0,B+,completed,주요 질환에 대한 케어 경험이 있습니다.,2025-05-23,2025-11-19,2025-03-14
1992,330,330,429,86.6,25.0,50.0,50.6,C,recommended,추가 교육이나 지원이 필요할 수 있습니다.,,,2025-09-14
1993,330,330,490,74.9,25.0,50.0,48.2,C,selected,다른 후보도 함께 검토해 보시기 바랍니다.,,,2025-01-21
1994,331,331,539,67.8,0.0,75.0,42.4,C,recommended,다른 후보도 함께 검토해 보시기 바랍니다.,,,2025-02-05
1995,331,331,337,62.1,50.0,75.0,55.9,C,completed,일부 조건 불일치가 있어 확인이 필요합니다.,2025-09-12,2025-12-24,2025-04-07
1996,331,331,933,88.9,25.0,75.0,62.8,B,completed,일부 조건에서 조율이 필요할 수 있습니다.,2025-04-11,2025-06-24,2025-07-22
1997,331,331,583,68.2,25.0,75.0,54.9,C,cancelled,다른 후보도 함께 검토해 보시기 바랍니다.,,,2025-05-14
1998,331,331,901,82.6,25.0,75.0,61.8,B,recommended,기본적인 케어 역량을 갖추고 있습니다.,,,2024-12-04
1999,332,332,98,79.7,25.0,75.0,53.2,C,recommended,일부 조건 불일치가 있어 확인이 필요합니다.,,,2025-02-24
2000,332,332,403,90.9,50.0,100.0,74.7,B+,recommended,주요 질환에 대한 케어 경험이 있습니다.,,,2024-12-04
2001,332,332,716,81.8,25.0,75.0,59.6,C,recommended,추가 교육이나 지원이 필요할 수 있습니다.,,,2025-03-19
2002,332,332,969,69.7,25.0,75.0,52.3,C,recommended,일부 조건 불일치가 있어 확인이 필요합니다.,,,2025-09-25
2003,332,332,45,79.6,0.0,75.0,51.6,C,cancelled,추가 교육이나 지원이 필요할 수 있습니다.,,,2024-11-05
2004,332,332,246,86.3,50.0,100.0,71.2,B+,recommended,성격 궁합이 양호하며 적응이 빠를 것으로 예상됩니다.,,,2025-05-01
2005,332,332,907,72.6,25.0,50.0,47.4,C,recommended,다른 후보도 함께 검토해 보시기 바랍니다.,,,2025-08-12
2006,332,332,892,76.1,50.0,75.0,65.4,B,completed,기본적인 케어 역량을 갖추고 있습니다.,2025-03-06,2025-04-11,2025-01-03
2007,333,333,391,76.8,25.0,75.0,51.0,C,recommended,다른 후보도 함께 검토해 보시기 바랍니다.,,,2025-09-29
2008,333,333,352,81.8,100.0,75.0,89.5,A,completed,안정적인 케어 서비스 제공이 예상됩니다.,2025-08-20,2025-12-11,2024-11-08
2009,333,333,764,80.1,75.0,20.0,58.7,C,recommended,일부 조건 불일치가 있어 확인이 필요합니다.,,,2024-12-25
2010,333,333,409,76.2,25.0,75.0,52.8,C,recommended,다른 후보도 함께 검토해 보시기 바랍니다.,,,2025-09-16
2011,333,333,877,80.4,25.0,75.0,56.6,C,recommended,다른 후보도 함께 검토해 보시기 바랍니다.,,,2025-09-05
2012,333,333,200,77.3,25.0,75.0,52.5,C,recommended,추가 교육이나 지원이 필요할 수 있습니다.,,,2025-01-20
2013,333,333,407,71.2,0.0,50.0,33.4,C,cancelled,다른 후보도 함께 검토해 보시기 바랍니다.,,,2025-09-24
2014,334,334,760,82.4,25.0,75.0,55.3,C,recommended,다른 후보도 함께 검토해 보시기 바랍니다.,,,2025-05-27
2015,334,334,401,75.0,25.0,75.0,51.8,C,selected,일부 조건 불일치가 있어 확인이 필요합니다.,,,2025-11-09
2016,334,334,173,81.2,25.0,75.0,61.1,B,selected,적응 기간이 다소 필요할 수 있습니다.,,,2025-08-08
2017,334,334,80,80.2,25.0,75.0,56.2,C,recommended,추가 교육이나 지원이 필요할 수 있습니다.,,,2025-01-05
2018,334,334,688,71.6,25.0,100.0,63.2,B,completed,일부 조건에서 조율이 필요할 수 있습니다.,2024-12-04,2025-01-29,2024-12-08
2019,334,334,782,81.3,25.0,75.0,58.2,C,recommended,추가 교육이나 지원이 필요할 수 있습니다.,,,2024-10-27
2020,334,334,12,70.9,50.0,75.0,62.3,B,completed,일부 조건에서 조율이 필요할 수 있습니다.,2025-07-17,2025-10-18,2025-07-27
2021,334,334,694,74.2,25.0,75.0,53.9,C,cancelled,추가 교육이나 지원이 필요할 수 있습니다.,,,2025-06-07
2022,335,335,697,92.8,0.0,75.0,55.1,C,selected,일부 조건 불일치가 있어 확인이 필요합니다.,,,2025-09-02
2023,335,335,686,86.8,25.0,75.0,61.4,B,completed,적응 기간이 다소 필요할 수 있습니다.,2025-10-06,2026-02-19,2025-10-02
2024,335,335,65,79.1,25.0,75.0,57.1,C,recommended,추가 교육이나 지원이 필요할 수 있습니다.,,,2025-01-11
2025,335,335,226,80.2,25.0,75.0,53.9,C,recommended,일부 조건 불일치가 있어 확인이 필요합니다.,,,2025-05-08
2026,335,335,982,87.4,50.0,75.0,73.7,B+,recommended,주요 질환에 대한 케어 경험이 있습니다.,,,2025-07-31
2027,336,336,109,77.8,50.0,75.0,65.0,B,completed,일부 조건에서 조율이 필요할 수 있습니다.,2025-05-20,2025-06-22,2025-08-10
2028,336,336,366,87.8,25.0,75.0,61.1,B,cancelled,일부 조건에서 조율이 필요할 수 있습니다.,,,2024-12-29
2029,336,336,332,92.2,0.0,100.0,58.5,C,recommended,추가 교육이나 지원이 필요할 수 있습니다.,,,2025-10-23
2030,336,336,178,74.1,25.0,75.0,58.5,C,active,다른 후보도 함께 검토해 보시기 바랍니다.,2025-04-01,,2024-10-30
2031,336,336,16,87.2,25.0,75.0,60.3,B,recommended,기본적인 케어 역량을 갖추고 있습니다.,,,2024-11-27
2032,337,337,811,73.2,25.0,20.0,41.6,C,selected,일부 조건 불일치가 있어 확인이 필요합니다.,,,2024-12-05
2033,337,337,945,80.6,100.0,20.0,72.1,B+,selected,전반적으로 좋은 매칭입니다.,,,2025-09-19
2034,337,337,871,78.4,75.0,20.0,60.7,B,cancelled,적응 기간이 다소 필요할 수 있습니다.,,,2024-11-02
2035,337,337,583,77.9,50.0,20.0,56.1,C,selected,다른 후보도 함께 검토해 보시기 바랍니다.,,,2024-12-20
2036,337,337,176,68.3,25.0,20.0,38.7,C,recommended,다른 후보도 함께 검토해 보시기 바랍니다.,,,2025-11-17
2037,337,337,258,78.9,25.0,75.0,57.5,C,recommended,일부 조건 불일치가 있어 확인이 필요합니다.,,,2025-04-11
2038,337,337,983,61.8,50.0,20.0,45.4,C,recommended,일부 조건 불일치가 있어 확인이 필요합니다.,,,2024-11-12
2039,337,337,98,84.1,25.0,20.0,41.8,C,recommended,일부 조건 불일치가 있어 확인이 필요합니다.,,,2024-12-01
2040,338,338,239,71.1,66.7,75.0,74.3,B+,recommended,성격 궁합이 양호하며 적응이 빠를 것으로 예상됩니다.,,,2025-07-28
2041,338,338,22,85.5,33.3,75.0,64.4,B,completed,기본적인 케어 역량을 갖추고 있습니다.,2025-06-26,2025-08-15,2025-09-17
2042,338,338,632,86.8,0.0,75.0,46.1,C,selected,다른 후보도 함께 검토해 보시기 바랍니다.,,,2025-08-14
2043,338,338,778,84.2,33.3,75.0,63.0,B,active,적응 기간이 다소 필요할 수 있습니다.,2025-06-29,,2025-01-24
2044,339,339,757,83.3,66.7,50.0,71.2,B+,recommended,주요 질환에 대한 케어 경험이 있습니다.,,,2025-03-05
2045,339,339,899,74.4,33.3,75.0,61.0,B,completed,기본적인 케어 역량을 갖추고 있습니다.,2025-03-30,2025-07-11,2025-08-01
2046,339,339,337,70.6,66.7,75.0,68.5,B,completed,기본적인 케어 역량을 갖추고 있습니다.,2025-07-15,2025-12-30,2024-12-21
2047,339,339,138,89.2,33.3,75.0,65.3,B,recommended,기본적인 케어 역량을 갖추고 있습니다.,,,2025-01-19
2048,339,339,285,82.1,33.3,75.0,64.6,B,completed,기본적인 케어 역량을 갖추고 있습니다.,2025-02-04,2025-05-27,2025-04-14
2049,339,339,326,92.2,66.7,75.0,81.4,A,completed,전문분야 일치도가 높고 케어 경험이 풍부합니다.,2025-09-23,2025-12-11,2025-01-06
2050,339,339,660,90.1,33.3,75.0,59.9,C,recommended,추가 교육이나 지원이 필요할 수 있습니다.,,,2025-01-27
2051,340,340,852,77.2,0.0,50.0,41.8,C,recommended,다른 후보도 함께 검토해 보시기 바랍니다.,,,2025-09-03
2052,340,340,815,67.1,0.0,75.0,44.4,C,recommended,추가 교육이나 지원이 필요할 수 있습니다.,,,2025-04-23
2053,340,340,955,82.1,0.0,75.0,44.3,C,recommended,추가 교육이나 지원이 필요할 수 있습니다.,,,2025-06-24
2054,340,340,210,80.7,0.0,75.0,44.8,C,cancelled,다른 후보도 함께 검토해 보시기 바랍니다.,,,2025-01-05
2055,340,340,242,79.9,66.7,75.0,70.4,B+,completed,성격 궁합이 양호하며 적응이 빠를 것으로 예상됩니다.,2025-02-24,2025-04-15,2025-05-07
2056,340,340,520,89.2,66.7,75.0,76.1,B+,completed,주요 질환에 대한 케어 경험이 있습니다.,2025-02-12,2025-07-02,2025-03-25
2057,340,340,81,83.6,66.7,75.0,74.0,B+,selected,주요 질환에 대한 케어 경험이 있습니다.,,,2024-11-03
2058,340,340,437,77.4,66.7,75.0,76.6,B+,active,전반적으로 좋은 매칭입니다.,2025-05-28,,2025-02-24
2059,341,341,567,88.1,50.0,75.0,69.2,B,completed,일부 조건에서 조율이 필요할 수 있습니다.,2025-03-10,2025-06-20,2025-02-12
2060,341,341,745,86.1,25.0,75.0,57.2,C,selected,일부 조건 불일치가 있어 확인이 필요합니다.,,,2025-03-31
2061,341,341,180,92.8,25.0,75.0,58.2,C,recommended,추가 교육이나 지원이 필요할 수 있습니다.,,,2025-11-24
2062,341,341,264,93.8,25.0,75.0,56.7,C,selected,일부 조건 불일치가 있어 확인이 필요합니다.,,,2024-11-18
2063,341,341,390,84.4,50.0,50.0,64.3,B,completed,일부 조건에서 조율이 필요할 수 있습니다.,2025-02-19,2025-07-02,2025-05-08
2064,342,342,502,78.3,50.0,75.0,61.5,B,selected,기본적인 케어 역량을 갖추고 있습니다.,,,2025-05-13
2065,342,342,316,73.0,50.0,75.0,68.6,B,recommended,기본적인 케어 역량을 갖추고 있습니다.,,,2025-08-19
2066,342,342,657,67.7,25.0,75.0,55.1,C,completed,일부 조건 불일치가 있어 확인이 필요합니다.,2025-06-20,2025-10-17,2024-11-28
2067,342,342,603,64.0,50.0,50.0,53.6,C,recommended,추가 교육이나 지원이 필요할 수 있습니다.,,,2024-12-28
2068,342,342,73,75.8,50.0,75.0,64.1,B,recommended,일부 조건에서 조율이 필요할 수 있습니다.,,,2024-11-15
2069,342,342,419,74.8,25.0,75.0,52.4,C,recommended,다른 후보도 함께 검토해 보시기 바랍니다.,,,2025-11-09
2070,342,342,907,66.7,25.0,50.0,50.0,C,recommended,다른 후보도 함께 검토해 보시기 바랍니다.,,,2025-01-07
2071,343,343,715,84.8,25.0,75.0,56.1,C,completed,다른 후보도 함께 검토해 보시기 바랍니다.,2025-03-09,2025-05-15,2025-07-23
2072,343,343,682,73.4,75.0,75.0,77.8,B+,completed,주요 질환에 대한 케어 경험이 있습니다.,2025-10-22,2025-12-20,2025-01-01
2073,343,343,661,80.1,0.0,75.0,45.8,C,recommended,일부 조건 불일치가 있어 확인이 필요합니다.,,,2025-10-16
2074,343,343,152,82.0,25.0,75.0,57.6,C,completed,추가 교육이나 지원이 필요할 수 있습니다.,2025-07-24,2025-12-09,2025-04-22
2075,344,344,991,70.1,50.0,50.0,56.1,C,completed,일부 조건 불일치가 있어 확인이 필요합니다.,2025-09-13,2025-11-09,2025-02-06
2076,344,344,546,78.0,25.0,50.0,52.9,C,completed,일부 조건 불일치가 있어 확인이 필요합니다.,2025-06-13,2025-09-04,2025-05-07
2077,344,344,675,67.7,50.0,75.0,67.3,B,recommended,일부 조건에서 조율이 필요할 수 있습니다.,,,2025-11-26
2078,344,344,908,77.8,25.0,50.0,45.7,C,recommended,일부 조건 불일치가 있어 확인이 필요합니다.,,,2025-04-27
2079,344,344,392,78.9,25.0,20.0,42.9,C,cancelled,일부 조건 불일치가 있어 확인이 필요합니다.,,,2025-07-02
2080,344,344,601,82.6,25.0,50.0,53.7,C,completed,다른 후보도 함께 검토해 보시기 바랍니다.,2025-08-02,2025-10-16,2025-08-23
2081,344,344,316,82.4,50.0,50.0,61.2,B,recommended,적응 기간이 다소 필요할 수 있습니다.,,,2025-10-01
2082,344,344,752,80.8,50.0,50.0,60.3,B,recommended,기본적인 케어 역량을 갖추고 있습니다.,,,2025-08-23
2083,345,345,61,88.1,0.0,100.0,52.8,C,recommended,다른 후보도 함께 검토해 보시기 바랍니다.,,,2025-04-15
2084,345,345,768,82.5,50.0,75.0,68.9,B,completed,적응 기간이 다소 필요할 수 있습니다.,2024-12-13,2025-02-08,2025-09-02
2085,345,345,188,79.6,25.0,50.0,49.1,C,selected,다른 후보도 함께 검토해 보시기 바랍니다.,,,2025-10-25
2086,345,345,829,90.4,50.0,75.0,68.8,B,selected,적응 기간이 다소 필요할 수 있습니다.,,,2025-07-29
2087,345,345,778,88.3,50.0,75.0,69.4,B,recommended,적응 기간이 다소 필요할 수 있습니다.,,,2024-11-02
2088,346,346,10,90.1,50.0,75.0,74.8,B+,completed,주요 질환에 대한 케어 경험이 있습니다.,2025-01-03,2025-02-12,2025-08-10
2089,346,346,63,72.8,50.0,50.0,56.7,C,completed,다른 후보도 함께 검토해 보시기 바랍니다.,2025-02-04,2025-05-13,2025-03-29
2090,346,346,273,84.1,50.0,75.0,67.5,B,selected,일부 조건에서 조율이 필요할 수 있습니다.,,,2024-12-12
2091,346,346,770,77.0,100.0,75.0,89.6,A,completed,성격 궁합이 좋아 원활한 소통이 기대됩니다.,2025-05-20,2025-08-19,2024-12-21
2092,347,347,999,89.3,75.0,50.0,76.8,B+,cancelled,주요 질환에 대한 케어 경험이 있습니다.,,,2025-04-07
2093,347,347,365,73.9,25.0,50.0,52.1,C,recommended,다른 후보도 함께 검토해 보시기 바랍니다.,,,2024-11-20
2094,347,347,895,92.1,25.0,50.0,58.1,C,selected,추가 교육이나 지원이 필요할 수 있습니다.,,,2025-11-13
2095,347,347,339,82.0,25.0,50.0,52.2,C,recommended,일부 조건 불일치가 있어 확인이 필요합니다.,,,2025-07-06
2096,348,348,378,79.8,50.0,100.0,76.6,B+,completed,전반적으로 좋은 매칭입니다.,2025-02-07,2025-06-22,2025-08-22
2097,348,348,463,69.5,50.0,75.0,67.7,B,active,기본적인 케어 역량을 갖추고 있습니다.,2025-05-17,,2025-01-06
2098,348,348,634,86.0,50.0,75.0,67.5,B,completed,적응 기간이 다소 필요할 수 있습니다.,2025-10-05,2026-01-26,2025-04-13
2099,348,348,703,82.9,50.0,75.0,66.8,B,completed,일부 조건에서 조율이 필요할 수 있습니다.,2024-12-19,2025-02-07,2025-04-21
2100,348,348,675,72.9,75.0,50.0,72.9,B+,selected,전반적으로 좋은 매칭입니다.,,,2025-10-06
2101,349,349,301,89.4,50.0,75.0,73.8,B+,completed,주요 질환에 대한 케어 경험이 있습니다.,2025-02-12,2025-03-22,2025-03-17
2102,349,349,622,78.2,25.0,75.0,59.4,C,selected,일부 조건 불일치가 있어 확인이 필요합니다.,,,2025-04-01
2103,349,349,200,84.6,25.0,100.0,61.3,B,recommended,일부 조건에서 조율이 필요할 수 있습니다.,,,2025-09-28
2104,349,349,730,88.7,25.0,50.0,53.3,C,active,추가 교육이나 지원이 필요할 수 있습니다.,2025-01-25,,2025-07-25
2105,349,349,147,80.7,25.0,75.0,54.1,C,completed,다른 후보도 함께 검토해 보시기 바랍니다.,2025-09-13,2025-11-09,2024-11-25
2106,349,349,891,81.5,0.0,75.0,51.3,C,recommended,다른 후보도 함께 검토해 보시기 바랍니다.,,,2025-08-06
2107,349,349,533,88.0,100.0,75.0,91.7,A+,completed,모든 조건이 탁월하게 일치합니다.,2025-02-27,2025-04-29,2025-09-18
2108,350,350,93,80.0,0.0,75.0,47.5,C,cancelled,일부 조건 불일치가 있어 확인이 필요합니다.,,,2025-10-24
2109,350,350,815,78.6,25.0,75.0,57.7,C,recommended,다른 후보도 함께 검토해 보시기 바랍니다.,,,2024-11-24
2110,350,350,709,74.2,25.0,75.0,57.1,C,cancelled,일부 조건 불일치가 있어 확인이 필요합니다.,,,2025-05-15
2111,350,350,341,78.6,0.0,75.0,47.8,C,recommended,일부 조건 불일치가 있어 확인이 필요합니다.,,,2025-04-17
2112,350,350,893,88.3,25.0,75.0,62.7,B,recommended,기본적인 케어 역량을 갖추고 있습니다.,,,2025-07-17
2113,350,350,230,83.6,0.0,100.0,50.4,C,recommended,추가 교육이나 지원이 필요할 수 있습니다.,,,2025-09-30
2114,350,350,955,81.4,25.0,100.0,59.4,C,completed,일부 조건 불일치가 있어 확인이 필요합니다.,2024-12-29,2025-03-17,2025-09-28
2115,351,351,977,73.3,75.0,75.0,70.0,B+,completed,성격 궁합이 양호하며 적응이 빠를 것으로 예상됩니다.,2025-01-27,2025-04-15,2025-04-24
2116,351,351,390,80.3,50.0,50.0,63.6,B,recommended,기본적인 케어 역량을 갖추고 있습니다.,,,2025-03-05
2117,351,351,591,79.4,25.0,100.0,64.4,B,selected,적응 기간이 다소 필요할 수 있습니다.,,,2025-08-05
2118,351,351,755,87.5,0.0,75.0,45.4,C,selected,추가 교육이나 지원이 필요할 수 있습니다.,,,2025-02-24
2119,351,351,2,81.1,25.0,75.0,60.7,B,recommended,일부 조건에서 조율이 필요할 수 있습니다.,,,2025-09-13
2120,351,351,319,90.5,50.0,75.0,73.6,B+,completed,성격 궁합이 양호하며 적응이 빠를 것으로 예상됩니다.,2025-05-30,2025-08-24,2024-12-13
2121,352,352,150,77.3,33.3,75.0,61.2,B,completed,일부 조건에서 조율이 필요할 수 있습니다.,2024-12-26,2025-04-16,2025-03-14
2122,352,352,765,80.8,33.3,75.0,58.1,C,selected,일부 조건 불일치가 있어 확인이 필요합니다.,,,2025-02-06
2123,352,352,682,71.4,66.7,75.0,70.2,B+,cancelled,주요 질환에 대한 케어 경험이 있습니다.,,,2025-03-18
2124,352,352,870,67.1,0.0,75.0,40.2,C,recommended,다른 후보도 함께 검토해 보시기 바랍니다.,,,2025-10-27
2125,352,352,821,74.9,33.3,75.0,63.1,B,cancelled,일부 조건에서 조율이 필요할 수 있습니다.,,,2025-09-09
2126,352,352,848,73.7,33.3,75.0,61.2,B,completed,적응 기간이 다소 필요할 수 있습니다.,2025-07-13,2025-10-08,2024-11-15
2127,353,353,745,82.6,33.3,75.0,57.6,C,active,일부 조건 불일치가 있어 확인이 필요합니다.,2025-10-17,,2025-05-10
2128,353,353,402,70.5,33.3,75.0,55.1,C,recommended,일부 조건 불일치가 있어 확인이 필요합니다.,,,2025-03-29
2129,353,353,307,81.7,33.3,75.0,65.6,B,completed,기본적인 케어 역량을 갖추고 있습니다.,2025-04-11,2025-08-19,2025-03-01
2130,353,353,835,66.0,33.3,75.0,57.1,C,recommended,추가 교육이나 지원이 필요할 수 있습니다.,,,2024-12-03
2131,353,353,676,76.3,33.3,50.0,56.1,C,recommended,다른 후보도 함께 검토해 보시기 바랍니다.,,,2025-10-08
2132,353,353,935,86.2,33.3,75.0,58.6,C,recommended,일부 조건 불일치가 있어 확인이 필요합니다.,,,2025-10-30
2133,353,353,869,85.5,33.3,75.0,65.5,B,active,일부 조건에서 조율이 필요할 수 있습니다.,2025-05-26,,2024-12-26
2134,354,354,592,79.2,50.0,75.0,64.4,B,active,기본적인 케어 역량을 갖추고 있습니다.,2025-08-15,,2025-08-07
2135,354,354,141,80.8,75.0,100.0,86.3,A,completed,성격 궁합이 좋아 원활한 소통이 기대됩니다.,2025-07-20,2025-08-21,2024-11-20
2136,354,354,453,80.0,0.0,50.0,42.3,C,completed,다른 후보도 함께 검토해 보시기 바랍니다.,2025-08-14,2025-12-18,2024-12-14
2137,354,354,713,83.6,75.0,75.0,74.0,B+,recommended,성격 궁합이 양호하며 적응이 빠를 것으로 예상됩니다.,,,2025-08-27
2138,354,354,495,91.6,50.0,75.0,75.3,B+,completed,전반적으로 좋은 매칭입니다.,2025-08-29,2026-02-06,2025-06-06
2139,355,355,251,74.4,25.0,75.0,56.7,C,recommended,추가 교육이나 지원이 필요할 수 있습니다.,,,2024-12-27
2140,355,355,35,82.5,50.0,75.0,70.1,B+,completed,전반적으로 좋은 매칭입니다.,2025-09-13,2026-02-08,2025-05-15
2141,355,355,122,82.2,0.0,75.0,47.0,C,completed,추가 교육이나 지원이 필요할 수 있습니다.,2025-10-23,2025-12-22,2025-10-15
2142,355,355,247,73.8,25.0,100.0,62.5,B,active,기본적인 케어 역량을 갖추고 있습니다.,2025-02-10,,2025-11-15
2143,355,355,407,70.5,25.0,50.0,48.1,C,completed,다른 후보도 함께 검토해 보시기 바랍니다.,2025-01-08,2025-06-09,2024-12-06
2144,355,355,501,90.3,25.0,75.0,57.2,C,recommended,다른 후보도 함께 검토해 보시기 바랍니다.,,,2024-12-31
2145,355,355,310,71.1,25.0,75.0,55.7,C,recommended,다른 후보도 함께 검토해 보시기 바랍니다.,,,2025-02-07
2146,356,356,102,84.4,25.0,75.0,61.9,B,completed,일부 조건에서 조율이 필요할 수 있습니다.,2025-01-26,2025-04-13,2024-12-03
2147,356,356,334,77.2,75.0,75.0,79.0,B+,active,성격 궁합이 양호하며 적응이 빠를 것으로 예상됩니다.,2025-01-30,,2025-10-25
2148,356,356,66,84.0,25.0,75.0,58.3,C,recommended,일부 조건 불일치가 있어 확인이 필요합니다.,,,2025-02-24
2149,356,356,731,79.9,25.0,100.0,65.1,B,selected,적응 기간이 다소 필요할 수 있습니다.,,,2025-09-24
2150,356,356,931,74.0,50.0,75.0,67.2,B,completed,기본적인 케어 역량을 갖추고 있습니다.,2025-07-14,2025-09-12,2025-01-24
2151,357,357,458,90.0,50.0,75.0,71.8,B+,recommended,주요 질환에 대한 케어 경험이 있습니다.,,,2025-02-12
2152,357,357,820,82.8,25.0,75.0,55.3,C,recommended,추가 교육이나 지원이 필요할 수 있습니다.,,,2025-10-14
2153,357,357,322,81.4,25.0,75.0,62.0,B,completed,일부 조건에서 조율이 필요할 수 있습니다.,2025-02-11,2025-05-28,2025-02-21
2154,357,357,126,73.5,0.0,75.0,39.5,C,completed,일부 조건 불일치가 있어 확인이 필요합니다.,2025-05-28,2025-07-08,2025-06-29
2155,357,357,41,88.3,25.0,75.0,56.0,C,recommended,다른 후보도 함께 검토해 보시기 바랍니다.,,,2024-12-06
2156,357,357,132,82.9,75.0,75.0,75.9,B+,recommended,성격 궁합이 양호하며 적응이 빠를 것으로 예상됩니다.,,,2025-01-20
2157,357,357,589,87.1,50.0,75.0,69.6,B,recommended,기본적인 케어 역량을 갖추고 있습니다.,,,2024-12-09
2158,357,357,212,81.9,50.0,75.0,63.4,B,recommended,기본적인 케어 역량을 갖추고 있습니다.,,,2025-07-28
2159,358,358,193,72.3,50.0,75.0,67.4,B,selected,기본적인 케어 역량을 갖추고 있습니다.,,,2025-01-22
2160,358,358,146,67.8,0.0,75.0,43.0,C,completed,다른 후보도 함께 검토해 보시기 바랍니다.,2024-12-30,2025-04-30,2025-09-22
2161,358,358,307,79.2,50.0,75.0,62.2,B,completed,일부 조건에서 조율이 필요할 수 있습니다.,2025-06-20,2025-09-24,2024-12-29
2162,358,358,877,84.4,25.0,75.0,57.9,C,active,일부 조건 불일치가 있어 확인이 필요합니다.,2025-06-20,,2025-04-23
2163,359,359,549,68.0,66.7,75.0,66.9,B,selected,적응 기간이 다소 필요할 수 있습니다.,,,2024-12-05
2164,359,359,209,85.5,33.3,75.0,63.5,B,completed,적응 기간이 다소 필요할 수 있습니다.,2025-04-21,2025-10-12,2024-12-30
2165,359,359,73,75.0,66.7,75.0,68.3,B,selected,기본적인 케어 역량을 갖추고 있습니다.,,,2025-06-18
2166,359,359,645,60.0,66.7,75.0,71.3,B+,cancelled,성격 궁합이 양호하며 적응이 빠를 것으로 예상됩니다.,,,2025-05-16
2167,359,359,751,84.3,33.3,75.0,56.9,C,active,추가 교육이나 지원이 필요할 수 있습니다.,2024-12-23,,2025-10-18
2168,360,360,128,81.1,33.3,50.0,49.9,C,recommended,일부 조건 불일치가 있어 확인이 필요합니다.,,,2025-10-12
2169,360,360,545,65.2,66.7,50.0,60.6,B,completed,기본적인 케어 역량을 갖추고 있습니다.,2025-05-11,2025-08-18,2025-08-03
2170,360,360,113,78.3,66.7,75.0,71.6,B+,recommended,주요 질환에 대한 케어 경험이 있습니다.,,,2025-05-17
2171,360,360,701,70.8,33.3,75.0,61.4,B,completed,적응 기간이 다소 필요할 수 있습니다.,2025-08-26,2025-11-08,2024-11-19
2172,360,360,562,86.2,0.0,75.0,52.1,C,recommended,다른 후보도 함께 검토해 보시기 바랍니다.,,,2025-10-09
2173,360,360,417,90.0,66.7,75.0,77.2,B+,recommended,전반적으로 좋은 매칭입니다.,,,2025-02-07
2174,361,361,565,67.0,25.0,50.0,42.7,C,completed,다른 후보도 함께 검토해 보시기 바랍니다.,2025-04-12,2025-06-27,2024-11-12
2175,361,361,278,74.5,25.0,50.0,49.1,C,recommended,다른 후보도 함께 검토해 보시기 바랍니다.,,,2025-03-27
2176,361,361,623,82.4,25.0,50.0,52.3,C,completed,일부 조건 불일치가 있어 확인이 필요합니다.,2025-06-18,2025-07-20,2025-03-09
2177,361,361,102,77.4,25.0,50.0,45.8,C,recommended,다른 후보도 함께 검토해 보시기 바랍니다.,,,2025-02-09
2178,361,361,919,80.3,0.0,50.0,43.0,C,active,일부 조건 불일치가 있어 확인이 필요합니다.,2025-10-01,,2025-01-03
2179,361,361,50,81.7,25.0,50.0,55.9,C,active,일부 조건 불일치가 있어 확인이 필요합니다.,2025-06-23,,2025-01-19
2180,362,362,724,61.5,50.0,20.0,46.6,C,selected,다른 후보도 함께 검토해 보시기 바랍니다.,,,2025-04-21
2181,362,362,469,65.1,0.0,20.0,28.0,C,recommended,일부 조건 불일치가 있어 확인이 필요합니다.,,,2025-08-01
2182,362,362,188,93.0,0.0,20.0,35.6,C,recommended,추가 교육이나 지원이 필요할 수 있습니다.,,,2025-06-23
2183,362,362,450,76.2,50.0,20.0,50.7,C,recommended,다른 후보도 함께 검토해 보시기 바랍니다.,,,2025-10-11
2184,362,362,363,63.0,50.0,20.0,48.4,C,recommended,추가 교육이나 지원이 필요할 수 있습니다.,,,2024-11-18
2185,362,362,818,77.0,25.0,20.0,39.4,C,active,추가 교육이나 지원이 필요할 수 있습니다.,2025-09-11,,2025-02-05
2186,362,362,480,81.1,50.0,20.0,48.9,C,cancelled,일부 조건 불일치가 있어 확인이 필요합니다.,,,2025-07-03
2187,363,363,952,85.7,50.0,50.0,64.3,B,completed,일부 조건에서 조율이 필요할 수 있습니다.,2025-08-20,2026-01-19,2025-03-08
2188,363,363,505,81.2,50.0,75.0,71.1,B+,completed,주요 질환에 대한 케어 경험이 있습니다.,2025-08-26,2026-01-06,2025-01-15
2189,363,363,828,82.7,0.0,75.0,42.8,C,completed,일부 조건 불일치가 있어 확인이 필요합니다.,2025-03-25,2025-09-07,2025-06-03
2190,363,363,896,82.5,0.0,75.0,49.2,C,active,일부 조건 불일치가 있어 확인이 필요합니다.,2025-01-31,,2025-01-19
2191,363,363,11,93.6,50.0,75.0,66.9,B,recommended,일부 조건에서 조율이 필요할 수 있습니다.,,,2025-09-01
2192,363,363,986,89.3,75.0,75.0,81.7,A,completed,전문분야 일치도가 높고 케어 경험이 풍부합니다.,2025-02-02,2025-04-30,2025-10-19
2193,363,363,972,87.4,50.0,100.0,75.7,B+,completed,성격 궁합이 양호하며 적응이 빠를 것으로 예상됩니다.,2025-10-02,2026-02-17,2025-05-16
2194,363,363,435,77.1,75.0,75.0,74.1,B+,active,전반적으로 좋은 매칭입니다.,2025-06-23,,2024-10-30
2195,364,364,298,82.7,66.7,50.0,65.8,B,recommended,기본적인 케어 역량을 갖추고 있습니다.,,,2024-11-14
2196,364,364,307,84.1,66.7,75.0,76.2,B+,active,주요 질환에 대한 케어 경험이 있습니다.,2025-04-10,,2025-06-23
2197,364,364,495,77.2,33.3,75.0,63.4,B,selected,적응 기간이 다소 필요할 수 있습니다.,,,2025-03-08
2198,364,364,301,77.6,66.7,75.0,75.8,B+,completed,전반적으로 좋은 매칭입니다.,2025-10-10,2026-03-07,2025-03-22
2199,365,365,472,72.9,33.3,75.0,59.8,C,selected,다른 후보도 함께 검토해 보시기 바랍니다.,,,2025-05-29
2200,365,365,337,85.5,66.7,75.0,70.4,B+,selected,성격 궁합이 양호하며 적응이 빠를 것으로 예상됩니다.,,,2025-03-20
2201,365,365,306,64.1,0.0,75.0,38.1,C,cancelled,일부 조건 불일치가 있어 확인이 필요합니다.,,,2025-03-08
2202,365,365,363,66.5,33.3,75.0,59.3,C,recommended,다른 후보도 함께 검토해 보시기 바랍니다.,,,2025-09-24
2203,365,365,110,83.3,0.0,75.0,52.0,C,recommended,추가 교육이나 지원이 필요할 수 있습니다.,,,2025-09-08
2204,365,365,6,81.7,33.3,50.0,57.1,C,recommended,다른 후보도 함께 검토해 보시기 바랍니다.,,,2025-08-03
2205,365,365,359,78.2,33.3,20.0,45.4,C,completed,다른 후보도 함께 검토해 보시기 바랍니다.,2025-04-20,2025-08-04,2025-04-21
2206,365,365,912,73.8,33.3,75.0,61.0,B,completed,적응 기간이 다소 필요할 수 있습니다.,2025-09-03,2026-01-23,2025-04-16
2207,366,366,6,84.2,0.0,50.0,38.9,C,recommended,추가 교육이나 지원이 필요할 수 있습니다.,,,2025-09-19
2208,366,366,368,79.5,33.3,75.0,58.8,C,completed,추가 교육이나 지원이 필요할 수 있습니다.,2025-05-12,2025-06-19,2024-12-20
2209,366,366,905,73.2,33.3,75.0,62.3,B,recommended,일부 조건에서 조율이 필요할 수 있습니다.,,,2025-09-27
2210,366,366,892,79.4,66.7,75.0,72.4,B+,completed,전반적으로 좋은 매칭입니다.,2025-01-20,2025-06-25,2024-11-26
2211,366,366,727,76.4,66.7,50.0,65.9,B,completed,기본적인 케어 역량을 갖추고 있습니다.,2025-04-12,2025-06-14,2025-10-02
2212,366,366,204,89.8,0.0,75.0,46.7,C,completed,일부 조건 불일치가 있어 확인이 필요합니다.,2025-02-14,2025-03-19,2025-07-28
2213,366,366,114,77.0,0.0,75.0,45.0,C,recommended,일부 조건 불일치가 있어 확인이 필요합니다.,,,2024-11-14
2214,367,367,445,80.5,66.7,50.0,67.2,B,cancelled,일부 조건에서 조율이 필요할 수 있습니다.,,,2025-07-23
2215,367,367,492,77.3,33.3,50.0,54.1,C,completed,추가 교육이나 지원이 필요할 수 있습니다.,2025-02-09,2025-04-27,2025-07-06
2216,367,367,297,75.1,33.3,75.0,63.3,B,recommended,기본적인 케어 역량을 갖추고 있습니다.,,,2024-12-20
2217,367,367,289,72.6,66.7,100.0,80.3,A,completed,안정적인 케어 서비스 제공이 예상됩니다.,2025-07-19,2025-12-17,2025-10-05
2218,368,368,186,87.0,75.0,75.0,75.4,B+,selected,성격 궁합이 양호하며 적응이 빠를 것으로 예상됩니다.,,,2025-11-07
2219,368,368,194,81.8,0.0,75.0,45.1,C,completed,다른 후보도 함께 검토해 보시기 바랍니다.,2025-07-22,2025-09-27,2025-11-17
2220,368,368,876,79.9,50.0,75.0,70.4,B+,recommended,성격 궁합이 양호하며 적응이 빠를 것으로 예상됩니다.,,,2025-05-02
2221,368,368,606,72.8,25.0,75.0,54.5,C,completed,추가 교육이나 지원이 필요할 수 있습니다.,2024-12-08,2025-03-07,2025-06-07
2222,368,368,645,67.3,75.0,75.0,72.4,B+,active,주요 질환에 대한 케어 경험이 있습니다.,2024-12-03,,2025-06-24
2223,368,368,650,87.1,50.0,50.0,59.1,C,recommended,다른 후보도 함께 검토해 보시기 바랍니다.,,,2025-07-06
2224,368,368,153,86.0,25.0,75.0,63.3,B,recommended,적응 기간이 다소 필요할 수 있습니다.,,,2025-04-26
2225,368,368,235,89.0,25.0,75.0,57.4,C,recommended,추가 교육이나 지원이 필요할 수 있습니다.,,,2025-08-25
2226,369,369,1,73.2,0.0,20.0,28.8,C,recommended,다른 후보도 함께 검토해 보시기 바랍니다.,,,2025-03-30
2227,369,369,54,72.7,75.0,20.0,58.2,C,recommended,일부 조건 불일치가 있어 확인이 필요합니다.,,,2025-10-06
2228,369,369,677,75.6,25.0,20.0,40.8,C,selected,다른 후보도 함께 검토해 보시기 바랍니다.,,,2025-03-20
2229,369,369,763,83.7,25.0,20.0,42.9,C,recommended,다른 후보도 함께 검토해 보시기 바랍니다.,,,2025-09-30
2230,370,370,686,89.6,33.3,75.0,66.1,B,recommended,기본적인 케어 역량을 갖추고 있습니다.,,,2025-06-10
2231,370,370,14,79.4,33.3,75.0,58.5,C,completed,일부 조건 불일치가 있어 확인이 필요합니다.,2025-04-26,2025-10-23,2025-01-21
2232,370,370,700,84.5,0.0,75.0,46.1,C,recommended,일부 조건 불일치가 있어 확인이 필요합니다.,,,2025-05-14
2233,370,370,566,83.9,33.3,50.0,51.1,C,cancelled,추가 교육이나 지원이 필요할 수 있습니다.,,,2025-09-21
2234,371,371,124,76.2,50.0,50.0,56.1,C,completed,추가 교육이나 지원이 필요할 수 있습니다.,2025-03-14,2025-05-08,2025-02-20
2235,371,371,43,89.2,50.0,75.0,72.2,B+,completed,전반적으로 좋은 매칭입니다.,2025-07-17,2025-12-30,2025-09-09
2236,371,371,601,86.8,25.0,75.0,58.3,C,selected,일부 조건 불일치가 있어 확인이 필요합니다.,,,2025-07-20
2237,371,371,992,81.6,75.0,75.0,81.2,A,completed,성격 궁합이 좋아 원활한 소통이 기대됩니다.,2025-01-15,2025-05-13,2025-04-11
2238,371,371,935,86.8,0.0,75.0,53.3,C,recommended,추가 교육이나 지원이 필요할 수 있습니다.,,,2025-03-24
2239,371,371,906,82.9,50.0,75.0,67.0,B,recommended,적응 기간이 다소 필요할 수 있습니다.,,,2025-11-15
2240,371,371,671,77.2,50.0,75.0,62.4,B,recommended,일부 조건에서 조율이 필요할 수 있습니다.,,,2024-12-05
2241,371,371,838,81.8,0.0,50.0,45.8,C,completed,일부 조건 불일치가 있어 확인이 필요합니다.,2025-06-02,2025-07-13,2025-10-26
2242,372,372,759,79.3,0.0,75.0,46.8,C,recommended,일부 조건 불일치가 있어 확인이 필요합니다.,,,2025-10-19
2243,372,372,835,63.4,25.0,75.0,47.6,C,selected,일부 조건 불일치가 있어 확인이 필요합니다.,,,2025-05-14
2244,372,372,408,77.8,75.0,50.0,70.4,B+,cancelled,성격 궁합이 양호하며 적응이 빠를 것으로 예상됩니다.,,,2025-05-05
2245,372,372,507,55.8,50.0,75.0,59.4,C,completed,추가 교육이나 지원이 필요할 수 있습니다.,2025-07-15,2025-09-30,2025-09-06
2246,372,372,702,84.5,25.0,50.0,54.0,C,selected,일부 조건 불일치가 있어 확인이 필요합니다.,,,2025-04-07
2247,373,373,725,70.5,0.0,75.0,45.5,C,recommended,일부 조건 불일치가 있어 확인이 필요합니다.,,,2025-09-27
2248,373,373,738,79.7,0.0,20.0,29.6,C,completed,추가 교육이나 지원이 필요할 수 있습니다.,2025-10-05,2026-03-20,2025-06-30
2249,373,373,538,90.3,75.0,75.0,84.8,A,completed,성격 궁합이 좋아 원활한 소통이 기대됩니다.,2025-06-08,2025-08-11,2025-10-31
2250,373,373,266,71.6,50.0,75.0,68.7,B,recommended,기본적인 케어 역량을 갖추고 있습니다.,,,2025-02-26
2251,373,373,311,79.3,25.0,75.0,52.7,C,recommended,일부 조건 불일치가 있어 확인이 필요합니다.,,,2025-06-02
2252,373,373,873,79.4,25.0,20.0,44.1,C,cancelled,다른 후보도 함께 검토해 보시기 바랍니다.,,,2025-06-13
2253,373,373,226,93.9,25.0,75.0,57.4,C,active,다른 후보도 함께 검토해 보시기 바랍니다.,2025-01-20,,2024-11-22
2254,373,373,304,83.7,25.0,75.0,54.4,C,completed,다른 후보도 함께 검토해 보시기 바랍니다.,2024-12-19,2025-04-03,2025-10-28
2255,374,374,225,75.1,33.3,50.0,56.8,C,completed,추가 교육이나 지원이 필요할 수 있습니다.,2025-01-26,2025-07-24,2024-11-22
2256,374,374,749,77.7,33.3,75.0,63.7,B,active,적응 기간이 다소 필요할 수 있습니다.,2025-06-19,,2025-01-06
2257,374,374,989,69.7,33.3,75.0,57.5,C,selected,추가 교육이나 지원이 필요할 수 있습니다.,,,2025-04-14
2258,374,374,287,85.0,33.3,50.0,52.8,C,recommended,다른 후보도 함께 검토해 보시기 바랍니다.,,,2025-08-14
2259,374,374,181,74.0,66.7,50.0,65.9,B,recommended,일부 조건에서 조율이 필요할 수 있습니다.,,,2025-09-08
2260,374,374,263,64.9,0.0,75.0,40.9,C,recommended,일부 조건 불일치가 있어 확인이 필요합니다.,,,2024-11-20
2261,375,375,378,76.8,50.0,75.0,65.2,B,completed,적응 기간이 다소 필요할 수 있습니다.,2025-07-30,2025-10-16,2025-03-20
2262,375,375,152,83.0,50.0,75.0,69.3,B,active,일부 조건에서 조율이 필요할 수 있습니다.,2025-10-18,,2025-09-04
2263,375,375,924,80.7,50.0,75.0,70.9,B+,completed,주요 질환에 대한 케어 경험이 있습니다.,2025-04-10,2025-06-27,2025-09-14
2264,375,375,491,76.9,25.0,50.0,49.0,C,recommended,일부 조건 불일치가 있어 확인이 필요합니다.,,,2025-05-04
2265,375,375,96,79.6,50.0,50.0,56.4,C,selected,일부 조건 불일치가 있어 확인이 필요합니다.,,,2025-09-17
2266,375,375,508,84.4,50.0,50.0,64.3,B,completed,일부 조건에서 조율이 필요할 수 있습니다.,2025-10-22,2025-12-16,2025-05-14
2267,375,375,186,79.3,25.0,75.0,59.1,C,selected,일부 조건 불일치가 있어 확인이 필요합니다.,,,2025-11-04
2268,376,376,255,86.9,66.7,75.0,80.2,A,completed,전문분야 일치도가 높고 케어 경험이 풍부합니다.,2024-12-25,2025-01-27,2025-10-03
2269,376,376,789,76.9,100.0,50.0,83.0,A,recommended,전문분야 일치도가 높고 케어 경험이 풍부합니다.,,,2025-08-15
2270,376,376,86,87.3,0.0,75.0,45.7,C,selected,일부 조건 불일치가 있어 확인이 필요합니다.,,,2025-04-13
2271,376,376,275,76.6,33.3,50.0,55.8,C,recommended,다른 후보도 함께 검토해 보시기 바랍니다.,,,2025-06-10
2272,376,376,147,89.0,0.0,50.0,43.4,C,recommended,추가 교육이나 지원이 필요할 수 있습니다.,,,2025-10-29
2273,377,377,709,82.6,33.3,75.0,57.0,C,recommended,다른 후보도 함께 검토해 보시기 바랍니다.,,,2025-10-05
2274,377,377,274,89.3,33.3,75.0,63.5,B,completed,기본적인 케어 역량을 갖추고 있습니다.,2025-03-30,2025-06-04,2025-08-04
2275,377,377,643,82.3,66.7,75.0,73.1,B+,cancelled,성격 궁합이 양호하며 적응이 빠를 것으로 예상됩니다.,,,2024-12-26
2276,377,377,557,88.4,0.0,75.0,47.5,C,selected,일부 조건 불일치가 있어 확인이 필요합니다.,,,2025-05-14
2277,377,377,127,89.2,0.0,75.0,51.8,C,completed,추가 교육이나 지원이 필요할 수 있습니다.,2025-09-01,2026-02-03,2025-10-01
2278,377,377,22,97.3,33.3,75.0,64.7,B,active,일부 조건에서 조율이 필요할 수 있습니다.,2024-12-17,,2025-09-27
2279,377,377,845,92.6,33.3,75.0,63.1,B,completed,적응 기간이 다소 필요할 수 있습니다.,2025-09-15,2025-10-26,2025-09-10
2280,377,377,46,85.5,33.3,75.0,60.4,B,recommended,기본적인 케어 역량을 갖추고 있습니다.,,,2024-12-14
2281,378,378,154,76.8,50.0,50.0,57.3,C,recommended,추가 교육이나 지원이 필요할 수 있습니다.,,,2025-07-11
2282,378,378,915,79.9,50.0,50.0,64.6,B,selected,적응 기간이 다소 필요할 수 있습니다.,,,2025-05-22
2283,378,378,684,74.0,50.0,50.0,62.7,B,selected,적응 기간이 다소 필요할 수 있습니다.,,,2025-10-18
2284,378,378,704,76.9,50.0,75.0,68.5,B,recommended,기본적인 케어 역량을 갖추고 있습니다.,,,2024-10-24
2285,378,378,309,80.7,25.0,50.0,52.3,C,recommended,다른 후보도 함께 검토해 보시기 바랍니다.,,,2025-09-12
2286,378,378,640,92.7,0.0,20.0,36.3,C,recommended,일부 조건 불일치가 있어 확인이 필요합니다.,,,2025-03-27
2287,378,378,838,80.9,50.0,100.0,76.5,B+,cancelled,주요 질환에 대한 케어 경험이 있습니다.,,,2025-02-04
2288,379,379,983,66.9,50.0,75.0,59.0,C,recommended,다른 후보도 함께 검토해 보시기 바랍니다.,,,2025-05-30
2289,379,379,745,67.5,50.0,75.0,60.6,B,selected,일부 조건에서 조율이 필요할 수 있습니다.,,,2025-03-25
2290,379,379,286,67.7,0.0,20.0,30.6,C,recommended,다른 후보도 함께 검토해 보시기 바랍니다.,,,2025-01-22
2291,379,379,149,66.4,50.0,75.0,64.9,B,active,기본적인 케어 역량을 갖추고 있습니다.,2025-05-11,,2024-12-27
2292,379,379,93,71.5,25.0,75.0,58.0,C,recommended,다른 후보도 함께 검토해 보시기 바랍니다.,,,2025-04-26
2293,379,379,331,69.3,0.0,75.0,43.5,C,recommended,일부 조건 불일치가 있어 확인이 필요합니다.,,,2025-02-26
2294,379,379,131,74.8,50.0,50.0,58.6,C,selected,일부 조건 불일치가 있어 확인이 필요합니다.,,,2025-08-01
2295,380,380,86,75.6,25.0,75.0,57.1,C,recommended,일부 조건 불일치가 있어 확인이 필요합니다.,,,2025-08-06
2296,380,380,595,80.0,50.0,75.0,68.8,B,recommended,기본적인 케어 역량을 갖추고 있습니다.,,,2025-05-25
2297,380,380,733,64.2,25.0,75.0,46.3,C,recommended,추가 교육이나 지원이 필요할 수 있습니다.,,,2025-05-25
2298,380,380,432,67.2,50.0,50.0,56.6,C,recommended,추가 교육이나 지원이 필요할 수 있습니다.,,,2025-10-01
2299,380,380,540,70.4,0.0,50.0,32.7,C,recommended,다른 후보도 함께 검토해 보시기 바랍니다.,,,2025-05-26
2300,380,380,592,77.7,50.0,50.0,63.2,B,recommended,기본적인 케어 역량을 갖추고 있습니다.,,,2025-06-29
2301,380,380,796,74.2,25.0,75.0,54.3,C,completed,추가 교육이나 지원이 필요할 수 있습니다.,2025-01-19,2025-06-05,2025-08-11
2302,381,381,121,80.4,25.0,50.0,49.4,C,selected,추가 교육이나 지원이 필요할 수 있습니다.,,,2024-12-05
2303,381,381,986,93.9,50.0,50.0,70.0,B+,active,주요 질환에 대한 케어 경험이 있습니다.,2025-04-21,,2024-12-02
2304,381,381,713,81.8,50.0,50.0,57.2,C,recommended,일부 조건 불일치가 있어 확인이 필요합니다.,,,2025-10-20
2305,381,381,721,70.7,25.0,50.0,47.0,C,cancelled,일부 조건 불일치가 있어 확인이 필요합니다.,,,2025-09-07
2306,381,381,147,91.8,25.0,50.0,49.9,C,recommended,다른 후보도 함께 검토해 보시기 바랍니다.,,,2025-09-15
2307,382,382,251,78.3,33.3,20.0,49.1,C,recommended,다른 후보도 함께 검토해 보시기 바랍니다.,,,2025-09-11
2308,382,382,79,70.2,33.3,20.0,45.6,C,selected,다른 후보도 함께 검토해 보시기 바랍니다.,,,2024-11-11
2309,382,382,13,83.6,0.0,20.0,30.7,C,recommended,일부 조건 불일치가 있어 확인이 필요합니다.,,,2024-12-04
2310,382,382,583,75.1,66.7,20.0,62.4,B,recommended,일부 조건에서 조율이 필요할 수 있습니다.,,,2025-04-30
2311,383,383,455,73.0,50.0,75.0,60.4,B,active,적응 기간이 다소 필요할 수 있습니다.,2025-09-28,,2025-11-10
2312,383,383,801,73.1,25.0,75.0,55.4,C,completed,추가 교육이나 지원이 필요할 수 있습니다.,2025-08-01,2026-01-06,2025-11-21
2313,383,383,661,78.7,25.0,75.0,58.1,C,recommended,다른 후보도 함께 검토해 보시기 바랍니다.,,,2025-02-16
2314,383,383,712,86.4,50.0,75.0,71.1,B+,completed,전반적으로 좋은 매칭입니다.,2025-06-18,2025-12-11,2025-06-23
2315,383,383,14,67.0,50.0,75.0,66.5,B,cancelled,일부 조건에서 조율이 필요할 수 있습니다.,,,2025-10-10
2316,383,383,294,86.7,25.0,75.0,59.3,C,recommended,추가 교육이나 지원이 필요할 수 있습니다.,,,2024-11-11
2317,384,384,411,81.6,50.0,100.0,70.4,B+,recommended,전반적으로 좋은 매칭입니다.,,,2025-02-13
2318,384,384,634,89.2,0.0,75.0,51.0,C,recommended,추가 교육이나 지원이 필요할 수 있습니다.,,,2024-12-07
2319,384,384,58,85.4,0.0,50.0,42.1,C,recommended,다른 후보도 함께 검토해 보시기 바랍니다.,,,2024-12-27
2320,384,384,225,79.2,50.0,50.0,61.6,B,selected,일부 조건에서 조율이 필요할 수 있습니다.,,,2025-09-03
2321,384,384,402,83.3,25.0,75.0,53.5,C,cancelled,다른 후보도 함께 검토해 보시기 바랍니다.,,,2024-12-30
2322,385,385,200,74.3,25.0,20.0,43.8,C,completed,추가 교육이나 지원이 필요할 수 있습니다.,2025-05-10,2025-06-16,2025-07-05
2323,385,385,277,79.3,0.0,20.0,28.4,C,selected,일부 조건 불일치가 있어 확인이 필요합니다.,,,2025-11-21
2324,385,385,112,72.2,50.0,20.0,52.8,C,recommended,다른 후보도 함께 검토해 보시기 바랍니다.,,,2025-08-22
2325,385,385,107,75.2,25.0,20.0,41.8,C,completed,추가 교육이나 지원이 필요할 수 있습니다.,2024-12-06,2025-01-13,2025-07-12
2326,385,385,80,78.8,50.0,20.0,53.2,C,cancelled,일부 조건 불일치가 있어 확인이 필요합니다.,,,2025-03-24
2327,385,385,372,86.2,25.0,20.0,40.6,C,completed,다른 후보도 함께 검토해 보시기 바랍니다.,2025-05-20,2025-07-12,2025-11-22
2328,385,385,618,67.4,50.0,20.0,53.2,C,recommended,일부 조건 불일치가 있어 확인이 필요합니다.,,,2025-08-19
2329,386,386,770,73.8,0.0,75.0,46.6,C,active,다른 후보도 함께 검토해 보시기 바랍니다.,2025-09-09,,2025-05-02
2330,386,386,401,81.0,0.0,75.0,51.1,C,recommended,일부 조건 불일치가 있어 확인이 필요합니다.,,,2025-10-06
2331,386,386,744,76.1,33.3,75.0,58.8,C,recommended,추가 교육이나 지원이 필요할 수 있습니다.,,,2025-11-14
2332,386,386,365,68.2,33.3,75.0,56.8,C,recommended,다른 후보도 함께 검토해 보시기 바랍니다.,,,2025-03-27
2333,386,386,998,74.8,0.0,75.0,45.8,C,selected,추가 교육이나 지원이 필요할 수 있습니다.,,,2025-07-01
2334,386,386,133,84.2,66.7,75.0,71.5,B+,completed,전반적으로 좋은 매칭입니다.,2025-03-05,2025-04-24,2025-10-10
2335,387,387,827,72.7,25.0,75.0,56.4,C,recommended,일부 조건 불일치가 있어 확인이 필요합니다.,,,2025-03-07
2336,387,387,698,83.2,50.0,50.0,66.5,B,selected,적응 기간이 다소 필요할 수 있습니다.,,,2024-12-28
2337,387,387,670,77.8,50.0,75.0,66.2,B,selected,일부 조건에서 조율이 필요할 수 있습니다.,,,2025-04-11
2338,387,387,145,76.9,0.0,75.0,48.5,C,recommended,다른 후보도 함께 검토해 보시기 바랍니다.,,,2025-07-01
2339,387,387,788,80.3,50.0,75.0,65.5,B,recommended,일부 조건에서 조율이 필요할 수 있습니다.,,,2025-11-06
2340,388,388,245,79.8,50.0,75.0,67.4,B,selected,일부 조건에서 조율이 필요할 수 있습니다.,,,2025-10-08
2341,388,388,214,69.7,50.0,75.0,66.2,B,completed,적응 기간이 다소 필요할 수 있습니다.,2025-08-16,2025-12-03,2025-10-13
2342,388,388,626,80.3,25.0,75.0,55.0,C,recommended,다른 후보도 함께 검토해 보시기 바랍니다.,,,2025-09-05
2343,388,388,622,74.4,50.0,75.0,60.5,B,recommended,적응 기간이 다소 필요할 수 있습니다.,,,2025-05-24
2344,388,388,77,76.2,75.0,75.0,74.0,B+,selected,주요 질환에 대한 케어 경험이 있습니다.,,,2025-08-27
2345,388,388,982,75.4,50.0,75.0,67.3,B,completed,일부 조건에서 조율이 필요할 수 있습니다.,2025-03-07,2025-06-11,2025-07-18
2346,388,388,157,76.3,25.0,20.0,43.2,C,active,추가 교육이나 지원이 필요할 수 있습니다.,2025-08-18,,2025-02-08
2347,389,389,41,68.7,33.3,75.0,57.3,C,active,다른 후보도 함께 검토해 보시기 바랍니다.,2025-08-23,,2025-05-23
2348,389,389,373,59.1,0.0,50.0,33.3,C,recommended,일부 조건 불일치가 있어 확인이 필요합니다.,,,2025-06-19
2349,389,389,880,70.0,33.3,75.0,55.3,C,selected,일부 조건 불일치가 있어 확인이 필요합니다.,,,2025-04-29
2350,389,389,294,82.1,0.0,75.0,47.5,C,recommended,다른 후보도 함께 검토해 보시기 바랍니다.,,,2024-12-12
2351,389,389,411,70.4,66.7,75.0,65.5,B,completed,적응 기간이 다소 필요할 수 있습니다.,2024-12-03,2025-01-16,2025-07-24
2352,389,389,419,73.8,33.3,75.0,53.0,C,cancelled,추가 교육이나 지원이 필요할 수 있습니다.,,,2025-07-01
2353,389,389,878,80.3,0.0,75.0,45.6,C,selected,일부 조건 불일치가 있어 확인이 필요합니다.,,,2025-05-06
2354,390,390,229,77.8,0.0,75.0,47.7,C,completed,다른 후보도 함께 검토해 보시기 바랍니다.,2025-05-03,2025-09-29,2025-01-02
2355,390,390,398,83.0,25.0,75.0,53.9,C,completed,다른 후보도 함께 검토해 보시기 바랍니다.,2025-07-28,2025-09-23,2024-10-29
2356,390,390,896,62.9,25.0,75.0,49.0,C,recommended,다른 후보도 함께 검토해 보시기 바랍니다.,,,2025-06-04
2357,390,390,474,88.0,75.0,50.0,78.3,B+,completed,전반적으로 좋은 매칭입니다.,2025-02-22,2025-05-17,2024-11-12
2358,391,391,40,81.6,75.0,75.0,74.4,B+,recommended,전반적으로 좋은 매칭입니다.,,,2025-11-10
2359,391,391,559,79.8,0.0,75.0,51.6,C,selected,다른 후보도 함께 검토해 보시기 바랍니다.,,,2025-10-26
2360,391,391,160,91.0,50.0,75.0,75.0,B+,recommended,성격 궁합이 양호하며 적응이 빠를 것으로 예상됩니다.,,,2025-04-20
2361,391,391,972,93.2,0.0,75.0,56.2,C,recommended,추가 교육이나 지원이 필요할 수 있습니다.,,,2025-10-30
2362,391,391,482,83.8,25.0,75.0,55.2,C,recommended,추가 교육이나 지원이 필요할 수 있습니다.,,,2024-11-03
2363,391,391,150,87.3,50.0,75.0,71.1,B+,recommended,성격 궁합이 양호하며 적응이 빠를 것으로 예상됩니다.,,,2025-07-20
2364,391,391,656,76.1,25.0,75.0,56.8,C,recommended,추가 교육이나 지원이 필요할 수 있습니다.,,,2025-09-15
2365,392,392,281,83.1,50.0,50.0,65.3,B,active,일부 조건에서 조율이 필요할 수 있습니다.,2025-03-11,,2025-03-03
2366,392,392,415,75.5,0.0,50.0,36.1,C,recommended,다른 후보도 함께 검토해 보시기 바랍니다.,,,2025-08-24
2367,392,392,84,79.0,50.0,50.0,63.5,B,recommended,기본적인 케어 역량을 갖추고 있습니다.,,,2025-04-21
2368,392,392,306,71.4,0.0,50.0,35.9,C,selected,다른 후보도 함께 검토해 보시기 바랍니다.,,,2025-09-03
2369,393,393,358,79.4,33.3,75.0,60.2,B,recommended,기본적인 케어 역량을 갖추고 있습니다.,,,2024-12-05
2370,393,393,965,70.6,0.0,75.0,42.8,C,completed,추가 교육이나 지원이 필요할 수 있습니다.,2025-01-09,2025-05-18,2025-02-12
2371,393,393,430,83.3,66.7,75.0,71.6,B+,completed,성격 궁합이 양호하며 적응이 빠를 것으로 예상됩니다.,2025-01-05,2025-03-13,2024-12-21
2372,393,393,494,84.7,33.3,75.0,64.1,B,completed,기본적인 케어 역량을 갖추고 있습니다.,2025-05-19,2025-06-21,2025-04-06
2373,393,393,487,84.7,0.0,75.0,52.0,C,active,일부 조건 불일치가 있어 확인이 필요합니다.,2025-08-31,,2025-05-02
2374,394,394,534,75.8,25.0,75.0,58.8,C,recommended,일부 조건 불일치가 있어 확인이 필요합니다.,,,2025-04-10
2375,394,394,740,85.1,50.0,75.0,69.9,B,completed,기본적인 케어 역량을 갖추고 있습니다.,2025-01-05,2025-02-28,2025-08-07
2376,394,394,4,80.2,50.0,50.0,59.8,C,recommended,일부 조건 불일치가 있어 확인이 필요합니다.,,,2024-10-26
2377,394,394,462,89.3,50.0,75.0,66.7,B,recommended,일부 조건에서 조율이 필요할 수 있습니다.,,,2025-08-08
2378,394,394,966,84.9,0.0,75.0,46.9,C,completed,추가 교육이나 지원이 필요할 수 있습니다.,2025-07-23,2026-01-16,2025-05-21
2379,394,394,853,71.3,50.0,75.0,61.7,B,selected,일부 조건에서 조율이 필요할 수 있습니다.,,,2025-03-14
2380,395,395,717,80.7,66.7,75.0,72.8,B+,completed,전반적으로 좋은 매칭입니다.,2025-05-01,2025-08-29,2025-04-22
2381,395,395,512,84.2,33.3,75.0,57.7,C,completed,다른 후보도 함께 검토해 보시기 바랍니다.,2025-07-30,2025-12-24,2025-05-19
2382,395,395,665,86.9,0.0,75.0,45.8,C,completed,다른 후보도 함께 검토해 보시기 바랍니다.,2025-03-19,2025-07-24,2024-12-24
2383,395,395,467,76.3,0.0,20.0,33.0,C,cancelled,일부 조건 불일치가 있어 확인이 필요합니다.,,,2025-01-13
2384,396,396,90,89.5,50.0,75.0,66.0,B,selected,기본적인 케어 역량을 갖추고 있습니다.,,,2025-01-15
2385,396,396,826,89.6,50.0,75.0,74.4,B+,recommended,주요 질환에 대한 케어 경험이 있습니다.,,,2025-03-17
2386,396,396,858,87.2,25.0,75.0,61.8,B,active,적응 기간이 다소 필요할 수 있습니다.,2024-12-13,,2025-10-06
2387,396,396,107,82.0,25.0,75.0,58.8,C,recommended,일부 조건 불일치가 있어 확인이 필요합니다.,,,2025-02-02
2388,397,397,684,85.0,50.0,75.0,65.6,B,active,적응 기간이 다소 필요할 수 있습니다.,2025-03-10,,2025-05-15
2389,397,397,297,85.0,50.0,75.0,64.6,B,completed,일부 조건에서 조율이 필요할 수 있습니다.,2025-03-02,2025-05-02,2025-04-03
2390,397,397,873,84.0,25.0,20.0,46.4,C,active,추가 교육이나 지원이 필요할 수 있습니다.,2025-04-09,,2025-05-19
2391,397,397,431,89.3,0.0,75.0,52.8,C,recommended,일부 조건 불일치가 있어 확인이 필요합니다.,,,2025-07-04
2392,398,398,901,82.7,33.3,75.0,64.0,B,recommended,일부 조건에서 조율이 필요할 수 있습니다.,,,2024-12-17
2393,398,398,675,77.5,33.3,50.0,50.4,C,recommended,다른 후보도 함께 검토해 보시기 바랍니다.,,,2025-11-10
2394,398,398,271,68.1,66.7,75.0,64.4,B,recommended,기본적인 케어 역량을 갖추고 있습니다.,,,2025-05-19
2395,398,398,315,69.4,0.0,75.0,46.4,C,completed,다른 후보도 함께 검토해 보시기 바랍니다.,2025-02-05,2025-05-27,2025-08-31
2396,398,398,859,81.3,66.7,75.0,71.3,B+,recommended,성격 궁합이 양호하며 적응이 빠를 것으로 예상됩니다.,,,2025-08-20
2397,398,398,925,79.0,0.0,75.0,47.6,C,recommended,다른 후보도 함께 검토해 보시기 바랍니다.,,,2025-10-31
2398,399,399,440,68.2,25.0,20.0,42.9,C,recommended,일부 조건 불일치가 있어 확인이 필요합니다.,,,2025-09-06
2399,399,399,132,74.2,25.0,50.0,47.8,C,active,일부 조건 불일치가 있어 확인이 필요합니다.,2025-09-08,,2025-09-23
2400,399,399,962,84.1,0.0,50.0,42.0,C,active,일부 조건 불일치가 있어 확인이 필요합니다.,2024-12-09,,2025-05-10
2401,399,399,652,80.3,25.0,50.0,54.0,C,recommended,일부 조건 불일치가 있어 확인이 필요합니다.,,,2025-07-16
2402,399,399,400,75.1,50.0,50.0,62.2,B,recommended,기본적인 케어 역량을 갖추고 있습니다.,,,2025-06-14
2403,399,399,746,74.7,25.0,50.0,45.7,C,recommended,추가 교육이나 지원이 필요할 수 있습니다.,,,2025-11-13
2404,399,399,178,62.9,25.0,50.0,43.9,C,recommended,일부 조건 불일치가 있어 확인이 필요합니다.,,,2024-10-28
2405,399,399,413,75.3,25.0,75.0,56.1,C,active,일부 조건 불일치가 있어 확인이 필요합니다.,2025-10-14,,2024-11-29
2406,400,400,943,82.4,50.0,75.0,63.9,B,active,적응 기간이 다소 필요할 수 있습니다.,2025-03-10,,2025-01-07
2407,400,400,996,75.7,25.0,75.0,58.0,C,recommended,추가 교육이나 지원이 필요할 수 있습니다.,,,2025-07-27
2408,400,400,81,79.9,0.0,75.0,48.2,C,recommended,추가 교육이나 지원이 필요할 수 있습니다.,,,2025-06-27
2409,400,400,586,85.6,50.0,75.0,65.7,B,cancelled,기본적인 케어 역량을 갖추고 있습니다.,,,2024-11-20
2410,400,400,392,84.2,50.0,20.0,57.3,C,recommended,다른 후보도 함께 검토해 보시기 바랍니다.,,,2024-10-28
2411,400,400,26,75.2,25.0,20.0,38.9,C,active,다른 후보도 함께 검토해 보시기 바랍니다.,2025-10-02,,2025-10-15
2412,400,400,761,86.1,25.0,75.0,63.2,B,recommended,적응 기간이 다소 필요할 수 있습니다.,,,2025-11-15
2413,400,400,752,74.8,25.0,75.0,56.3,C,recommended,일부 조건 불일치가 있어 확인이 필요합니다.,,,2025-10-05
2414,401,401,471,76.1,50.0,50.0,55.2,C,recommended,다른 후보도 함께 검토해 보시기 바랍니다.,,,2025-07-15
2415,401,401,950,83.6,50.0,75.0,72.0,B+,active,주요 질환에 대한 케어 경험이 있습니다.,2025-09-11,,2025-03-18
2416,401,401,611,67.3,0.0,75.0,45.8,C,cancelled,추가 교육이나 지원이 필요할 수 있습니다.,,,2025-05-10
2417,401,401,126,70.5,25.0,100.0,55.7,C,recommended,추가 교육이나 지원이 필요할 수 있습니다.,,,2025-04-29
2418,402,402,499,81.9,25.0,50.0,48.3,C,recommended,다른 후보도 함께 검토해 보시기 바랍니다.,,,2025-05-18
2419,402,402,983,66.0,0.0,75.0,45.7,C,recommended,일부 조건 불일치가 있어 확인이 필요합니다.,,,2025-04-10
2420,402,402,641,77.5,0.0,75.0,49.0,C,recommended,추가 교육이나 지원이 필요할 수 있습니다.,,,2025-06-27
2421,402,402,79,81.8,50.0,50.0,56.2,C,recommended,추가 교육이나 지원이 필요할 수 있습니다.,,,2024-12-24
2422,403,403,647,84.0,25.0,75.0,58.0,C,recommended,일부 조건 불일치가 있어 확인이 필요합니다.,,,2025-01-23
2423,403,403,622,85.7,0.0,75.0,49.2,C,completed,일부 조건 불일치가 있어 확인이 필요합니다.,2025-08-08,2026-01-18,2025-07-19
2424,403,403,876,79.9,25.0,75.0,57.8,C,recommended,일부 조건 불일치가 있어 확인이 필요합니다.,,,2025-11-15
2425,403,403,33,85.1,0.0,50.0,42.5,C,recommended,추가 교육이나 지원이 필요할 수 있습니다.,,,2025-08-08
2426,403,403,121,86.7,25.0,50.0,56.5,C,cancelled,추가 교육이나 지원이 필요할 수 있습니다.,,,2025-08-07
2427,403,403,1000,76.7,50.0,75.0,60.9,B,recommended,기본적인 케어 역량을 갖추고 있습니다.,,,2025-08-06
2428,403,403,352,77.9,75.0,75.0,71.9,B+,cancelled,전반적으로 좋은 매칭입니다.,,,2025-09-23
2429,403,403,356,80.5,50.0,75.0,64.6,B,recommended,일부 조건에서 조율이 필요할 수 있습니다.,,,2025-08-16
2430,404,404,357,65.5,0.0,50.0,33.4,C,completed,일부 조건 불일치가 있어 확인이 필요합니다.,2025-02-17,2025-07-08,2025-05-06
2431,404,404,726,86.1,50.0,50.0,59.4,C,selected,일부 조건 불일치가 있어 확인이 필요합니다.,,,2024-11-24
2432,404,404,565,88.3,25.0,50.0,51.2,C,completed,일부 조건 불일치가 있어 확인이 필요합니다.,2025-04-10,2025-06-05,2024-10-30
2433,404,404,668,79.4,25.0,20.0,45.7,C,cancelled,일부 조건 불일치가 있어 확인이 필요합니다.,,,2025-03-22
2434,405,405,905,79.9,33.3,75.0,58.2,C,recommended,추가 교육이나 지원이 필요할 수 있습니다.,,,2025-01-20
2435,405,405,457,84.5,33.3,75.0,60.5,B,cancelled,기본적인 케어 역량을 갖추고 있습니다.,,,2025-02-09
2436,405,405,434,84.6,33.3,75.0,60.2,B,selected,적응 기간이 다소 필요할 수 있습니다.,,,2025-10-25
2437,405,405,611,78.6,0.0,75.0,45.7,C,recommended,추가 교육이나 지원이 필요할 수 있습니다.,,,2025-03-10
2438,405,405,766,86.2,33.3,75.0,59.8,C,recommended,다른 후보도 함께 검토해 보시기 바랍니다.,,,2025-06-29
2439,405,405,279,81.1,66.7,50.0,68.6,B,active,적응 기간이 다소 필요할 수 있습니다.,2024-12-02,,2025-05-30
2440,405,405,836,83.3,33.3,75.0,60.2,B,recommended,기본적인 케어 역량을 갖추고 있습니다.,,,2025-08-26
2441,406,406,440,61.2,25.0,20.0,33.6,C,selected,다른 후보도 함께 검토해 보시기 바랍니다.,,,2025-05-20
2442,406,406,810,75.2,25.0,75.0,51.5,C,selected,다른 후보도 함께 검토해 보시기 바랍니다.,,,2025-09-25
2443,406,406,191,63.6,25.0,75.0,46.1,C,completed,추가 교육이나 지원이 필요할 수 있습니다.,2025-10-23,2026-02-14,2025-04-02
2444,406,406,367,61.1,25.0,50.0,47.9,C,completed,다른 후보도 함께 검토해 보시기 바랍니다.,2025-01-14,2025-03-01,2025-07-04
2445,406,406,252,69.6,25.0,75.0,50.3,C,recommended,일부 조건 불일치가 있어 확인이 필요합니다.,,,2025-07-07
2446,406,406,75,67.6,25.0,75.0,54.6,C,recommended,일부 조건 불일치가 있어 확인이 필요합니다.,,,2025-10-19
2447,407,407,915,55.4,25.0,75.0,46.3,C,recommended,추가 교육이나 지원이 필요할 수 있습니다.,,,2025-11-01
2448,407,407,662,77.1,50.0,75.0,68.8,B,recommended,일부 조건에서 조율이 필요할 수 있습니다.,,,2025-11-03
2449,407,407,432,61.2,50.0,75.0,65.1,B,recommended,일부 조건에서 조율이 필요할 수 있습니다.,,,2025-09-26
2450,407,407,699,71.9,50.0,75.0,60.1,B,recommended,기본적인 케어 역량을 갖추고 있습니다.,,,2025-01-23
2451,407,407,775,54.8,25.0,75.0,46.2,C,recommended,다른 후보도 함께 검토해 보시기 바랍니다.,,,2025-07-28
2452,407,407,446,73.1,50.0,50.0,58.9,C,cancelled,다른 후보도 함께 검토해 보시기 바랍니다.,,,2025-11-17
2453,407,407,326,65.5,25.0,75.0,53.1,C,selected,일부 조건 불일치가 있어 확인이 필요합니다.,,,2025-11-24
2454,407,407,833,69.2,25.0,75.0,57.1,C,recommended,다른 후보도 함께 검토해 보시기 바랍니다.,,,2025-09-20
2455,408,408,38,72.0,33.3,75.0,58.7,C,selected,추가 교육이나 지원이 필요할 수 있습니다.,,,2025-03-31
2456,408,408,918,71.3,0.0,75.0,39.7,C,recommended,다른 후보도 함께 검토해 보시기 바랍니다.,,,2024-11-21
2457,408,408,547,73.2,33.3,75.0,55.7,C,recommended,다른 후보도 함께 검토해 보시기 바랍니다.,,,2024-11-06
2458,408,408,941,76.6,33.3,50.0,51.1,C,active,일부 조건 불일치가 있어 확인이 필요합니다.,2025-09-18,,2024-10-26
2459,408,408,541,70.0,66.7,50.0,61.8,B,selected,적응 기간이 다소 필요할 수 있습니다.,,,2025-11-02
2460,408,408,41,75.4,33.3,75.0,57.4,C,recommended,일부 조건 불일치가 있어 확인이 필요합니다.,,,2025-04-08
2461,408,408,346,70.5,66.7,75.0,70.0,B+,cancelled,전반적으로 좋은 매칭입니다.,,,2025-09-25
2462,409,409,961,78.4,25.0,50.0,53.2,C,completed,다른 후보도 함께 검토해 보시기 바랍니다.,2025-08-18,2025-10-13,2024-12-09
2463,409,409,633,89.7,25.0,50.0,50.6,C,active,일부 조건 불일치가 있어 확인이 필요합니다.,2025-07-23,,2025-05-22
2464,409,409,106,72.8,50.0,50.0,61.1,B,active,기본적인 케어 역량을 갖추고 있습니다.,2025-01-26,,2024-12-09
2465,409,409,30,74.0,50.0,50.0,62.1,B,completed,기본적인 케어 역량을 갖추고 있습니다.,2025-06-18,2025-07-29,2025-11-02
2466,409,409,230,78.6,25.0,50.0,47.6,C,recommended,일부 조건 불일치가 있어 확인이 필요합니다.,,,2025-01-17
2467,409,409,49,81.1,25.0,50.0,53.8,C,recommended,다른 후보도 함께 검토해 보시기 바랍니다.,,,2025-07-11
2468,410,410,948,76.3,33.3,50.0,48.8,C,recommended,추가 교육이나 지원이 필요할 수 있습니다.,,,2024-11-06
2469,410,410,142,69.8,33.3,50.0,51.1,C,recommended,다른 후보도 함께 검토해 보시기 바랍니다.,,,2025-01-04
2470,410,410,598,66.8,0.0,50.0,35.3,C,selected,추가 교육이나 지원이 필요할 수 있습니다.,,,2025-03-04
2471,410,410,472,79.3,66.7,50.0,67.2,B,recommended,적응 기간이 다소 필요할 수 있습니다.,,,2025-03-27
2472,410,410,123,67.7,33.3,50.0,51.1,C,cancelled,다른 후보도 함께 검토해 보시기 바랍니다.,,,2025-06-15
2473,411,411,232,74.2,25.0,75.0,53.3,C,cancelled,추가 교육이나 지원이 필요할 수 있습니다.,,,2024-12-24
2474,411,411,95,69.0,25.0,50.0,48.1,C,completed,추가 교육이나 지원이 필요할 수 있습니다.,2025-07-15,2025-09-02,2025-03-18
2475,411,411,271,76.3,50.0,75.0,67.2,B,active,일부 조건에서 조율이 필요할 수 있습니다.,2025-03-03,,2025-08-22
2476,411,411,785,70.5,50.0,75.0,63.3,B,completed,적응 기간이 다소 필요할 수 있습니다.,2025-05-07,2025-07-29,2024-11-02
2477,411,411,304,86.0,25.0,75.0,61.5,B,recommended,일부 조건에서 조율이 필요할 수 있습니다.,,,2024-11-29
2478,411,411,729,79.9,25.0,75.0,56.3,C,completed,추가 교육이나 지원이 필요할 수 있습니다.,2025-08-11,2026-01-17,2025-09-21
2479,411,411,85,82.0,50.0,50.0,60.0,B,recommended,일부 조건에서 조율이 필요할 수 있습니다.,,,2025-01-13
2480,412,412,208,87.5,75.0,50.0,75.0,B+,completed,주요 질환에 대한 케어 경험이 있습니다.,2025-01-06,2025-03-03,2025-04-04
2481,412,412,799,76.3,0.0,75.0,41.6,C,recommended,추가 교육이나 지원이 필요할 수 있습니다.,,,2025-04-05
2482,412,412,410,85.3,25.0,75.0,55.5,C,completed,일부 조건 불일치가 있어 확인이 필요합니다.,2025-10-14,2026-03-14,2025-02-28
2483,412,412,193,87.5,75.0,75.0,75.5,B+,completed,성격 궁합이 양호하며 적응이 빠를 것으로 예상됩니다.,2025-01-20,2025-03-12,2025-04-20
2484,412,412,71,89.8,25.0,75.0,60.2,B,recommended,적응 기간이 다소 필요할 수 있습니다.,,,2025-06-09
2485,412,412,285,83.2,50.0,75.0,63.4,B,selected,일부 조건에서 조율이 필요할 수 있습니다.,,,2025-05-21
2486,412,412,434,91.0,25.0,75.0,56.6,C,cancelled,일부 조건 불일치가 있어 확인이 필요합니다.,,,2025-05-15
2487,412,412,169,86.7,25.0,75.0,61.4,B,selected,일부 조건에서 조율이 필요할 수 있습니다.,,,2025-08-19
2488,413,413,194,74.9,25.0,50.0,49.8,C,completed,추가 교육이나 지원이 필요할 수 있습니다.,2025-02-05,2025-06-25,2024-12-13
2489,413,413,413,68.9,25.0,75.0,57.5,C,selected,추가 교육이나 지원이 필요할 수 있습니다.,,,2025-09-29
2490,413,413,181,91.1,25.0,75.0,56.2,C,recommended,추가 교육이나 지원이 필요할 수 있습니다.,,,2025-02-05
2491,413,413,609,80.7,50.0,50.0,58.4,C,recommended,추가 교육이나 지원이 필요할 수 있습니다.,,,2025-02-27
2492,413,413,283,77.1,25.0,50.0,45.5,C,recommended,추가 교육이나 지원이 필요할 수 있습니다.,,,2025-01-13
2493,413,413,543,74.5,25.0,50.0,50.6,C,completed,다른 후보도 함께 검토해 보시기 바랍니다.,2025-04-04,2025-08-12,2025-10-06
2494,414,414,508,89.5,75.0,50.0,75.2,B+,selected,전반적으로 좋은 매칭입니다.,,,2025-01-25
2495,414,414,211,81.3,25.0,75.0,55.1,C,selected,추가 교육이나 지원이 필요할 수 있습니다.,,,2025-10-09
2496,414,414,176,84.2,25.0,50.0,48.8,C,recommended,일부 조건 불일치가 있어 확인이 필요합니다.,,,2025-01-12
2497,414,414,805,77.7,25.0,75.0,55.7,C,selected,다른 후보도 함께 검토해 보시기 바랍니다.,,,2024-12-09
2498,414,414,209,84.4,0.0,75.0,45.7,C,completed,추가 교육이나 지원이 필요할 수 있습니다.,2025-05-20,2025-07-06,2025-08-23
2499,414,414,356,87.6,50.0,75.0,65.8,B,cancelled,기본적인 케어 역량을 갖추고 있습니다.,,,2024-12-20
2500,415,415,439,86.0,33.3,75.0,58.0,C,recommended,일부 조건 불일치가 있어 확인이 필요합니다.,,,2024-11-02
2501,415,415,343,80.5,33.3,75.0,63.8,B,completed,일부 조건에서 조율이 필요할 수 있습니다.,2024-12-28,2025-04-27,2025-02-01
2502,415,415,22,81.9,0.0,75.0,47.1,C,completed,일부 조건 불일치가 있어 확인이 필요합니다.,2025-10-05,2025-11-08,2024-12-13
2503,415,415,182,83.5,100.0,50.0,82.0,A,completed,전문분야 일치도가 높고 케어 경험이 풍부합니다.,2025-08-04,2025-10-10,2025-10-06
2504,415,415,998,74.1,0.0,75.0,43.0,C,cancelled,다른 후보도 함께 검토해 보시기 바랍니다.,,,2024-11-15
2505,415,415,271,78.2,33.3,75.0,58.0,C,recommended,일부 조건 불일치가 있어 확인이 필요합니다.,,,2025-07-18
2506,415,415,903,74.7,66.7,75.0,73.2,B+,recommended,성격 궁합이 양호하며 적응이 빠를 것으로 예상됩니다.,,,2025-05-24
2507,416,416,14,78.8,25.0,75.0,56.5,C,completed,추가 교육이나 지원이 필요할 수 있습니다.,2024-12-27,2025-05-29,2025-07-11
2508,416,416,848,85.4,25.0,75.0,60.1,B,selected,기본적인 케어 역량을 갖추고 있습니다.,,,2025-04-30
2509,416,416,362,83.4,25.0,50.0,55.3,C,completed,다른 후보도 함께 검토해 보시기 바랍니다.,2025-08-17,2025-12-16,2025-11-11
2510,416,416,309,75.1,25.0,75.0,57.0,C,completed,추가 교육이나 지원이 필요할 수 있습니다.,2025-03-22,2025-07-22,2024-11-10
2511,416,416,728,85.6,25.0,75.0,60.1,B,recommended,일부 조건에서 조율이 필요할 수 있습니다.,,,2025-01-10
2512,416,416,342,77.5,50.0,75.0,67.7,B,completed,기본적인 케어 역량을 갖추고 있습니다.,2025-03-12,2025-08-23,2025-07-14
2513,416,416,913,77.1,25.0,75.0,59.6,C,recommended,다른 후보도 함께 검토해 보시기 바랍니다.,,,2025-01-29
2514,417,417,968,80.0,25.0,75.0,58.8,C,selected,일부 조건 불일치가 있어 확인이 필요합니다.,,,2025-09-25
2515,417,417,283,76.0,0.0,75.0,44.7,C,active,일부 조건 불일치가 있어 확인이 필요합니다.,2025-03-10,,2025-06-02
2516,417,417,317,82.4,50.0,75.0,65.5,B,completed,적응 기간이 다소 필요할 수 있습니다.,2025-10-24,2026-03-30,2025-09-12
2517,417,417,196,75.2,50.0,75.0,65.3,B,recommended,일부 조건에서 조율이 필요할 수 있습니다.,,,2025-01-11
2518,417,417,43,87.1,50.0,75.0,69.8,B,selected,기본적인 케어 역량을 갖추고 있습니다.,,,2025-06-24
2519,417,417,594,70.8,0.0,75.0,43.4,C,active,다른 후보도 함께 검토해 보시기 바랍니다.,2025-09-25,,2025-11-19
2520,417,417,533,78.8,50.0,75.0,65.9,B,completed,적응 기간이 다소 필요할 수 있습니다.,2025-07-09,2025-10-19,2025-09-24
2521,418,418,441,69.2,50.0,75.0,58.0,C,active,추가 교육이나 지원이 필요할 수 있습니다.,2025-06-22,,2025-05-31
2522,418,418,361,76.0,50.0,20.0,55.4,C,recommended,일부 조건 불일치가 있어 확인이 필요합니다.,,,2024-12-21
2523,418,418,677,78.3,25.0,75.0,60.7,B,recommended,적응 기간이 다소 필요할 수 있습니다.,,,2025-09-08
2524,418,418,855,80.7,25.0,75.0,61.5,B,selected,적응 기간이 다소 필요할 수 있습니다.,,,2025-07-11
2525,419,419,751,59.1,25.0,75.0,45.2,C,completed,다른 후보도 함께 검토해 보시기 바랍니다.,2025-07-08,2025-08-15,2025-05-29
2526,419,419,202,76.3,0.0,75.0,46.8,C,recommended,다른 후보도 함께 검토해 보시기 바랍니다.,,,2025-05-06
2527,419,419,443,73.4,50.0,75.0,69.1,B,recommended,기본적인 케어 역량을 갖추고 있습니다.,,,2025-07-16
2528,419,419,600,68.8,50.0,50.0,60.8,B,cancelled,적응 기간이 다소 필요할 수 있습니다.,,,2025-06-20
2529,419,419,941,79.6,25.0,50.0,47.1,C,recommended,다른 후보도 함께 검토해 보시기 바랍니다.,,,2024-12-14
2530,420,420,824,80.1,50.0,50.0,58.0,C,cancelled,다른 후보도 함께 검토해 보시기 바랍니다.,,,2025-02-16
2531,420,420,593,73.4,50.0,20.0,47.7,C,active,추가 교육이나 지원이 필요할 수 있습니다.,2025-05-25,,2025-06-27
2532,420,420,143,67.6,0.0,50.0,36.8,C,completed,일부 조건 불일치가 있어 확인이 필요합니다.,2024-12-11,2025-05-08,2025-08-25
2533,420,420,700,87.5,50.0,50.0,59.1,C,recommended,일부 조건 불일치가 있어 확인이 필요합니다.,,,2025-04-14
2534,420,420,787,83.8,50.0,50.0,63.8,B,recommended,적응 기간이 다소 필요할 수 있습니다.,,,2024-12-11
2535,420,420,205,74.1,75.0,50.0,70.6,B+,completed,성격 궁합이 양호하며 적응이 빠를 것으로 예상됩니다.,2025-03-03,2025-07-01,2025-04-02
2536,421,421,29,76.8,0.0,75.0,41.5,C,completed,추가 교육이나 지원이 필요할 수 있습니다.,2025-08-18,2025-12-03,2025-02-02
2537,421,421,935,95.6,0.0,75.0,53.4,C,completed,추가 교육이나 지원이 필요할 수 있습니다.,2025-01-12,2025-04-27,2024-11-05
2538,421,421,573,74.4,0.0,75.0,43.8,C,recommended,추가 교육이나 지원이 필요할 수 있습니다.,,,2025-04-04
2539,421,421,28,80.9,25.0,75.0,60.1,B,completed,기본적인 케어 역량을 갖추고 있습니다.,2025-02-05,2025-07-02,2025-10-14
2540,421,421,981,83.0,25.0,75.0,53.9,C,completed,다른 후보도 함께 검토해 보시기 바랍니다.,2024-12-28,2025-02-20,2025-02-10
2541,421,421,786,82.0,0.0,75.0,51.1,C,active,일부 조건 불일치가 있어 확인이 필요합니다.,2025-08-27,,2025-01-31
2542,421,421,432,80.6,50.0,75.0,68.7,B,completed,적응 기간이 다소 필요할 수 있습니다.,2025-10-01,2025-12-22,2025-09-14
2543,422,422,229,85.5,50.0,75.0,65.2,B,completed,적응 기간이 다소 필요할 수 있습니다.,2024-12-11,2025-03-30,2025-11-23
2544,422,422,917,70.2,25.0,75.0,55.2,C,selected,추가 교육이나 지원이 필요할 수 있습니다.,,,2025-10-23
2545,422,422,692,82.1,50.0,75.0,62.5,B,recommended,적응 기간이 다소 필요할 수 있습니다.,,,2025-09-26
2546,422,422,656,77.3,25.0,75.0,56.0,C,recommended,추가 교육이나 지원이 필요할 수 있습니다.,,,2025-08-14
2547,422,422,873,73.4,25.0,20.0,36.7,C,recommended,추가 교육이나 지원이 필요할 수 있습니다.,,,2025-03-13
2548,423,423,401,76.4,0.0,50.0,44.1,C,recommended,추가 교육이나 지원이 필요할 수 있습니다.,,,2025-02-20
2549,423,423,57,75.1,0.0,50.0,36.4,C,recommended,일부 조건 불일치가 있어 확인이 필요합니다.,,,2024-12-13
2550,423,423,949,83.5,25.0,50.0,51.1,C,recommended,일부 조건 불일치가 있어 확인이 필요합니다.,,,2025-01-15
2551,423,423,125,77.1,25.0,20.0,38.2,C,recommended,추가 교육이나 지원이 필요할 수 있습니다.,,,2025-01-05
2552,423,423,308,76.7,50.0,50.0,54.6,C,recommended,추가 교육이나 지원이 필요할 수 있습니다.,,,2024-11-10
2553,423,423,415,77.2,0.0,50.0,41.1,C,completed,일부 조건 불일치가 있어 확인이 필요합니다.,2025-08-02,2026-01-09,2024-12-03
2554,423,423,496,80.3,50.0,50.0,60.4,B,completed,적응 기간이 다소 필요할 수 있습니다.,2025-06-02,2025-07-27,2025-03-19
2555,424,424,396,86.6,33.3,50.0,55.4,C,recommended,추가 교육이나 지원이 필요할 수 있습니다.,,,2025-07-04
2556,424,424,715,81.6,33.3,50.0,54.0,C,cancelled,일부 조건 불일치가 있어 확인이 필요합니다.,,,2025-05-11
2557,424,424,820,91.9,0.0,50.0,39.8,C,selected,다른 후보도 함께 검토해 보시기 바랍니다.,,,2025-11-09
2558,424,424,110,92.3,33.3,50.0,59.6,C,recommended,일부 조건 불일치가 있어 확인이 필요합니다.,,,2025-01-13
2559,424,424,476,87.2,0.0,75.0,48.7,C,recommended,다른 후보도 함께 검토해 보시기 바랍니다.,,,2025-09-16
2560,424,424,427,80.3,33.3,50.0,53.6,C,selected,일부 조건 불일치가 있어 확인이 필요합니다.,,,2025-04-06
2561,424,424,834,78.6,33.3,50.0,51.1,C,completed,일부 조건 불일치가 있어 확인이 필요합니다.,2025-08-08,2025-12-07,2025-03-14
2562,425,425,400,77.1,25.0,75.0,56.4,C,completed,다른 후보도 함께 검토해 보시기 바랍니다.,2025-03-07,2025-05-11,2024-11-01
2563,425,425,526,70.2,25.0,75.0,49.0,C,recommended,일부 조건 불일치가 있어 확인이 필요합니다.,,,2025-03-24
2564,425,425,65,65.3,25.0,75.0,50.4,C,recommended,다른 후보도 함께 검토해 보시기 바랍니다.,,,2025-01-20
2565,425,425,179,78.5,25.0,75.0,57.8,C,recommended,일부 조건 불일치가 있어 확인이 필요합니다.,,,2024-11-29
2566,425,425,672,78.1,50.0,50.0,64.1,B,recommended,적응 기간이 다소 필요할 수 있습니다.,,,2025-03-02
2567,425,425,156,71.1,25.0,75.0,51.2,C,recommended,일부 조건 불일치가 있어 확인이 필요합니다.,,,2025-06-14
2568,425,425,361,78.6,25.0,20.0,43.4,C,recommended,일부 조건 불일치가 있어 확인이 필요합니다.,,,2025-06-01
2569,425,425,737,73.2,50.0,50.0,59.0,C,completed,추가 교육이나 지원이 필요할 수 있습니다.,2025-04-05,2025-05-22,2025-11-11
2570,426,426,99,68.2,0.0,75.0,44.4,C,cancelled,다른 후보도 함께 검토해 보시기 바랍니다.,,,2024-11-02
2571,426,426,682,78.8,0.0,75.0,43.7,C,recommended,일부 조건 불일치가 있어 확인이 필요합니다.,,,2025-07-28
2572,426,426,109,75.1,100.0,75.0,81.1,A,completed,성격 궁합이 좋아 원활한 소통이 기대됩니다.,2025-07-31,2025-12-06,2025-10-25
2573,426,426,512,78.9,66.7,75.0,69.2,B,recommended,적응 기간이 다소 필요할 수 있습니다.,,,2025-10-20
2574,426,426,957,82.4,33.3,75.0,60.4,B,selected,일부 조건에서 조율이 필요할 수 있습니다.,,,2025-01-20
2575,427,427,946,83.4,50.0,75.0,69.9,B,recommended,일부 조건에서 조율이 필요할 수 있습니다.,,,2025-09-19
2576,427,427,179,78.0,0.0,75.0,50.9,C,active,일부 조건 불일치가 있어 확인이 필요합니다.,2025-01-08,,2025-08-16
2577,427,427,329,69.3,75.0,100.0,76.2,B+,cancelled,성격 궁합이 양호하며 적응이 빠를 것으로 예상됩니다.,,,2025-04-16
2578,427,427,111,86.7,25.0,75.0,60.9,B,active,기본적인 케어 역량을 갖추고 있습니다.,2025-07-05,,2024-11-12
2579,428,428,445,76.0,75.0,50.0,66.0,B,selected,적응 기간이 다소 필요할 수 있습니다.,,,2025-11-14
2580,428,428,834,74.3,25.0,75.0,56.0,C,active,추가 교육이나 지원이 필요할 수 있습니다.,2025-09-09,,2025-11-09
2581,428,428,542,88.1,25.0,75.0,62.7,B,recommended,기본적인 케어 역량을 갖추고 있습니다.,,,2025-05-26
2582,428,428,829,86.5,25.0,75.0,61.8,B,completed,기본적인 케어 역량을 갖추고 있습니다.,2025-01-11,2025-06-29,2025-06-05
2583,428,428,809,71.9,0.0,50.0,42.2,C,selected,일부 조건 불일치가 있어 확인이 필요합니다.,,,2025-01-02
2584,429,429,509,68.7,50.0,75.0,61.3,B,selected,적응 기간이 다소 필요할 수 있습니다.,,,2025-02-13
2585,429,429,195,79.4,0.0,75.0,50.1,C,selected,추가 교육이나 지원이 필요할 수 있습니다.,,,2025-04-16
2586,429,429,853,70.7,50.0,75.0,62.8,B,completed,적응 기간이 다소 필요할 수 있습니다.,2025-04-19,2025-06-06,2025-10-17
2587,429,429,213,84.1,0.0,75.0,46.2,C,recommended,추가 교육이나 지원이 필요할 수 있습니다.,,,2025-03-16
2588,429,429,585,78.8,50.0,75.0,63.6,B,completed,일부 조건에서 조율이 필요할 수 있습니다.,2024-12-25,2025-06-11,2025-11-15
2589,429,429,848,70.8,50.0,75.0,67.8,B,recommended,일부 조건에서 조율이 필요할 수 있습니다.,,,2025-05-11
2590,429,429,486,81.7,25.0,75.0,59.4,C,completed,다른 후보도 함께 검토해 보시기 바랍니다.,2025-09-24,2025-12-03,2025-10-19
2591,429,429,513,85.0,0.0,75.0,52.0,C,completed,다른 후보도 함께 검토해 보시기 바랍니다.,2024-12-20,2025-05-27,2025-05-06
2592,430,430,597,83.8,25.0,75.0,62.9,B,completed,기본적인 케어 역량을 갖추고 있습니다.,2024-11-28,2025-01-04,2025-06-06
2593,430,430,483,66.1,25.0,75.0,50.2,C,selected,추가 교육이나 지원이 필요할 수 있습니다.,,,2025-09-16
2594,430,430,960,77.3,25.0,75.0,52.8,C,selected,일부 조건 불일치가 있어 확인이 필요합니다.,,,2025-06-11
2595,430,430,940,78.4,25.0,75.0,60.4,B,recommended,적응 기간이 다소 필요할 수 있습니다.,,,2025-10-26
2596,431,431,506,77.9,33.3,20.0,49.6,C,completed,추가 교육이나 지원이 필요할 수 있습니다.,2025-10-10,2026-02-05,2025-04-27
2597,431,431,75,90.4,33.3,75.0,68.0,B,recommended,적응 기간이 다소 필요할 수 있습니다.,,,2025-03-26
2598,431,431,825,89.5,33.3,75.0,67.9,B,selected,일부 조건에서 조율이 필요할 수 있습니다.,,,2024-11-21
2599,431,431,971,83.5,0.0,75.0,43.4,C,recommended,추가 교육이나 지원이 필요할 수 있습니다.,,,2025-03-17
2600,431,431,578,89.1,33.3,75.0,63.4,B,recommended,적응 기간이 다소 필요할 수 있습니다.,,,2025-05-31
2601,432,432,490,55.6,0.0,50.0,27.2,C,active,추가 교육이나 지원이 필요할 수 있습니다.,2025-09-30,,2024-10-26
2602,432,432,311,76.5,33.3,50.0,55.4,C,recommended,추가 교육이나 지원이 필요할 수 있습니다.,,,2025-02-26
2603,432,432,801,72.7,33.3,50.0,52.4,C,completed,일부 조건 불일치가 있어 확인이 필요합니다.,2025-04-17,2025-05-21,2025-03-25
2604,432,432,871,81.8,66.7,50.0,69.8,B,recommended,일부 조건에서 조율이 필요할 수 있습니다.,,,2024-12-02
2605,432,432,898,73.1,33.3,50.0,50.7,C,recommended,추가 교육이나 지원이 필요할 수 있습니다.,,,2025-09-28
2606,432,432,995,68.7,66.7,50.0,62.6,B,active,일부 조건에서 조율이 필요할 수 있습니다.,2024-12-17,,2025-05-30
2607,432,432,234,72.4,33.3,50.0,48.1,C,recommended,다른 후보도 함께 검토해 보시기 바랍니다.,,,2025-10-28
2608,433,433,238,86.1,33.3,75.0,61.4,B,recommended,적응 기간이 다소 필요할 수 있습니다.,,,2025-02-09
2609,433,433,95,88.8,0.0,50.0,39.0,C,completed,추가 교육이나 지원이 필요할 수 있습니다.,2025-10-21,2026-01-22,2025-10-18
2610,433,433,603,77.7,0.0,50.0,36.5,C,recommended,추가 교육이나 지원이 필요할 수 있습니다.,,,2025-06-19
2611,433,433,11,91.1,33.3,75.0,62.5,B,completed,일부 조건에서 조율이 필요할 수 있습니다.,2024-11-27,2025-02-27,2025-09-21
2612,433,433,233,73.6,66.7,75.0,72.7,B+,recommended,전반적으로 좋은 매칭입니다.,,,2025-10-18
2613,434,434,257,77.0,50.0,75.0,65.6,B,recommended,적응 기간이 다소 필요할 수 있습니다.,,,2025-05-28
2614,434,434,961,81.0,0.0,75.0,51.1,C,completed,일부 조건 불일치가 있어 확인이 필요합니다.,2025-07-08,2025-11-28,2025-06-25
2615,434,434,557,77.2,25.0,75.0,53.7,C,recommended,일부 조건 불일치가 있어 확인이 필요합니다.,,,2025-07-24
2616,434,434,211,86.3,25.0,75.0,59.2,C,recommended,다른 후보도 함께 검토해 보시기 바랍니다.,,,2025-06-16
2617,435,435,516,57.3,33.3,20.0,39.6,C,recommended,다른 후보도 함께 검토해 보시기 바랍니다.,,,2025-10-17
2618,435,435,107,54.7,0.0,20.0,21.2,C,recommended,추가 교육이나 지원이 필요할 수 있습니다.,,,2025-03-05
2619,435,435,56,64.8,0.0,20.0,25.0,C,completed,추가 교육이나 지원이 필요할 수 있습니다.,2025-01-18,2025-04-11,2025-05-20
2620,435,435,355,51.6,33.3,20.0,31.8,C,recommended,추가 교육이나 지원이 필요할 수 있습니다.,,,2024-12-04
2621,435,435,923,52.1,66.7,20.0,49.3,C,completed,추가 교육이나 지원이 필요할 수 있습니다.,2025-03-10,2025-05-08,2025-03-16
2622,435,435,421,61.8,66.7,20.0,51.1,C,completed,추가 교육이나 지원이 필요할 수 있습니다.,2025-04-15,2025-07-30,2025-10-27
2623,435,435,723,70.1,33.3,20.0,41.7,C,recommended,추가 교육이나 지원이 필요할 수 있습니다.,,,2025-05-15
2624,435,435,974,68.3,33.3,20.0,41.1,C,cancelled,추가 교육이나 지원이 필요할 수 있습니다.,,,2025-08-04
2625,436,436,389,80.8,50.0,50.0,56.3,C,recommended,다른 후보도 함께 검토해 보시기 바랍니다.,,,2025-11-10
2626,436,436,189,70.8,50.0,50.0,57.7,C,cancelled,다른 후보도 함께 검토해 보시기 바랍니다.,,,2025-11-13
2627,436,436,676,68.2,25.0,75.0,56.7,C,recommended,다른 후보도 함께 검토해 보시기 바랍니다.,,,2025-07-15
2628,436,436,442,79.0,25.0,50.0,53.2,C,active,추가 교육이나 지원이 필요할 수 있습니다.,2024-12-30,,2024-11-04
2629,436,436,546,79.7,25.0,50.0,45.7,C,recommended,일부 조건 불일치가 있어 확인이 필요합니다.,,,2025-01-12
2630,437,437,887,65.2,0.0,75.0,37.1,C,recommended,추가 교육이나 지원이 필요할 수 있습니다.,,,2025-02-16
2631,437,437,438,77.6,50.0,75.0,64.8,B,completed,일부 조건에서 조율이 필요할 수 있습니다.,2025-06-03,2025-11-16,2025-04-23
2632,437,437,802,88.2,75.0,75.0,82.3,A,completed,성격 궁합이 좋아 원활한 소통이 기대됩니다.,2025-06-17,2025-08-27,2025-04-01
2633,437,437,747,91.1,50.0,75.0,66.9,B,recommended,기본적인 케어 역량을 갖추고 있습니다.,,,2025-07-06
2634,437,437,951,94.2,50.0,75.0,74.7,B+,recommended,성격 궁합이 양호하며 적응이 빠를 것으로 예상됩니다.,,,2025-10-14
2635,437,437,754,87.9,50.0,75.0,74.5,B+,completed,성격 궁합이 양호하며 적응이 빠를 것으로 예상됩니다.,2025-01-24,2025-05-09,2025-02-07
2636,437,437,771,77.6,25.0,75.0,53.6,C,active,일부 조건 불일치가 있어 확인이 필요합니다.,2025-06-13,,2025-07-21
2637,438,438,13,86.9,0.0,75.0,52.6,C,cancelled,다른 후보도 함께 검토해 보시기 바랍니다.,,,2025-04-04
2638,438,438,128,81.8,50.0,50.0,56.3,C,completed,추가 교육이나 지원이 필요할 수 있습니다.,2025-10-24,2026-03-22,2025-05-27
2639,438,438,315,83.5,0.0,100.0,51.4,C,cancelled,추가 교육이나 지원이 필요할 수 있습니다.,,,2025-02-03
2640,438,438,583,80.5,75.0,75.0,81.3,A,completed,성격 궁합이 좋아 원활한 소통이 기대됩니다.,2025-06-09,2025-11-27,2025-10-25
2641,438,438,677,76.8,0.0,75.0,48.3,C,recommended,다른 후보도 함께 검토해 보시기 바랍니다.,,,2025-07-17
2642,438,438,329,80.5,25.0,75.0,60.6,B,recommended,기본적인 케어 역량을 갖추고 있습니다.,,,2025-08-02
2643,438,438,857,62.8,50.0,75.0,62.0,B,completed,기본적인 케어 역량을 갖추고 있습니다.,2025-08-14,2025-09-25,2025-09-29
2644,438,438,271,72.1,50.0,75.0,65.8,B,completed,일부 조건에서 조율이 필요할 수 있습니다.,2025-03-17,2025-09-11,2025-11-05
2645,439,439,975,67.5,50.0,50.0,53.7,C,recommended,일부 조건 불일치가 있어 확인이 필요합니다.,,,2025-05-30
2646,439,439,732,79.4,25.0,75.0,56.9,C,recommended,추가 교육이나 지원이 필요할 수 있습니다.,,,2025-01-23
2647,439,439,266,77.3,50.0,75.0,63.1,B,cancelled,기본적인 케어 역량을 갖추고 있습니다.,,,2025-10-18
2648,439,439,999,81.1,25.0,75.0,57.2,C,selected,추가 교육이나 지원이 필요할 수 있습니다.,,,2025-03-10
2649,440,440,243,85.9,66.7,50.0,68.0,B,selected,적응 기간이 다소 필요할 수 있습니다.,,,2025-04-28
2650,440,440,209,82.6,0.0,50.0,37.1,C,recommended,다른 후보도 함께 검토해 보시기 바랍니다.,,,2025-07-05
2651,440,440,334,76.8,33.3,50.0,49.1,C,recommended,다른 후보도 함께 검토해 보시기 바랍니다.,,,2025-01-20
2652,440,440,585,85.6,33.3,50.0,58.7,C,recommended,다른 후보도 함께 검토해 보시기 바랍니다.,,,2025-05-02
2653,441,441,482,75.6,66.7,75.0,68.5,B,selected,기본적인 케어 역량을 갖추고 있습니다.,,,2025-07-01
2654,441,441,966,88.2,33.3,75.0,67.3,B,recommended,적응 기간이 다소 필요할 수 있습니다.,,,2025-11-13
2655,441,441,997,94.9,0.0,75.0,48.0,C,completed,일부 조건 불일치가 있어 확인이 필요합니다.,2025-07-12,2025-10-30,2024-11-25
2656,441,441,302,85.7,0.0,75.0,51.6,C,recommended,일부 조건 불일치가 있어 확인이 필요합니다.,,,2025-06-03
2657,441,441,637,75.8,33.3,75.0,63.0,B,completed,기본적인 케어 역량을 갖추고 있습니다.,2025-04-18,2025-10-14,2024-12-25
2658,441,441,32,78.4,66.7,75.0,75.5,B+,completed,주요 질환에 대한 케어 경험이 있습니다.,2024-11-30,2025-01-19,2025-08-04
2659,442,442,752,88.9,33.3,75.0,66.2,B,recommended,적응 기간이 다소 필요할 수 있습니다.,,,2025-03-30
2660,442,442,429,75.6,33.3,75.0,60.1,B,completed,일부 조건에서 조율이 필요할 수 있습니다.,2025-02-04,2025-06-26,2025-07-12
2661,442,442,552,84.5,33.3,75.0,59.6,C,recommended,추가 교육이나 지원이 필요할 수 있습니다.,,,2025-06-11
2662,442,442,751,75.0,0.0,75.0,42.4,C,completed,다른 후보도 함께 검토해 보시기 바랍니다.,2025-04-26,2025-07-24,2025-06-18
2663,442,442,125,86.5,33.3,20.0,50.5,C,recommended,다른 후보도 함께 검토해 보시기 바랍니다.,,,2024-11-16
2664,442,442,868,82.0,66.7,75.0,78.7,B+,completed,주요 질환에 대한 케어 경험이 있습니다.,2025-04-02,2025-08-02,2025-05-30
2665,442,442,900,79.9,33.3,75.0,64.2,B,active,일부 조건에서 조율이 필요할 수 있습니다.,2024-11-28,,2025-01-21
2666,442,442,541,79.9,66.7,50.0,64.4,B,recommended,일부 조건에서 조율이 필요할 수 있습니다.,,,2025-08-01
2667,443,443,848,80.9,50.0,75.0,66.2,B,recommended,적응 기간이 다소 필요할 수 있습니다.,,,2024-12-21
2668,443,443,847,77.1,25.0,50.0,45.9,C,active,다른 후보도 함께 검토해 보시기 바랍니다.,2025-06-17,,2025-06-05
2669,443,443,129,79.6,25.0,50.0,48.5,C,completed,다른 후보도 함께 검토해 보시기 바랍니다.,2025-09-17,2026-01-29,2025-03-13
2670,443,443,948,69.2,25.0,75.0,52.9,C,recommended,추가 교육이나 지원이 필요할 수 있습니다.,,,2025-08-26
2671,443,443,551,69.1,0.0,50.0,40.4,C,active,추가 교육이나 지원이 필요할 수 있습니다.,2025-10-21,,2025-09-26
2672,443,443,251,70.9,75.0,75.0,72.7,B+,selected,전반적으로 좋은 매칭입니다.,,,2024-11-27
2673,443,443,796,75.4,25.0,50.0,53.2,C,completed,추가 교육이나 지원이 필요할 수 있습니다.,2025-09-07,2025-11-08,2025-04-20
2674,443,443,932,71.8,25.0,75.0,58.8,C,recommended,추가 교육이나 지원이 필요할 수 있습니다.,,,2025-03-08
2675,444,444,941,84.6,50.0,75.0,68.9,B,completed,일부 조건에서 조율이 필요할 수 있습니다.,2025-05-31,2025-07-30,2025-06-07
2676,444,444,398,76.9,50.0,50.0,55.5,C,recommended,일부 조건 불일치가 있어 확인이 필요합니다.,,,2025-11-03
2677,444,444,926,84.5,75.0,50.0,67.8,B,selected,일부 조건에서 조율이 필요할 수 있습니다.,,,2025-04-11
2678,444,444,433,84.4,25.0,50.0,56.1,C,recommended,일부 조건 불일치가 있어 확인이 필요합니다.,,,2025-04-10
2679,444,444,363,90.2,75.0,50.0,76.5,B+,recommended,성격 궁합이 양호하며 적응이 빠를 것으로 예상됩니다.,,,2025-07-01
2680,444,444,131,76.0,75.0,75.0,77.9,B+,completed,전반적으로 좋은 매칭입니다.,2025-08-21,2025-11-05,2024-10-30
2681,444,444,412,79.0,25.0,50.0,46.0,C,recommended,추가 교육이나 지원이 필요할 수 있습니다.,,,2025-01-27
2682,444,444,714,83.9,50.0,50.0,62.8,B,completed,일부 조건에서 조율이 필요할 수 있습니다.,2024-11-30,2025-04-25,2025-06-15
2683,445,445,287,79.0,25.0,50.0,45.6,C,recommended,일부 조건 불일치가 있어 확인이 필요합니다.,,,2025-03-03
2684,445,445,968,79.1,50.0,75.0,67.2,B,selected,일부 조건에서 조율이 필요할 수 있습니다.,,,2025-07-03
2685,445,445,792,81.3,0.0,75.0,45.4,C,recommended,다른 후보도 함께 검토해 보시기 바랍니다.,,,2024-11-04
2686,445,445,100,62.5,75.0,75.0,67.4,B,recommended,기본적인 케어 역량을 갖추고 있습니다.,,,2025-11-05
2687,445,445,238,76.1,25.0,75.0,58.5,C,recommended,일부 조건 불일치가 있어 확인이 필요합니다.,,,2024-11-17
2688,445,445,305,70.7,25.0,50.0,44.4,C,recommended,일부 조건 불일치가 있어 확인이 필요합니다.,,,2025-07-07
2689,445,445,506,70.3,50.0,20.0,50.3,C,recommended,일부 조건 불일치가 있어 확인이 필요합니다.,,,2025-06-19
2690,445,445,350,71.9,0.0,75.0,39.9,C,recommended,다른 후보도 함께 검토해 보시기 바랍니다.,,,2025-09-03
2691,446,446,295,88.6,25.0,75.0,57.0,C,selected,추가 교육이나 지원이 필요할 수 있습니다.,,,2025-07-02
2692,446,446,281,71.2,25.0,75.0,58.0,C,selected,다른 후보도 함께 검토해 보시기 바랍니다.,,,2025-01-20
2693,446,446,499,68.0,50.0,50.0,58.8,C,recommended,추가 교육이나 지원이 필요할 수 있습니다.,,,2024-12-20
2694,446,446,450,77.5,50.0,75.0,63.7,B,selected,기본적인 케어 역량을 갖추고 있습니다.,,,2025-08-13
2695,447,447,859,61.9,33.3,75.0,58.3,C,cancelled,일부 조건 불일치가 있어 확인이 필요합니다.,,,2025-02-24
2696,447,447,521,72.7,0.0,75.0,47.2,C,selected,추가 교육이나 지원이 필요할 수 있습니다.,,,2025-03-21
2697,447,447,773,72.9,66.7,75.0,74.3,B+,completed,주요 질환에 대한 케어 경험이 있습니다.,2025-10-15,2026-02-16,2025-07-05
2698,447,447,173,67.3,66.7,75.0,68.2,B,recommended,일부 조건에서 조율이 필요할 수 있습니다.,,,2025-03-05
2699,447,447,29,72.5,0.0,75.0,40.4,C,completed,추가 교육이나 지원이 필요할 수 있습니다.,2025-03-10,2025-06-23,2024-11-25
2700,447,447,613,74.2,33.3,100.0,63.8,B,completed,일부 조건에서 조율이 필요할 수 있습니다.,2025-03-21,2025-08-24,2025-10-13
2701,447,447,925,76.2,0.0,75.0,47.7,C,selected,추가 교육이나 지원이 필요할 수 있습니다.,,,2025-05-29
2702,447,447,41,83.6,0.0,75.0,51.1,C,cancelled,일부 조건 불일치가 있어 확인이 필요합니다.,,,2025-08-05
2703,448,448,335,82.5,25.0,50.0,49.2,C,recommended,일부 조건 불일치가 있어 확인이 필요합니다.,,,2024-11-15
2704,448,448,161,80.6,0.0,75.0,47.1,C,recommended,추가 교육이나 지원이 필요할 수 있습니다.,,,2024-11-30
2705,448,448,520,88.7,25.0,75.0,61.7,B,completed,기본적인 케어 역량을 갖추고 있습니다.,2025-10-09,2026-02-26,2024-11-30
2706,448,448,344,63.8,50.0,75.0,58.0,C,completed,일부 조건 불일치가 있어 확인이 필요합니다.,2025-01-16,2025-02-24,2025-01-09
2707,449,449,386,70.3,33.3,50.0,47.0,C,recommended,추가 교육이나 지원이 필요할 수 있습니다.,,,2024-11-16
2708,449,449,894,89.3,0.0,50.0,43.7,C,recommended,추가 교육이나 지원이 필요할 수 있습니다.,,,2025-08-17
2709,449,449,966,80.2,33.3,50.0,55.2,C,recommended,추가 교육이나 지원이 필요할 수 있습니다.,,,2025-03-07
2710,449,449,226,82.4,33.3,50.0,58.2,C,recommended,일부 조건 불일치가 있어 확인이 필요합니다.,,,2025-08-09
2711,449,449,690,85.9,66.7,50.0,64.3,B,completed,적응 기간이 다소 필요할 수 있습니다.,2025-09-24,2026-02-26,2025-01-18
2712,449,449,201,86.0,0.0,50.0,38.0,C,selected,일부 조건 불일치가 있어 확인이 필요합니다.,,,2025-07-15
2713,449,449,272,79.2,33.3,50.0,54.7,C,recommended,일부 조건 불일치가 있어 확인이 필요합니다.,,,2025-02-01
2714,449,449,482,92.5,33.3,50.0,55.6,C,recommended,다른 후보도 함께 검토해 보시기 바랍니다.,,,2025-03-24
2715,450,450,673,79.3,0.0,75.0,44.4,C,recommended,다른 후보도 함께 검토해 보시기 바랍니다.,,,2025-03-21
2716,450,450,978,80.2,25.0,75.0,59.8,C,recommended,다른 후보도 함께 검토해 보시기 바랍니다.,,,2025-01-24
2717,450,450,185,66.3,75.0,50.0,64.3,B,completed,기본적인 케어 역량을 갖추고 있습니다.,2025-02-24,2025-06-09,2025-08-06
2718,450,450,899,63.6,50.0,75.0,60.2,B,cancelled,일부 조건에서 조율이 필요할 수 있습니다.,,,2025-06-13
2719,450,450,308,71.3,50.0,75.0,61.2,B,completed,기본적인 케어 역량을 갖추고 있습니다.,2025-03-25,2025-05-23,2025-04-03
2720,450,450,861,77.9,25.0,50.0,45.9,C,recommended,일부 조건 불일치가 있어 확인이 필요합니다.,,,2025-05-07
2721,450,450,238,79.9,25.0,100.0,65.0,B,completed,적응 기간이 다소 필요할 수 있습니다.,2025-02-23,2025-07-28,2025-04-30
2722,450,450,897,85.7,75.0,75.0,76.7,B+,completed,성격 궁합이 양호하며 적응이 빠를 것으로 예상됩니다.,2025-02-11,2025-05-07,2025-10-26
2723,451,451,692,79.1,25.0,75.0,55.7,C,completed,다른 후보도 함께 검토해 보시기 바랍니다.,2025-06-17,2025-07-30,2025-03-23
2724,451,451,326,80.1,25.0,75.0,58.2,C,recommended,추가 교육이나 지원이 필요할 수 있습니다.,,,2025-06-22
2725,451,451,422,73.6,25.0,75.0,54.0,C,recommended,추가 교육이나 지원이 필요할 수 있습니다.,,,2025-02-06
2726,451,451,401,82.6,25.0,75.0,61.4,B,recommended,적응 기간이 다소 필요할 수 있습니다.,,,2025-08-13
2727,451,451,829,73.7,75.0,75.0,77.3,B+,recommended,주요 질환에 대한 케어 경험이 있습니다.,,,2025-01-16
2728,451,451,453,76.3,0.0,50.0,40.3,C,recommended,추가 교육이나 지원이 필요할 수 있습니다.,,,2025-01-21
2729,452,452,21,79.3,33.3,20.0,48.1,C,recommended,다른 후보도 함께 검토해 보시기 바랍니다.,,,2024-10-30
2730,452,452,974,81.6,100.0,20.0,76.2,B+,active,전반적으로 좋은 매칭입니다.,2025-09-26,,2025-11-01
2731,452,452,740,76.5,33.3,20.0,45.3,C,completed,추가 교육이나 지원이 필요할 수 있습니다.,2025-04-26,2025-10-10,2025-09-07
2732,452,452,22,85.4,66.7,20.0,65.2,B,selected,기본적인 케어 역량을 갖추고 있습니다.,,,2025-07-01
2733,452,452,822,76.6,100.0,20.0,74.8,B+,recommended,성격 궁합이 양호하며 적응이 빠를 것으로 예상됩니다.,,,2025-06-10
2734,452,452,389,86.2,66.7,20.0,61.0,B,cancelled,적응 기간이 다소 필요할 수 있습니다.,,,2024-11-16
2735,452,452,93,88.0,33.3,20.0,46.6,C,cancelled,추가 교육이나 지원이 필요할 수 있습니다.,,,2025-11-08
2736,452,452,800,83.9,0.0,20.0,37.8,C,completed,일부 조건 불일치가 있어 확인이 필요합니다.,2025-02-01,2025-03-29,2025-05-07
2737,453,453,290,66.4,50.0,50.0,58.5,C,cancelled,추가 교육이나 지원이 필요할 수 있습니다.,,,2025-11-09
2738,453,453,309,81.7,25.0,50.0,48.8,C,selected,추가 교육이나 지원이 필요할 수 있습니다.,,,2025-05-17
2739,453,453,25,80.1,25.0,50.0,52.1,C,cancelled,추가 교육이나 지원이 필요할 수 있습니다.,,,2024-11-12
2740,453,453,236,70.5,25.0,75.0,57.2,C,recommended,추가 교육이나 지원이 필요할 수 있습니다.,,,2025-10-18
2741,453,453,647,78.1,50.0,50.0,55.6,C,recommended,일부 조건 불일치가 있어 확인이 필요합니다.,,,2024-12-01
2742,454,454,21,76.3,0.0,50.0,35.7,C,recommended,일부 조건 불일치가 있어 확인이 필요합니다.,,,2025-01-29
2743,454,454,16,90.3,25.0,75.0,63.3,B,recommended,기본적인 케어 역량을 갖추고 있습니다.,,,2025-01-20
2744,454,454,761,77.5,25.0,75.0,59.5,C,recommended,다른 후보도 함께 검토해 보시기 바랍니다.,,,2025-04-23
2745,454,454,851,77.4,0.0,75.0,46.0,C,active,다른 후보도 함께 검토해 보시기 바랍니다.,2025-10-17,,2025-07-09
2746,454,454,555,75.2,25.0,50.0,48.4,C,completed,일부 조건 불일치가 있어 확인이 필요합니다.,2025-09-07,2025-12-13,2025-02-04
2747,454,454,620,79.6,50.0,75.0,65.9,B,active,일부 조건에서 조율이 필요할 수 있습니다.,2025-07-07,,2025-02-12
2748,454,454,942,78.2,25.0,75.0,53.9,C,recommended,다른 후보도 함께 검토해 보시기 바랍니다.,,,2024-12-02
2749,455,455,519,88.5,50.0,50.0,62.2,B,completed,일부 조건에서 조율이 필요할 수 있습니다.,2025-01-22,2025-03-20,2025-08-04
2750,455,455,251,85.3,0.0,50.0,41.3,C,active,다른 후보도 함께 검토해 보시기 바랍니다.,2025-07-02,,2025-05-21
2751,455,455,392,81.2,0.0,20.0,33.2,C,recommended,추가 교육이나 지원이 필요할 수 있습니다.,,,2025-01-01
2752,455,455,18,79.5,75.0,50.0,68.4,B,completed,기본적인 케어 역량을 갖추고 있습니다.,2025-08-16,2025-10-06,2025-02-12
2753,455,455,509,80.4,50.0,50.0,61.6,B,recommended,기본적인 케어 역량을 갖추고 있습니다.,,,2025-09-15
2754,455,455,746,89.5,25.0,50.0,52.9,C,recommended,다른 후보도 함께 검토해 보시기 바랍니다.,,,2025-03-04
2755,455,455,404,73.3,50.0,50.0,60.4,B,completed,기본적인 케어 역량을 갖추고 있습니다.,2025-01-11,2025-04-10,2024-10-30
2756,455,455,975,84.3,75.0,75.0,76.4,B+,selected,성격 궁합이 양호하며 적응이 빠를 것으로 예상됩니다.,,,2025-09-10
2757,456,456,330,72.3,25.0,50.0,46.9,C,recommended,추가 교육이나 지원이 필요할 수 있습니다.,,,2025-07-12
2758,456,456,706,76.4,25.0,75.0,57.4,C,completed,일부 조건 불일치가 있어 확인이 필요합니다.,2025-01-14,2025-06-18,2025-03-16
2759,456,456,579,69.6,25.0,75.0,50.5,C,completed,일부 조건 불일치가 있어 확인이 필요합니다.,2025-03-06,2025-08-06,2025-02-15
2760,456,456,614,67.6,25.0,75.0,48.2,C,recommended,추가 교육이나 지원이 필요할 수 있습니다.,,,2025-04-23
2761,457,457,385,78.9,33.3,50.0,50.1,C,recommended,일부 조건 불일치가 있어 확인이 필요합니다.,,,2025-09-25
2762,457,457,131,56.3,66.7,75.0,61.8,B,recommended,일부 조건에서 조율이 필요할 수 있습니다.,,,2025-09-29
2763,457,457,776,48.9,66.7,50.0,51.7,C,active,다른 후보도 함께 검토해 보시기 바랍니다.,2025-03-25,,2025-08-31
2764,457,457,14,52.0,33.3,50.0,45.3,C,recommended,일부 조건 불일치가 있어 확인이 필요합니다.,,,2025-03-22
2765,458,458,767,58.4,0.0,75.0,34.3,C,recommended,추가 교육이나 지원이 필요할 수 있습니다.,,,2025-04-18
2766,458,458,896,68.2,0.0,100.0,53.8,C,cancelled,일부 조건 불일치가 있어 확인이 필요합니다.,,,2024-12-15
2767,458,458,561,59.1,50.0,50.0,50.9,C,selected,다른 후보도 함께 검토해 보시기 바랍니다.,,,2025-01-16
2768,458,458,429,59.1,50.0,75.0,63.3,B,recommended,적응 기간이 다소 필요할 수 있습니다.,,,2024-12-29
2769,458,458,409,66.6,50.0,75.0,58.7,C,selected,다른 후보도 함께 검토해 보시기 바랍니다.,,,2025-03-04
2770,459,459,823,81.4,0.0,50.0,41.2,C,active,다른 후보도 함께 검토해 보시기 바랍니다.,2025-06-22,,2025-04-04
2771,459,459,629,86.7,25.0,50.0,49.9,C,recommended,다른 후보도 함께 검토해 보시기 바랍니다.,,,2024-11-09
2772,459,459,975,84.0,50.0,75.0,70.3,B+,recommended,주요 질환에 대한 케어 경험이 있습니다.,,,2025-09-03
2773,459,459,732,82.8,50.0,50.0,61.7,B,completed,일부 조건에서 조율이 필요할 수 있습니다.,2025-02-28,2025-04-01,2025-04-27
2774,459,459,381,81.4,25.0,50.0,46.6,C,recommended,추가 교육이나 지원이 필요할 수 있습니다.,,,2025-06-20
2775,460,460,205,61.6,25.0,75.0,48.6,C,selected,추가 교육이나 지원이 필요할 수 있습니다.,,,2025-01-11
2776,460,460,711,71.8,0.0,75.0,43.6,C,recommended,추가 교육이나 지원이 필요할 수 있습니다.,,,2025-10-23
2777,460,460,97,55.9,50.0,75.0,56.8,C,recommended,일부 조건 불일치가 있어 확인이 필요합니다.,,,2025-08-03
2778,460,460,551,75.3,25.0,50.0,47.3,C,recommended,추가 교육이나 지원이 필요할 수 있습니다.,,,2025-08-20
2779,460,460,470,75.6,25.0,50.0,46.7,C,recommended,다른 후보도 함께 검토해 보시기 바랍니다.,,,2025-01-31
2780,461,461,377,77.4,0.0,75.0,46.5,C,recommended,일부 조건 불일치가 있어 확인이 필요합니다.,,,2024-12-24
2781,461,461,640,67.6,0.0,20.0,25.7,C,recommended,일부 조건 불일치가 있어 확인이 필요합니다.,,,2025-09-09
2782,461,461,786,84.1,0.0,75.0,44.2,C,completed,추가 교육이나 지원이 필요할 수 있습니다.,2025-07-10,2025-10-19,2025-07-15
2783,461,461,413,69.6,75.0,50.0,69.8,B,cancelled,적응 기간이 다소 필요할 수 있습니다.,,,2024-12-31
2784,461,461,957,76.7,50.0,75.0,68.3,B,completed,적응 기간이 다소 필요할 수 있습니다.,2025-05-12,2025-11-05,2025-01-21
2785,461,461,261,76.7,50.0,75.0,69.3,B,completed,기본적인 케어 역량을 갖추고 있습니다.,2025-02-28,2025-05-22,2025-11-25
2786,462,462,952,87.5,0.0,50.0,39.5,C,recommended,다른 후보도 함께 검토해 보시기 바랍니다.,,,2025-11-26
2787,462,462,823,89.4,25.0,100.0,64.5,B,cancelled,기본적인 케어 역량을 갖추고 있습니다.,,,2025-09-17
2788,462,462,630,91.4,50.0,75.0,70.9,B+,recommended,성격 궁합이 양호하며 적응이 빠를 것으로 예상됩니다.,,,2025-04-23
2789,462,462,151,84.9,0.0,75.0,50.1,C,cancelled,다른 후보도 함께 검토해 보시기 바랍니다.,,,2025-06-25
2790,463,463,779,75.6,50.0,75.0,67.3,B,cancelled,일부 조건에서 조율이 필요할 수 있습니다.,,,2025-06-20
2791,463,463,121,82.9,25.0,50.0,54.9,C,completed,추가 교육이나 지원이 필요할 수 있습니다.,2025-05-19,2025-10-31,2025-01-21
2792,463,463,247,66.3,25.0,75.0,56.4,C,cancelled,다른 후보도 함께 검토해 보시기 바랍니다.,,,2024-11-27
2793,463,463,574,79.3,25.0,75.0,52.9,C,selected,다른 후보도 함께 검토해 보시기 바랍니다.,,,2025-02-13
2794,463,463,403,82.4,25.0,75.0,57.0,C,recommended,일부 조건 불일치가 있어 확인이 필요합니다.,,,2025-07-21
2795,463,463,387,78.8,0.0,75.0,48.2,C,recommended,일부 조건 불일치가 있어 확인이 필요합니다.,,,2025-04-18
2796,463,463,793,79.7,75.0,50.0,71.9,B+,active,주요 질환에 대한 케어 경험이 있습니다.,2025-07-29,,2025-05-23
2797,463,463,395,87.2,25.0,20.0,49.1,C,recommended,일부 조건 불일치가 있어 확인이 필요합니다.,,,2025-06-02
2798,464,464,219,80.0,50.0,50.0,59.3,C,active,일부 조건 불일치가 있어 확인이 필요합니다.,2025-07-29,,2025-11-21
2799,464,464,632,71.3,25.0,75.0,50.7,C,cancelled,다른 후보도 함께 검토해 보시기 바랍니다.,,,2025-03-02
2800,464,464,574,82.9,50.0,75.0,64.7,B,recommended,적응 기간이 다소 필요할 수 있습니다.,,,2025-06-21
2801,464,464,898,69.7,0.0,75.0,41.4,C,completed,일부 조건 불일치가 있어 확인이 필요합니다.,2025-04-23,2025-07-26,2025-11-20
2802,464,464,943,78.0,25.0,75.0,57.5,C,cancelled,일부 조건 불일치가 있어 확인이 필요합니다.,,,2025-03-26
2803,464,464,962,68.6,50.0,75.0,61.7,B,completed,적응 기간이 다소 필요할 수 있습니다.,2025-06-21,2025-09-29,2025-10-28
2804,464,464,196,73.9,50.0,75.0,68.3,B,cancelled,일부 조건에서 조율이 필요할 수 있습니다.,,,2025-01-19
2805,465,465,503,75.1,50.0,50.0,59.2,C,selected,추가 교육이나 지원이 필요할 수 있습니다.,,,2025-11-07
2806,465,465,178,65.1,25.0,50.0,44.0,C,cancelled,일부 조건 불일치가 있어 확인이 필요합니다.,,,2024-11-26
2807,465,465,485,81.4,25.0,50.0,47.5,C,completed,추가 교육이나 지원이 필요할 수 있습니다.,2025-07-30,2025-10-01,2025-04-26
2808,465,465,768,66.1,0.0,50.0,31.2,C,recommended,일부 조건 불일치가 있어 확인이 필요합니다.,,,2024-11-28
2809,465,465,896,84.3,25.0,50.0,47.6,C,recommended,추가 교육이나 지원이 필요할 수 있습니다.,,,2025-02-21
2810,465,465,664,72.2,25.0,50.0,45.6,C,completed,다른 후보도 함께 검토해 보시기 바랍니다.,2025-07-21,2025-08-24,2024-12-17
2811,465,465,769,63.8,25.0,50.0,48.8,C,recommended,추가 교육이나 지원이 필요할 수 있습니다.,,,2025-01-30
2812,466,466,529,90.4,25.0,75.0,63.8,B,completed,기본적인 케어 역량을 갖추고 있습니다.,2025-09-27,2025-11-12,2024-11-02
2813,466,466,15,78.7,0.0,75.0,43.9,C,active,다른 후보도 함께 검토해 보시기 바랍니다.,2025-08-01,,2025-11-04
2814,466,466,964,90.8,75.0,75.0,78.3,B+,recommended,주요 질환에 대한 케어 경험이 있습니다.,,,2024-12-09
2815,466,466,681,83.0,50.0,75.0,67.9,B,active,적응 기간이 다소 필요할 수 있습니다.,2025-08-01,,2024-11-09
2816,466,466,413,74.7,75.0,50.0,72.1,B+,completed,성격 궁합이 양호하며 적응이 빠를 것으로 예상됩니다.,2025-10-27,2026-02-13,2025-02-12
2817,466,466,427,79.1,50.0,75.0,66.1,B,selected,적응 기간이 다소 필요할 수 있습니다.,,,2025-10-13
2818,467,467,953,87.0,0.0,50.0,38.8,C,recommended,다른 후보도 함께 검토해 보시기 바랍니다.,,,2025-01-28
2819,467,467,475,72.3,0.0,50.0,39.1,C,recommended,추가 교육이나 지원이 필요할 수 있습니다.,,,2024-10-30
2820,467,467,91,81.0,50.0,50.0,57.5,C,recommended,추가 교육이나 지원이 필요할 수 있습니다.,,,2025-08-07
2821,467,467,120,74.3,0.0,50.0,39.9,C,cancelled,다른 후보도 함께 검토해 보시기 바랍니다.,,,2025-10-16
2822,467,467,941,87.5,25.0,75.0,63.2,B,recommended,기본적인 케어 역량을 갖추고 있습니다.,,,2025-06-22
2823,467,467,93,85.9,25.0,50.0,55.9,C,active,추가 교육이나 지원이 필요할 수 있습니다.,2024-12-04,,2024-11-09
2824,467,467,187,83.0,25.0,75.0,60.4,B,recommended,기본적인 케어 역량을 갖추고 있습니다.,,,2025-06-21
2825,467,467,748,65.0,50.0,50.0,50.8,C,recommended,일부 조건 불일치가 있어 확인이 필요합니다.,,,2025-07-03
2826,468,468,286,82.2,0.0,20.0,31.0,C,completed,추가 교육이나 지원이 필요할 수 있습니다.,2025-07-24,2025-10-31,2025-08-28
2827,468,468,144,81.8,50.0,50.0,63.1,B,completed,일부 조건에서 조율이 필요할 수 있습니다.,2025-06-15,2025-08-07,2025-05-29
2828,468,468,579,87.1,0.0,50.0,45.7,C,recommended,일부 조건 불일치가 있어 확인이 필요합니다.,,,2025-04-10
2829,468,468,324,83.9,75.0,50.0,75.2,B+,active,주요 질환에 대한 케어 경험이 있습니다.,2025-08-02,,2025-01-31
2830,468,468,424,91.3,50.0,50.0,63.3,B,recommended,적응 기간이 다소 필요할 수 있습니다.,,,2025-02-08
2831,469,469,720,79.5,0.0,75.0,48.4,C,recommended,다른 후보도 함께 검토해 보시기 바랍니다.,,,2025-08-12
2832,469,469,445,80.1,25.0,50.0,49.0,C,active,일부 조건 불일치가 있어 확인이 필요합니다.,2025-02-13,,2024-11-11
2833,469,469,356,70.2,50.0,75.0,66.3,B,recommended,기본적인 케어 역량을 갖추고 있습니다.,,,2025-03-09
2834,469,469,662,80.0,50.0,75.0,69.5,B,recommended,일부 조건에서 조율이 필요할 수 있습니다.,,,2025-08-07
2835,469,469,831,77.0,25.0,100.0,61.6,B,selected,기본적인 케어 역량을 갖추고 있습니다.,,,2025-09-28
2836,470,470,675,75.4,0.0,100.0,50.1,C,cancelled,다른 후보도 함께 검토해 보시기 바랍니다.,,,2024-12-24
2837,470,470,647,83.1,66.7,50.0,69.1,B,cancelled,기본적인 케어 역량을 갖추고 있습니다.,,,2025-06-14
2838,470,470,191,76.8,0.0,50.0,41.4,C,recommended,일부 조건 불일치가 있어 확인이 필요합니다.,,,2025-05-27
2839,470,470,487,81.6,33.3,50.0,58.1,C,completed,다른 후보도 함께 검토해 보시기 바랍니다.,2025-10-24,2026-01-02,2025-03-28
2840,470,470,144,78.4,33.3,50.0,57.3,C,recommended,추가 교육이나 지원이 필요할 수 있습니다.,,,2025-05-27
2841,470,470,479,80.5,100.0,50.0,78.7,B+,selected,성격 궁합이 양호하며 적응이 빠를 것으로 예상됩니다.,,,2025-02-20
2842,470,470,601,87.8,0.0,50.0,40.1,C,completed,일부 조건 불일치가 있어 확인이 필요합니다.,2025-10-17,2026-03-08,2025-04-07
2843,470,470,331,79.7,0.0,50.0,39.8,C,cancelled,다른 후보도 함께 검토해 보시기 바랍니다.,,,2025-03-29
2844,471,471,259,64.8,25.0,75.0,51.3,C,cancelled,다른 후보도 함께 검토해 보시기 바랍니다.,,,2025-06-26
2845,471,471,741,83.6,25.0,75.0,53.4,C,selected,추가 교육이나 지원이 필요할 수 있습니다.,,,2024-11-01
2846,471,471,383,82.7,25.0,75.0,62.0,B,selected,적응 기간이 다소 필요할 수 있습니다.,,,2025-10-02
2847,471,471,616,71.6,50.0,75.0,63.0,B,completed,일부 조건에서 조율이 필요할 수 있습니다.,2025-06-13,2025-12-07,2025-01-27
2848,471,471,346,65.6,50.0,75.0,58.4,C,recommended,다른 후보도 함께 검토해 보시기 바랍니다.,,,2025-01-25
2849,472,472,204,80.1,0.0,75.0,45.1,C,selected,추가 교육이나 지원이 필요할 수 있습니다.,,,2025-10-11
2850,472,472,975,82.7,66.7,50.0,66.2,B,selected,기본적인 케어 역량을 갖추고 있습니다.,,,2025-06-02
2851,472,472,996,71.9,33.3,75.0,56.8,C,active,다른 후보도 함께 검토해 보시기 바랍니다.,2025-08-05,,2025-11-26
2852,472,472,582,87.8,0.0,75.0,51.1,C,recommended,추가 교육이나 지원이 필요할 수 있습니다.,,,2025-08-30
2853,472,472,770,88.0,0.0,75.0,47.6,C,recommended,추가 교육이나 지원이 필요할 수 있습니다.,,,2025-08-24
2854,472,472,143,76.2,33.3,75.0,56.1,C,cancelled,추가 교육이나 지원이 필요할 수 있습니다.,,,2025-04-17
2855,472,472,134,94.4,33.3,75.0,61.0,B,recommended,기본적인 케어 역량을 갖추고 있습니다.,,,2025-09-09
2856,472,472,680,88.9,33.3,75.0,65.1,B,active,기본적인 케어 역량을 갖추고 있습니다.,2025-04-20,,2025-03-27
2857,473,473,353,77.4,66.7,50.0,65.2,B,recommended,기본적인 케어 역량을 갖추고 있습니다.,,,2025-03-30
2858,473,473,103,69.9,33.3,75.0,58.2,C,recommended,다른 후보도 함께 검토해 보시기 바랍니다.,,,2024-11-30
2859,473,473,483,68.8,0.0,75.0,40.3,C,recommended,추가 교육이나 지원이 필요할 수 있습니다.,,,2025-05-12
2860,473,473,564,78.4,66.7,75.0,69.1,B,recommended,기본적인 케어 역량을 갖추고 있습니다.,,,2025-05-06
2861,473,473,704,68.4,33.3,50.0,52.5,C,completed,일부 조건 불일치가 있어 확인이 필요합니다.,2025-06-06,2025-10-22,2025-05-09
2862,474,474,686,84.3,25.0,75.0,59.3,C,recommended,추가 교육이나 지원이 필요할 수 있습니다.,,,2025-05-22
2863,474,474,759,90.0,0.0,75.0,48.9,C,cancelled,일부 조건 불일치가 있어 확인이 필요합니다.,,,2025-11-26
2864,474,474,994,84.5,50.0,75.0,69.4,B,active,기본적인 케어 역량을 갖추고 있습니다.,2025-04-08,,2024-12-31
2865,474,474,601,81.3,50.0,75.0,64.5,B,selected,일부 조건에서 조율이 필요할 수 있습니다.,,,2025-08-22
2866,474,474,28,81.6,50.0,75.0,62.8,B,active,일부 조건에서 조율이 필요할 수 있습니다.,2025-05-27,,2025-10-10
2867,474,474,228,79.4,25.0,75.0,54.9,C,selected,일부 조건 불일치가 있어 확인이 필요합니다.,,,2025-08-26
2868,474,474,907,87.1,25.0,50.0,52.2,C,completed,다른 후보도 함께 검토해 보시기 바랍니다.,2025-06-05,2025-09-22,2024-12-16
2869,475,475,982,82.8,0.0,75.0,49.6,C,recommended,추가 교육이나 지원이 필요할 수 있습니다.,,,2025-04-02
2870,475,475,978,85.4,33.3,75.0,65.0,B,selected,일부 조건에서 조율이 필요할 수 있습니다.,,,2024-12-10
2871,475,475,432,82.4,100.0,75.0,89.9,A,completed,전문분야 일치도가 높고 케어 경험이 풍부합니다.,2024-11-27,2025-04-09,2025-09-05
2872,475,475,184,78.2,66.7,75.0,72.9,B+,completed,성격 궁합이 양호하며 적응이 빠를 것으로 예상됩니다.,2025-03-10,2025-04-11,2024-12-27
2873,475,475,168,75.4,33.3,75.0,57.7,C,completed,다른 후보도 함께 검토해 보시기 바랍니다.,2025-10-01,2026-01-16,2025-07-17
2874,475,475,408,91.2,33.3,50.0,58.8,C,recommended,다른 후보도 함께 검토해 보시기 바랍니다.,,,2025-03-14
2875,476,476,800,78.9,33.3,50.0,58.2,C,completed,다른 후보도 함께 검토해 보시기 바랍니다.,2025-09-01,2025-11-15,2025-02-27
2876,476,476,485,85.0,33.3,50.0,51.4,C,recommended,추가 교육이나 지원이 필요할 수 있습니다.,,,2025-06-07
2877,476,476,730,84.5,33.3,100.0,72.4,B+,selected,전반적으로 좋은 매칭입니다.,,,2025-01-28
2878,476,476,344,77.7,33.3,50.0,50.6,C,recommended,일부 조건 불일치가 있어 확인이 필요합니다.,,,2025-01-16
2879,476,476,865,85.6,33.3,75.0,64.3,B,active,일부 조건에서 조율이 필요할 수 있습니다.,2025-03-10,,2025-11-02
2880,476,476,548,87.9,33.3,50.0,56.2,C,recommended,추가 교육이나 지원이 필요할 수 있습니다.,,,2025-09-25
2881,477,477,472,85.5,33.3,50.0,53.3,C,recommended,다른 후보도 함께 검토해 보시기 바랍니다.,,,2024-12-16
2882,477,477,376,79.2,0.0,75.0,44.4,C,completed,다른 후보도 함께 검토해 보시기 바랍니다.,2025-10-16,2026-04-02,2025-08-27
2883,477,477,52,84.1,66.7,50.0,63.8,B,recommended,일부 조건에서 조율이 필요할 수 있습니다.,,,2025-06-27
2884,477,477,911,86.2,66.7,50.0,70.7,B+,recommended,전반적으로 좋은 매칭입니다.,,,2025-09-30
2885,477,477,614,73.2,33.3,50.0,50.0,C,recommended,추가 교육이나 지원이 필요할 수 있습니다.,,,2025-02-27
2886,477,477,703,79.3,0.0,50.0,42.7,C,cancelled,추가 교육이나 지원이 필요할 수 있습니다.,,,2025-08-29
2887,477,477,379,81.4,33.3,75.0,56.4,C,selected,추가 교육이나 지원이 필요할 수 있습니다.,,,2025-09-23
2888,478,478,649,79.0,50.0,75.0,64.8,B,selected,일부 조건에서 조율이 필요할 수 있습니다.,,,2024-12-09
2889,478,478,506,78.0,25.0,20.0,43.5,C,completed,다른 후보도 함께 검토해 보시기 바랍니다.,2025-02-02,2025-07-27,2025-11-06
2890,478,478,442,79.1,25.0,75.0,51.8,C,completed,다른 후보도 함께 검토해 보시기 바랍니다.,2024-12-21,2025-02-14,2025-03-09
2891,478,478,915,71.5,25.0,100.0,58.4,C,recommended,일부 조건 불일치가 있어 확인이 필요합니다.,,,2024-11-08
2892,478,478,282,73.3,50.0,75.0,62.4,B,completed,기본적인 케어 역량을 갖추고 있습니다.,2025-04-06,2025-05-11,2024-11-09
2893,479,479,857,66.6,0.0,75.0,38.2,C,completed,다른 후보도 함께 검토해 보시기 바랍니다.,2025-07-22,2026-01-14,2025-06-24
2894,479,479,935,81.6,66.7,75.0,77.5,B+,completed,성격 궁합이 양호하며 적응이 빠를 것으로 예상됩니다.,2025-06-26,2025-08-07,2025-02-06
2895,479,479,444,83.1,33.3,20.0,45.2,C,recommended,일부 조건 불일치가 있어 확인이 필요합니다.,,,2024-10-24
2896,479,479,989,84.4,0.0,75.0,45.1,C,completed,일부 조건 불일치가 있어 확인이 필요합니다.,2025-02-14,2025-03-27,2025-05-06
2897,480,480,280,66.3,33.3,75.0,54.4,C,selected,추가 교육이나 지원이 필요할 수 있습니다.,,,2025-07-09
2898,480,480,6,79.9,0.0,50.0,38.1,C,recommended,일부 조건 불일치가 있어 확인이 필요합니다.,,,2025-01-05
2899,480,480,417,78.7,66.7,75.0,71.1,B+,selected,주요 질환에 대한 케어 경험이 있습니다.,,,2025-08-03
2900,480,480,213,81.0,0.0,75.0,42.3,C,recommended,다른 후보도 함께 검토해 보시기 바랍니다.,,,2025-08-05
2901,480,480,20,87.1,33.3,75.0,58.2,C,recommended,다른 후보도 함께 검토해 보시기 바랍니다.,,,2024-11-19
2902,480,480,801,70.7,0.0,75.0,45.6,C,completed,다른 후보도 함께 검토해 보시기 바랍니다.,2025-03-07,2025-09-03,2025-01-05
2903,481,481,488,79.5,25.0,50.0,48.8,C,recommended,다른 후보도 함께 검토해 보시기 바랍니다.,,,2025-09-10
2904,481,481,953,84.6,0.0,75.0,48.0,C,recommended,일부 조건 불일치가 있어 확인이 필요합니다.,,,2025-03-16
2905,481,481,572,74.3,50.0,75.0,61.9,B,active,적응 기간이 다소 필요할 수 있습니다.,2025-08-02,,2025-05-11
2906,481,481,13,72.9,25.0,75.0,51.8,C,recommended,추가 교육이나 지원이 필요할 수 있습니다.,,,2024-12-23
2907,481,481,352,76.8,50.0,75.0,69.1,B,cancelled,기본적인 케어 역량을 갖추고 있습니다.,,,2025-01-07
2908,481,481,349,87.2,0.0,50.0,42.9,C,recommended,다른 후보도 함께 검토해 보시기 바랍니다.,,,2025-10-15
2909,481,481,328,81.4,25.0,75.0,54.3,C,recommended,일부 조건 불일치가 있어 확인이 필요합니다.,,,2025-05-21
2910,482,482,299,82.8,25.0,75.0,53.0,C,recommended,일부 조건 불일치가 있어 확인이 필요합니다.,,,2025-01-31
2911,482,482,769,81.8,25.0,75.0,54.1,C,recommended,다른 후보도 함께 검토해 보시기 바랍니다.,,,2025-02-10
2912,482,482,323,76.2,0.0,75.0,44.7,C,recommended,추가 교육이나 지원이 필요할 수 있습니다.,,,2024-11-07
2913,482,482,463,81.1,25.0,100.0,68.1,B,completed,기본적인 케어 역량을 갖추고 있습니다.,2025-01-17,2025-06-21,2025-05-18
2914,482,482,691,77.5,25.0,100.0,60.9,B,cancelled,기본적인 케어 역량을 갖추고 있습니다.,,,2025-10-08
2915,482,482,479,82.3,25.0,75.0,56.5,C,recommended,추가 교육이나 지원이 필요할 수 있습니다.,,,2025-10-01
2916,483,483,297,79.5,50.0,75.0,67.1,B,completed,일부 조건에서 조율이 필요할 수 있습니다.,2025-05-01,2025-07-25,2025-01-24
2917,483,483,183,88.6,0.0,75.0,51.1,C,completed,일부 조건 불일치가 있어 확인이 필요합니다.,2024-12-08,2025-03-29,2025-02-25
2918,483,483,886,79.8,0.0,75.0,50.3,C,completed,다른 후보도 함께 검토해 보시기 바랍니다.,2025-02-17,2025-07-15,2025-04-10
2919,483,483,163,69.1,25.0,75.0,51.9,C,recommended,추가 교육이나 지원이 필요할 수 있습니다.,,,2025-02-27
2920,483,483,786,89.3,25.0,100.0,69.6,B,recommended,일부 조건에서 조율이 필요할 수 있습니다.,,,2024-12-26
2921,483,483,797,75.8,25.0,50.0,45.7,C,recommended,추가 교육이나 지원이 필요할 수 있습니다.,,,2025-05-14
2922,483,483,753,81.3,25.0,75.0,58.0,C,completed,다른 후보도 함께 검토해 보시기 바랍니다.,2025-03-28,2025-08-12,2025-08-22
2923,483,483,411,78.8,25.0,75.0,53.6,C,completed,추가 교육이나 지원이 필요할 수 있습니다.,2024-12-20,2025-05-27,2025-01-24
2924,484,484,333,72.9,25.0,75.0,55.0,C,recommended,다른 후보도 함께 검토해 보시기 바랍니다.,,,2024-12-11
2925,484,484,625,85.7,25.0,75.0,54.7,C,recommended,다른 후보도 함께 검토해 보시기 바랍니다.,,,2025-11-15
2926,484,484,256,80.3,50.0,75.0,69.3,B,completed,적응 기간이 다소 필요할 수 있습니다.,2024-11-28,2025-04-06,2025-03-10
2927,484,484,171,87.3,0.0,50.0,42.6,C,completed,다른 후보도 함께 검토해 보시기 바랍니다.,2025-06-28,2025-09-10,2024-11-27
2928,485,485,301,75.1,50.0,75.0,65.8,B,cancelled,일부 조건에서 조율이 필요할 수 있습니다.,,,2025-07-24
2929,485,485,67,72.4,0.0,50.0,39.7,C,completed,추가 교육이나 지원이 필요할 수 있습니다.,2025-03-15,2025-06-14,2025-04-04
2930,485,485,916,74.2,0.0,50.0,41.5,C,recommended,다른 후보도 함께 검토해 보시기 바랍니다.,,,2025-09-06
2931,485,485,32,75.0,50.0,75.0,62.5,B,active,기본적인 케어 역량을 갖추고 있습니다.,2025-09-23,,2024-11-08
2932,485,485,212,65.7,25.0,75.0,47.1,C,active,일부 조건 불일치가 있어 확인이 필요합니다.,2025-04-03,,2025-03-31
2933,486,486,73,83.6,50.0,75.0,68.4,B,recommended,적응 기간이 다소 필요할 수 있습니다.,,,2024-10-25
2934,486,486,802,91.9,25.0,75.0,62.0,B,active,적응 기간이 다소 필요할 수 있습니다.,2025-01-28,,2025-11-14
2935,486,486,428,84.0,50.0,75.0,67.5,B,completed,일부 조건에서 조율이 필요할 수 있습니다.,2025-09-28,2026-01-10,2024-11-20
2936,486,486,981,72.4,25.0,75.0,53.1,C,recommended,일부 조건 불일치가 있어 확인이 필요합니다.,,,2025-01-08
2937,486,486,267,93.9,75.0,75.0,83.1,A,completed,전문분야 일치도가 높고 케어 경험이 풍부합니다.,2025-03-23,2025-05-23,2025-09-13
2938,486,486,905,81.3,25.0,75.0,59.7,C,selected,추가 교육이나 지원이 필요할 수 있습니다.,,,2024-11-22
2939,486,486,734,76.8,25.0,50.0,46.1,C,cancelled,다른 후보도 함께 검토해 보시기 바랍니다.,,,2024-12-25
2940,487,487,146,81.5,33.3,20.0,44.5,C,recommended,다른 후보도 함께 검토해 보시기 바랍니다.,,,2025-01-02
2941,487,487,935,91.2,33.3,20.0,52.2,C,recommended,다른 후보도 함께 검토해 보시기 바랍니다.,,,2024-11-28
2942,487,487,249,95.2,33.3,20.0,51.6,C,selected,추가 교육이나 지원이 필요할 수 있습니다.,,,2024-11-04
2943,487,487,815,78.8,0.0,20.0,30.2,C,recommended,다른 후보도 함께 검토해 보시기 바랍니다.,,,2024-12-09
2944,487,487,495,83.2,33.3,20.0,46.9,C,completed,일부 조건 불일치가 있어 확인이 필요합니다.,2025-03-12,2025-06-16,2025-07-09
2945,487,487,216,79.2,66.7,20.0,55.9,C,completed,추가 교육이나 지원이 필요할 수 있습니다.,2025-06-03,2025-07-09,2025-05-21
2946,488,488,315,77.4,25.0,75.0,53.9,C,recommended,일부 조건 불일치가 있어 확인이 필요합니다.,,,2025-04-15
2947,488,488,968,82.2,50.0,75.0,69.3,B,active,적응 기간이 다소 필요할 수 있습니다.,2025-08-10,,2024-12-06
2948,488,488,734,81.3,25.0,50.0,47.2,C,selected,일부 조건 불일치가 있어 확인이 필요합니다.,,,2025-06-30
2949,488,488,163,76.2,50.0,75.0,69.0,B,selected,일부 조건에서 조율이 필요할 수 있습니다.,,,2025-01-04
2950,488,488,582,86.6,25.0,75.0,56.3,C,cancelled,추가 교육이나 지원이 필요할 수 있습니다.,,,2025-02-01
2951,488,488,650,86.5,25.0,50.0,50.8,C,completed,다른 후보도 함께 검토해 보시기 바랍니다.,2025-01-02,2025-02-04,2025-05-24
2952,489,489,416,78.8,33.3,75.0,56.2,C,active,다른 후보도 함께 검토해 보시기 바랍니다.,2025-02-14,,2025-03-04
2953,489,489,489,71.5,0.0,50.0,36.3,C,completed,일부 조건 불일치가 있어 확인이 필요합니다.,2025-02-22,2025-05-06,2025-03-25
2954,489,489,634,80.3,0.0,50.0,35.7,C,recommended,추가 교육이나 지원이 필요할 수 있습니다.,,,2025-06-04
2955,489,489,922,66.8,0.0,50.0,33.1,C,cancelled,추가 교육이나 지원이 필요할 수 있습니다.,,,2025-08-04
2956,489,489,175,77.2,33.3,50.0,49.4,C,active,일부 조건 불일치가 있어 확인이 필요합니다.,2024-12-21,,2025-09-26
2957,489,489,996,60.0,0.0,50.0,35.0,C,completed,다른 후보도 함께 검토해 보시기 바랍니다.,2025-04-29,2025-10-03,2025-02-08
2958,489,489,353,67.6,100.0,50.0,79.6,B+,completed,전반적으로 좋은 매칭입니다.,2025-02-02,2025-05-01,2025-08-15
2959,489,489,660,73.2,0.0,50.0,37.1,C,recommended,추가 교육이나 지원이 필요할 수 있습니다.,,,2025-06-11
2960,490,490,69,70.7,75.0,20.0,63.5,B,completed,적응 기간이 다소 필요할 수 있습니다.,2025-09-30,2026-02-21,2025-03-04
2961,490,490,278,70.3,25.0,50.0,50.1,C,recommended,추가 교육이나 지원이 필요할 수 있습니다.,,,2024-12-08
2962,490,490,567,71.6,75.0,50.0,71.9,B+,recommended,주요 질환에 대한 케어 경험이 있습니다.,,,2025-08-02
2963,490,490,985,75.8,25.0,50.0,50.9,C,recommended,다른 후보도 함께 검토해 보시기 바랍니다.,,,2025-08-28
2964,490,490,548,77.8,25.0,50.0,45.1,C,cancelled,일부 조건 불일치가 있어 확인이 필요합니다.,,,2025-07-13
2965,490,490,867,79.6,25.0,75.0,57.1,C,completed,일부 조건 불일치가 있어 확인이 필요합니다.,2025-09-12,2025-11-29,2025-10-25
2966,490,490,760,79.3,0.0,50.0,40.5,C,completed,추가 교육이나 지원이 필요할 수 있습니다.,2025-09-27,2025-12-19,2025-07-25
2967,490,490,551,70.4,0.0,75.0,43.2,C,completed,추가 교육이나 지원이 필요할 수 있습니다.,2025-09-08,2026-02-22,2025-06-16
2968,491,491,490,73.1,0.0,20.0,27.6,C,selected,일부 조건 불일치가 있어 확인이 필요합니다.,,,2025-01-29
2969,491,491,120,77.2,33.3,20.0,42.5,C,cancelled,다른 후보도 함께 검토해 보시기 바랍니다.,,,2025-06-26
2970,491,491,453,84.6,33.3,20.0,48.6,C,recommended,일부 조건 불일치가 있어 확인이 필요합니다.,,,2025-04-20
2971,491,491,86,92.2,33.3,20.0,54.2,C,recommended,추가 교육이나 지원이 필요할 수 있습니다.,,,2024-11-23
2972,491,491,488,77.0,33.3,20.0,49.2,C,recommended,일부 조건 불일치가 있어 확인이 필요합니다.,,,2025-08-19
2973,492,492,826,82.1,75.0,50.0,70.3,B+,completed,전반적으로 좋은 매칭입니다.,2025-06-12,2025-11-15,2025-08-28
2974,492,492,651,82.5,25.0,50.0,51.5,C,completed,다른 후보도 함께 검토해 보시기 바랍니다.,2024-12-02,2025-03-18,2025-02-27
2975,492,492,630,78.6,25.0,50.0,51.8,C,recommended,일부 조건 불일치가 있어 확인이 필요합니다.,,,2025-06-21
2976,492,492,774,77.7,25.0,75.0,57.2,C,recommended,추가 교육이나 지원이 필요할 수 있습니다.,,,2024-11-04
2977,492,492,468,85.8,100.0,75.0,93.2,A+,completed,환자 맞춤형 케어가 가능한 최적의 매칭입니다.,2025-02-21,2025-03-24,2025-03-11
2978,492,492,1,71.3,0.0,75.0,40.5,C,recommended,다른 후보도 함께 검토해 보시기 바랍니다.,,,2024-12-17
2979,492,492,258,85.3,25.0,20.0,42.9,C,completed,일부 조건 불일치가 있어 확인이 필요합니다.,2025-03-16,2025-07-11,2024-12-10
2980,492,492,773,79.6,25.0,50.0,47.3,C,cancelled,추가 교육이나 지원이 필요할 수 있습니다.,,,2024-11-01
2981,493,493,219,79.8,50.0,50.0,63.1,B,selected,일부 조건에서 조율이 필요할 수 있습니다.,,,2025-10-05
2982,493,493,315,71.5,50.0,75.0,65.6,B,recommended,적응 기간이 다소 필요할 수 있습니다.,,,2025-08-11
2983,493,493,514,83.9,25.0,50.0,52.6,C,completed,추가 교육이나 지원이 필요할 수 있습니다.,2025-08-10,2025-11-30,2025-08-20
2984,493,493,313,85.5,25.0,75.0,62.2,B,completed,일부 조건에서 조율이 필요할 수 있습니다.,2024-12-20,2025-02-28,2025-03-07
2985,493,493,328,72.2,0.0,75.0,45.0,C,selected,다른 후보도 함께 검토해 보시기 바랍니다.,,,2024-10-23
2986,494,494,235,74.7,33.3,75.0,61.6,B,cancelled,일부 조건에서 조율이 필요할 수 있습니다.,,,2025-09-13
2987,494,494,956,74.7,0.0,50.0,36.7,C,recommended,일부 조건 불일치가 있어 확인이 필요합니다.,,,2025-05-29
2988,494,494,270,72.5,66.7,75.0,74.1,B+,active,성격 궁합이 양호하며 적응이 빠를 것으로 예상됩니다.,2025-05-20,,2025-06-22
2989,494,494,484,68.0,0.0,75.0,41.8,C,completed,추가 교육이나 지원이 필요할 수 있습니다.,2025-04-10,2025-08-24,2024-11-01
2990,494,494,957,72.9,33.3,75.0,62.3,B,completed,일부 조건에서 조율이 필요할 수 있습니다.,2025-04-30,2025-07-04,2024-10-30
2991,494,494,877,79.2,0.0,75.0,43.5,C,recommended,일부 조건 불일치가 있어 확인이 필요합니다.,,,2024-11-25
2992,495,495,302,93.5,0.0,75.0,54.4,C,completed,일부 조건 불일치가 있어 확인이 필요합니다.,2025-05-15,2025-11-03,2024-11-13
2993,495,495,853,87.5,0.0,75.0,50.5,C,selected,다른 후보도 함께 검토해 보시기 바랍니다.,,,2025-07-09
2994,495,495,383,86.0,66.7,75.0,71.6,B+,selected,주요 질환에 대한 케어 경험이 있습니다.,,,2025-09-05
2995,495,495,25,87.5,33.3,75.0,61.0,B,recommended,일부 조건에서 조율이 필요할 수 있습니다.,,,2024-11-22
2996,495,495,330,94.4,66.7,50.0,73.1,B+,completed,전반적으로 좋은 매칭입니다.,2025-10-05,2026-02-11,2024-11-30
2997,495,495,438,78.2,33.3,75.0,64.3,B,recommended,적응 기간이 다소 필요할 수 있습니다.,,,2025-05-18
2998,496,496,104,76.1,25.0,50.0,46.9,C,recommended,다른 후보도 함께 검토해 보시기 바랍니다.,,,2025-04-16
2999,496,496,58,80.5,75.0,50.0,74.9,B+,recommended,주요 질환에 대한 케어 경험이 있습니다.,,,2025-03-30
3000,496,496,655,73.3,75.0,75.0,70.8,B+,completed,전반적으로 좋은 매칭입니다.,2025-09-21,2026-01-12,2025-04-29
3001,496,496,351,69.4,25.0,50.0,47.7,C,active,추가 교육이나 지원이 필요할 수 있습니다.,2025-01-08,,2025-02-12
3002,497,497,449,89.2,25.0,50.0,54.2,C,completed,일부 조건 불일치가 있어 확인이 필요합니다.,2025-06-17,2025-12-06,2025-06-30
3003,497,497,252,78.9,0.0,75.0,49.1,C,recommended,추가 교육이나 지원이 필요할 수 있습니다.,,,2024-12-03
3004,497,497,336,78.2,25.0,50.0,52.0,C,active,다른 후보도 함께 검토해 보시기 바랍니다.,2025-05-21,,2024-10-27
3005,497,497,587,89.4,50.0,50.0,63.3,B,active,기본적인 케어 역량을 갖추고 있습니다.,2025-07-11,,2025-06-15
3006,498,498,234,71.9,50.0,75.0,66.0,B,completed,기본적인 케어 역량을 갖추고 있습니다.,2025-06-20,2025-07-25,2025-09-26
3007,498,498,472,76.8,50.0,75.0,64.6,B,completed,적응 기간이 다소 필요할 수 있습니다.,2025-02-21,2025-04-04,2025-10-27
3008,498,498,371,77.7,25.0,50.0,48.4,C,recommended,일부 조건 불일치가 있어 확인이 필요합니다.,,,2025-04-17
3009,498,498,342,86.4,50.0,75.0,74.0,B+,completed,전반적으로 좋은 매칭입니다.,2025-02-12,2025-06-05,2025-03-20
3010,498,498,204,81.5,0.0,75.0,48.6,C,recommended,일부 조건 불일치가 있어 확인이 필요합니다.,,,2025-10-19
3011,498,498,694,82.7,50.0,75.0,68.4,B,active,기본적인 케어 역량을 갖추고 있습니다.,2025-01-16,,2025-02-27
3012,498,498,995,77.4,50.0,75.0,62.4,B,recommended,적응 기간이 다소 필요할 수 있습니다.,,,2025-10-13
3013,499,499,945,84.6,100.0,75.0,90.2,A+,selected,환자 맞춤형 케어가 가능한 최적의 매칭입니다.,,,2025-04-02
3014,499,499,480,84.7,75.0,75.0,77.9,B+,selected,전반적으로 좋은 매칭입니다.,,,2025-09-10
3015,499,499,625,78.6,25.0,75.0,57.8,C,active,추가 교육이나 지원이 필요할 수 있습니다.,2025-09-21,,2024-12-30
3016,499,499,666,84.6,50.0,75.0,69.1,B,recommended,일부 조건에서 조율이 필요할 수 있습니다.,,,2025-03-01
3017,499,499,196,72.4,50.0,75.0,66.9,B,completed,일부 조건에서 조율이 필요할 수 있습니다.,2025-03-21,2025-04-25,2025-02-05
3018,499,499,770,78.8,50.0,75.0,69.6,B,selected,기본적인 케어 역량을 갖추고 있습니다.,,,2025-11-22
3019,499,499,75,73.7,25.0,75.0,51.8,C,recommended,다른 후보도 함께 검토해 보시기 바랍니다.,,,2025-09-10
3020,499,499,786,74.9,25.0,75.0,52.5,C,completed,일부 조건 불일치가 있어 확인이 필요합니다.,2025-07-06,2026-01-01,2024-10-29
3021,500,500,789,86.5,100.0,75.0,93.0,A+,selected,모든 조건이 탁월하게 일치합니다.,,,2025-02-04
3022,500,500,842,76.4,50.0,50.0,55.8,C,recommended,추가 교육이나 지원이 필요할 수 있습니다.,,,2025-08-13
3023,500,500,589,76.9,25.0,75.0,53.8,C,active,추가 교육이나 지원이 필요할 수 있습니다.,2025-09-07,,2025-02-26
3024,500,500,948,75.7,25.0,75.0,56.3,C,recommended,추가 교육이나 지원이 필요할 수 있습니다.,,,2024-10-23
3025,500,500,364,76.6,50.0,75.0,61.8,B,recommended,일부 조건에서 조율이 필요할 수 있습니다.,,,2025-10-22
